{"target_qps": 6.0, "actual_qps": 4.930693924492409, "success_rate": 100.0, "input_tokens": 250, "output_tokens": 299, "model": "meta-llama/Llama-3.1-8B-Instruct", "input_tokens_per_minute": 90078.04195804197, "output_tokens_per_minute": 107899.3006993007, "Latency": {"unit": "s", "min": 2.3756398109835573, "p50": 2.7700585589627735, "p90": 4.834802331490209, "p95": 5.935037670249585, "p99": 10.764394574493021, "max": 12.356937921023928}, "Throughput": {"unit": "tokens/s", "min": 24.27785928175491, "p50": 108.2754946527964, "p90": 113.93403330076379, "p95": 115.13430517891314, "p99": 117.26398164319711, "max": 118.13277307042314}, "TTFT": {"unit": "s", "min": 0.041422022972255945, "p50": 0.14794334597536363, "p90": 0.3498247870011255, "p95": 0.5422341142402729, "p99": 1.6832804090139462, "max": 3.620763804006856}, "TPOT": {"unit": "ms", "min": 8.089168702351882, "p50": 8.747499685712707, "p90": 15.523485645471158, "p95": 18.846387679645417, "p99": 32.834819321398754, "max": 39.56035842140202}, "Input Tokens per Minute": {"unit": "tokens/min", "min": 90078.04195804197, "p50": 90078.04195804197, "p90": 90078.04195804197, "p95": 90078.04195804197, "p99": 90078.04195804197, "max": 90078.04195804197}, "Output Tokens per Minute": {"unit": "tokens/min", "min": 107899.3006993007, "p50": 107899.3006993007, "p90": 107899.3006993007, "p95": 107899.3006993007, "p99": 107899.3006993007, "max": 107899.3006993007}}
{"target_qps": 6.0, "actual_qps": 4.722135021152596, "success_rate": 100.0, "input_tokens": 171, "output_tokens": 298, "model": "meta-llama/Llama-3.1-8B-Instruct", "input_tokens_per_minute": 61916.086956521736, "output_tokens_per_minute": 107521.30434782608, "Latency": {"unit": "s", "min": 1.3247207310050726, "p50": 2.758641856984468, "p90": 4.35034862649627, "p95": 5.514039309477084, "p99": 8.372050895748544, "max": 12.390485416981392}, "Throughput": {"unit": "tokens/s", "min": 24.212126474790438, "p50": 108.69143869562444, "p90": 114.73288670008199, "p95": 115.77924380986705, "p99": 117.41704364729411, "max": 120.42187762484608}, "TTFT": {"unit": "s", "min": 0.020480209030210972, "p50": 0.13701074200798757, "p90": 0.3125902260071598, "p95": 0.4519851895311149, "p99": 1.0025982469960582, "max": 2.0098641740041785}, "TPOT": {"unit": "ms", "min": 8.116110284262987, "p50": 8.743842938147099, "p90": 12.862355996606198, "p95": 17.058636588636276, "p99": 26.50566369224648, "max": 39.53748144482708}, "Input Tokens per Minute": {"unit": "tokens/min", "min": 61916.086956521736, "p50": 61916.086956521736, "p90": 61916.086956521736, "p95": 61916.086956521736, "p99": 61916.086956521736, "max": 61916.086956521736}, "Output Tokens per Minute": {"unit": "tokens/min", "min": 107521.30434782608, "p50": 107521.30434782608, "p90": 107521.30434782608, "p95": 107521.30434782608, "p99": 107521.30434782608, "max": 107521.30434782608}}
{"target_qps": 6.0, "actual_qps": 4.798414915221929, "success_rate": 100.0, "input_tokens": 233, "output_tokens": 298, "model": "meta-llama/Llama-3.1-8B-Instruct", "input_tokens_per_minute": 83883.88489208632, "output_tokens_per_minute": 107510.5035971223, "Latency": {"unit": "s", "min": 0.4898894060170278, "p50": 2.706576528522419, "p90": 4.020657845929963, "p95": 5.172176830132957, "p99": 6.8893841165723355, "max": 8.314951556967571}, "Throughput": {"unit": "tokens/s", "min": 36.07958482315065, "p50": 110.69796423532468, "p90": 114.93502535613959, "p95": 116.05840926013664, "p99": 118.09453227904481, "max": 119.78513464740385}, "TTFT": {"unit": "s", "min": 0.030902597995009273, "p50": 0.13521233151550405, "p90": 0.2962813181045935, "p95": 0.47877919218153686, "p99": 1.0529163758555693, "max": 1.9290881479973905}, "TPOT": {"unit": "ms", "min": 7.656178045594556, "p50": 8.592446974944323, "p90": 13.09556434125473, "p95": 16.099183369322017, "p99": 19.82646970721368, "max": 23.838710378003572}, "Input Tokens per Minute": {"unit": "tokens/min", "min": 83883.88489208632, "p50": 83883.88489208632, "p90": 83883.88489208632, "p95": 83883.88489208632, "p99": 83883.88489208632, "max": 83883.88489208632}, "Output Tokens per Minute": {"unit": "tokens/min", "min": 107510.5035971223, "p50": 107510.5035971223, "p90": 107510.5035971223, "p95": 107510.5035971223, "p99": 107510.5035971223, "max": 107510.5035971223}}
{"target_qps": 6.0, "actual_qps": 4.852007575251842, "success_rate": 100.0, "input_tokens": 210, "output_tokens": 299, "model": "meta-llama/Llama-3.1-8B-Instruct", "input_tokens_per_minute": 75625.17482517484, "output_tokens_per_minute": 107948.39160839161, "Latency": {"unit": "s", "min": 2.324977483949624, "p50": 2.7357328940124717, "p90": 4.7531173564784694, "p95": 5.058612210734282, "p99": 7.279395090352044, "max": 7.973000826023053}, "Throughput": {"unit": "tokens/s", "min": 37.62698719669399, "p50": 109.65983612001331, "p90": 114.53365844500401, "p95": 116.2138018142117, "p99": 118.92428326534905, "max": 121.486482554031}, "TTFT": {"unit": "s", "min": 0.032438869995530695, "p50": 0.1429034915054217, "p90": 0.2875570570176933, "p95": 0.4890818752319319, "p99": 0.780242234500471, "max": 1.2890388009836897}, "TPOT": {"unit": "ms", "min": 7.845130280854748, "p50": 8.634358518433768, "p90": 15.472903747437055, "p95": 16.08374969397958, "p99": 23.686913767732975, "max": 24.00619605007927}, "Input Tokens per Minute": {"unit": "tokens/min", "min": 75625.17482517484, "p50": 75625.17482517484, "p90": 75625.17482517484, "p95": 75625.17482517484, "p99": 75625.17482517484, "max": 75625.17482517484}, "Output Tokens per Minute": {"unit": "tokens/min", "min": 107948.39160839161, "p50": 107948.39160839161, "p90": 107948.39160839161, "p95": 107948.39160839161, "p99": 107948.39160839161, "max": 107948.39160839161}}
{"target_qps": 6.0, "actual_qps": 4.978504728394471, "success_rate": 100.0, "input_tokens": 176, "output_tokens": 299, "model": "meta-llama/Llama-3.1-8B-Instruct", "input_tokens_per_minute": 63545.27687296417, "output_tokens_per_minute": 107654.07166123779, "Latency": {"unit": "s", "min": 1.141234757960774, "p50": 2.805882456013933, "p90": 4.942310506792275, "p95": 6.467241682310121, "p99": 11.948139821353832, "max": 12.47083729802398}, "Throughput": {"unit": "tokens/s", "min": 24.056123324416667, "p50": 106.91446798447093, "p90": 113.56756228344892, "p95": 114.72423533176868, "p99": 116.71684027072969, "max": 120.10601628492492}, "TTFT": {"unit": "s", "min": 0.019803870003670454, "p50": 0.13951700198231265, "p90": 0.2520154260098943, "p95": 0.49099603220238347, "p99": 0.9283271871693426, "max": 2.8809452499845065}, "TPOT": {"unit": "ms", "min": 8.15633309025467, "p50": 8.91121838807929, "p90": 16.005744834128382, "p95": 18.34738734047813, "p99": 37.709330326918796, "max": 41.175093444766645}, "Input Tokens per Minute": {"unit": "tokens/min", "min": 63545.27687296417, "p50": 63545.27687296417, "p90": 63545.27687296417, "p95": 63545.27687296417, "p99": 63545.27687296417, "max": 63545.27687296417}, "Output Tokens per Minute": {"unit": "tokens/min", "min": 107654.07166123779, "p50": 107654.07166123779, "p90": 107654.07166123779, "p95": 107654.07166123779, "p99": 107654.07166123779, "max": 107654.07166123779}}
{"target_qps": 6.0, "actual_qps": 5.089196440984412, "success_rate": 100.0, "input_tokens": 241, "output_tokens": 299, "model": "meta-llama/Llama-3.1-8B-Instruct", "input_tokens_per_minute": 86928.15789473684, "output_tokens_per_minute": 107950.26315789473, "Latency": {"unit": "s", "min": 2.414371741004288, "p50": 2.764336075022584, "p90": 3.7747733123251237, "p95": 5.496803998714313, "p99": 9.382219241284762, "max": 12.385352422017604}, "Throughput": {"unit": "tokens/s", "min": 24.222160967069943, "p50": 108.44969012199623, "p90": 114.21526087826851, "p95": 115.02468659592512, "p99": 116.6334392434967, "max": 118.50329499234178}, "TTFT": {"unit": "s", "min": 0.01968254998791963, "p50": 0.12462007251451723, "p90": 0.25993083390058, "p95": 0.36946942398790233, "p99": 0.6193870305630829, "max": 1.3814531749812886}, "TPOT": {"unit": "ms",