{"target_qps": 4.5, "actual_qps": 3.915429448191502, "success_rate": 100.0, "input_tokens": 235, "output_tokens": 298, "model": "meta-llama/Llama-3.1-8B-Instruct", "input_tokens_per_minute": 63565.5223880597, "output_tokens_per_minute": 80700.44776119402, "Latency": {"unit": "s", "min": 1.7474667910137214, "p50": 2.6553676949697547, "p90": 4.964650153007824, "p95": 5.684357180027291, "p99": 15.203772007022053, "max": 21.126574095978867}, "Throughput": {"unit": "tokens/s", "min": 14.200125332062267, "p50": 112.91641642280621, "p90": 118.15614718702992, "p95": 119.30864562713656, "p99": 120.63244653169448, "max": 122.14682140902758}, "TTFT": {"unit": "s", "min": 0.027796579990535975, "p50": 0.14509493397781625, "p90": 0.3995278319926001, "p95": 0.5276111530256458, "p99": 0.9532697839895263, "max": 1.3731663329526782}, "TPOT": {"unit": "ms", "min": 7.97564666219878, "p50": 8.344117321158109, "p90": 15.606973518424335, "p95": 16.82304439814699, "p99": 47.98593585294544, "max": 67.46924519059979}, "Input Tokens per Minute": {"unit": "tokens/min", "min": 63565.5223880597, "p50": 63565.5223880597, "p90": 63565.5223880597, "p95": 63565.5223880597, "p99": 63565.5223880597, "max": 63565.5223880597}, "Output Tokens per Minute": {"unit": "tokens/min", "min": 80700.44776119402, "p50": 80700.44776119402, "p90": 80700.44776119402, "p95": 80700.44776119402, "p99": 80700.44776119402, "max": 80700.44776119402}}
{"target_qps": 4.5, "actual_qps": 3.7832036491545975, "success_rate": 100.0, "input_tokens": 205, "output_tokens": 298, "model": "meta-llama/Llama-3.1-8B-Instruct", "input_tokens_per_minute": 55520.45454545455, "output_tokens_per_minute": 80522.72727272728, "Latency": {"unit": "s", "min": 1.2740829679532908, "p50": 2.647263524500886, "p90": 5.109672190720448, "p95": 5.634348189787124, "p99": 15.65965490071511, "max": 22.632394885004032}, "Throughput": {"unit": "tokens/s", "min": 13.255336058084449, "p50": 112.75100302864321, "p90": 118.76100891243873, "p95": 119.6700638782693, "p99": 120.71847951493412, "max": 120.97389233743318}, "TTFT": {"unit": "s", "min": 0.024258306017145514, "p50": 0.13990691097569652, "p90": 0.372650104406057, "p95": 0.4990393290645441, "p99": 1.0558498933666853, "max": 1.312622683995869}, "TPOT": {"unit": "ms", "min": 7.8911712709705295, "p50": 8.343913180661703, "p90": 15.598821317069204, "p95": 17.07386013340784, "p99": 51.97566545043176, "max": 73.88305287951461}, "Input Tokens per Minute": {"unit": "tokens/min", "min": 55520.45454545455, "p50": 55520.45454545455, "p90": 55520.45454545455, "p95": 55520.45454545455, "p99": 55520.45454545455, "max": 55520.45454545455}, "Output Tokens per Minute": {"unit": "tokens/min", "min": 80522.72727272728, "p50": 80522.72727272728, "p90": 80522.72727272728, "p95": 80522.72727272728, "p99": 80522.72727272728, "max": 80522.72727272728}}
{"target_qps": 4.5, "actual_qps": 4.164162866303301, "success_rate": 100.0, "input_tokens": 295, "output_tokens": 297, "model": "meta-llama/Llama-3.1-8B-Instruct", "input_tokens_per_minute": 79683.19672131148, "output_tokens_per_minute": 80248.64754098361, "Latency": {"unit": "s", "min": 1.3314605740015395, "p50": 2.7260872084880248, "p90": 21.775025335681857, "p95": 23.63663402066158, "p99": 33.562691950431315, "max": 34.803326788998675}, "Throughput": {"unit": "tokens/s", "min": 7.643634992992574, "p50": 109.96234953877693, "p90": 115.70464238263567, "p95": 116.64734359500893, "p99": 121.32678796486609, "max": 124.8720221492161}, "TTFT": {"unit": "s", "min": 0.029956574027892202, "p50": 0.17917251700419, "p90": 2.5551324809261136, "p95": 3.911505678182584, "p99": 5.893691984522736, "max": 6.767673402035143}, "TPOT": {"unit": "ms", "min": 7.818584033501425, "p50": 8.593649981581578, "p90": 68.98369231139836, "p95": 76.22697906664949, "p99": 94.12057593811566, "max": 98.44984723734716}, "Input Tokens per Minute": {"unit": "tokens/min", "min": 79683.19672131148, "p50": 79683.19672131148, "p90": 79683.19672131148, "p95": 79683.19672131148, "p99": 79683.19672131148, "max": 79683.19672131148}, "Output Tokens per Minute": {"unit": "tokens/min", "min": 80248.64754098361, "p50": 80248.64754098361, "p90": 80248.64754098361, "p95": 80248.64754098361, "p99": 80248.64754098361, "max": 80248.64754098361}}
{"target_qps": 4.5, "actual_qps": 3.558663540995128, "success_rate": 100.0, "input_tokens": 259, "output_tokens": 299, "model": "meta-llama/Llama-3.1-8B-Instruct", "input_tokens_per_minute": 70163.28947368421, "output_tokens_per_minute": 80823.55263157895, "Latency": {"unit": "s", "min": 1.4753128800075501, "p50": 2.724849472491769, "p90": 22.10290310501005, "p95": 23.778228195806147, "p99": 32.59393554952399, "max": 33.84473635395989}, "Throughput": {"unit": "tokens/s", "min": 8.864007592273637, "p50": 110.0192814942526, "p90": 115.93286504884227, "p95": 116.95941722652991, "p99": 118.0811545990151, "max": 122.55664380355789}, "TTFT": {"unit": "s", "min": 0.04104754299623892, "p50": 0.15107739449013025, "p90": 2.331207743700362, "p95": 3.4410332884784953, "p99": 6.126937987926649, "max": 8.171219523996115}, "TPOT": {"unit": "ms", "min": 7.963325464856627, "p50": 8.631667698967895, "p90": 68.6098372494805, "p95": 75.22505235822823, "p99": 97.63223649003774, "max": 101.47763079598415}, "Input Tokens per Minute": {"unit": "tokens/min", "min": 70163.28947368421, "p50": 70163.28947368421, "p90": 70163.28947368421, "p95": 70163.28947368421, "p99": 70163.28947368421, "max": 70163.28947368421}, "Output Tokens per Minute": {"unit": "tokens/min", "min": 80823.55263157895, "p50": 80823.55263157895, "p90": 80823.55263157895, "p95": 80823.55263157895, "p99": 80823.55263157895, "max": 80823.55263157895}}
{"target_qps": 4.5, "actual_qps": 3.7570433788856934, "success_rate": 100.0, "input_tokens": 238, "output_tokens": 299, "model": "meta-llama/Llama-3.1-8B-Instruct", "input_tokens_per_minute": 64325.1724137931, "output_tokens_per_minute": 80746.29310344828, "Latency": {"unit": "s", "min": 0.8523331320029683, "p50": 2.6662334364955314, "p90": 19.464706569787815, "p95": 21.463203007698755, "p99": 23.173217786050515, "max": 23.51053625298664}, "Throughput": {"unit": "tokens/s", "min": 12.760236379631271, "p50": 112.41534857670246, "p90": 118.31734159536052, "p95": 119.70809970802866, "p99": 122.67507194598596, "max": 123.90594217846984}, "TTFT": {"unit": "s", "min": 0.022422845009714365, "p50": 0.14480260148411617, "p90": 2.461406035599066, "p95": 3.4534659426833962, "p99": 4.7512432557356075, "max": 7.019570842967369}, "TPOT": {"unit": "ms", "min": 7.905166815961696, "p50": 8.506998158897893, "p90": 56.107531029094055, "p95": 64.53478134348777, "p99": 71.89777988729061, "max": 74.79343776253167}, "Input Tokens per Minute": {"unit": "tokens/min", "min": 64325.1724137931, "p50": 64325.1724137931, "p90": 64325.1724137931, "p95": 64325.1724137931, "p99": 64325.1724137931, "max": 64325.1724137931}, "Output Tokens per Minute": {"unit": "tokens/min", "min": 80746.29310344828, "p50": 80746.29310344828, "p90": 80746.29310344828, "p95": 80746.29310344828, "p99": 80746.29310344828, "max": 80746.29310344828}}
{"target_qps": 4.5, "actual_qps": 3.9043648190487517, "success_rate": 100.0, "input_tokens": 195, "output_tokens": 298, "model": "meta-llama/Llama-3.1-8B-Instruct", "input_tokens_per_minute": 52820.27027027027, "output_tokens_per_minute": 80658.24324324324, "Latency": {"unit": "s", "min": 0.3246751020196825, "p50": 2.6461961589811835, "p90": 19.864121191197775, "p95": 21.224201934502343, "p99": 23.629099278856884, "max": 24.181449497002177}, "Throughput": {"unit": "tokens/s", "min": 12.406204187105972, "p50": 113.21631826410601, "p90": 118.63932239543266, "p95": 119.48572149679701, "p99": 121.48597247628688, "max": 123.00053800171985}, "TTFT": {"unit": "s", "min": 0.01981799100758508, "p50": 0.14214278952567838, "p90": 2.1348723780130974, "p95": 3.3776957027293966, "p99": 4.829719930792343, "max": 5.826628926966805}, "TPOT": {"unit": "ms", "min": 7.496724869622958, "p50": 8.467319459918368,