{"actual_qps": 9.11427872567783, "success_rate": 100.0, "input_tokens": 4176, "output_tokens": 176, "model": "meta-llama/Llama-3.1-8B-Instruct", "input_tokens_per_minute": 1783362.1884617459, "output_tokens_per_minute": 75336.44844501854, "Latency": {"unit": "s", "min": 1.6487380620092154, "p50": 9.02805686101783, "p90": 18.186377822072245, "p95": 20.31895358749898, "p99": 30.733847315888838, "max": 35.06496948702261}, "Throughput": {"unit": "tokens/s", "min": 2.138783899982235, "p50": 18.050196091267697, "p90": 37.799072862913654, "p95": 40.56475306801822, "p99": 49.08326828534189, "max": 59.21035972910704}, "TTFT": {"unit": "s", "min": 0.34451787907164544, "p50": 4.203994023962878, "p90": 9.64074648998212, "p95": 11.905553397489712, "p99": 21.653803646052246, "max": 25.87904907297343}, "TPOT": {"unit": "ms", "min": 12.294718762859702, "p50": 25.29882440160979, "p90": 53.09112339243106, "p95": 55.24176246739325, "p99": 59.424218101049725, "max": 72.48715962270728}, "Input Tokens per Minute": {"unit": "tokens/min", "min": 1783362.1884617459, "p50": 1783362.1884617459, "p90": 1783362.1884617459, "p95": 1783362.1884617459, "p99": 1783362.1884617459, "max": 1783362.1884617459}, "Output Tokens per Minute": {"unit": "tokens/min", "min": 75336.44844501854, "p50": 75336.44844501854, "p90": 75336.44844501854, "p95": 75336.44844501854, "p99": 75336.44844501854, "max": 75336.44844501854}}
{"actual_qps": 8.36030018141923, "success_rate": 100.0, "input_tokens": 4208, "output_tokens": 179, "model": "meta-llama/Llama-3.1-8B-Instruct", "input_tokens_per_minute": 2052920.4916526761, "output_tokens_per_minute": 87432.31494640463, "Latency": {"unit": "s", "min": 2.290747402003035, "p50": 10.110078635974787, "p90": 23.100534248841, "p95": 28.19266058651264, "p99": 34.578857327853335, "max": 39.59182089706883}, "Throughput": {"unit": "tokens/s", "min": 1.1577125291468306, "p50": 16.348240638166263, "p90": 36.45433977789971, "p95": 39.541210515562604, "p99": 49.62664166196137, "max": 61.61611034918363}, "TTFT": {"unit": "s", "min": 0.4620931959943846, "p50": 5.42086431896314, "p90": 14.945992354420016, "p95": 17.827579298708574, "p99": 25.300905723266773, "max": 31.072403586935252}, "TPOT": {"unit": "ms", "min": 10.986021473346389, "p50": 20.77442054267055, "p90": 51.57284931848341, "p95": 55.83306535822222, "p99": 59.497056496200905, "max": 105.0000003511634}, "Input Tokens per Minute": {"unit": "tokens/min", "min": 2052920.4916526761, "p50": 2052920.4916526761, "p90": 2052920.4916526761, "p95": 2052920.4916526761, "p99": 2052920.4916526761, "max": 2052920.4916526761}, "Output Tokens per Minute": {"unit": "tokens/min", "min": 87432.31494640463, "p50": 87432.31494640463, "p90": 87432.31494640463, "p95": 87432.31494640463, "p99": 87432.31494640463, "max": 87432.31494640463}}
{"actual_qps": 8.204641512987884, "success_rate": 100.0, "input_tokens": 4340, "output_tokens": 181, "model": "meta-llama/Llama-3.1-8B-Instruct", "input_tokens_per_minute": 2031882.1001077327, "output_tokens_per_minute": 84971.52875155154, "Latency": {"unit": "s", "min": 3.45522959693335, "p50": 12.239024478010833, "p90": 25.918934909789826, "p95": 31.72250089305453, "p99": 36.42864580798894, "max": 49.615060759941116}, "Throughput": {"unit": "tokens/s", "min": 1.2582253352277541, "p50": 14.627195408793362, "p90": 29.380839231355285, "p95": 33.18395080276816, "p99": 42.3123292387636, "max": 57.883273568132125}, "TTFT": {"unit": "s", "min": 0.8092495249584317, "p50": 6.49218993098475, "p90": 17.307627063360997, "p95": 21.091250528686206, "p99": 25.105486852824686, "max": 39.39646032091696}, "TPOT": {"unit": "ms", "min": 11.208860642959987, "p50": 29.426189663061805, "p90": 56.73911941123691, "p95": 58.49868803932659, "p99": 65.06711648537106, "max": 80.31839142287416}, "Input Tokens per Minute": {"unit": "tokens/min", "min": 2031882.1001077327, "p50": 2031882.1001077327, "p90": 2031882.1001077327, "p95": 2031882.1001077327, "p99": 2031882.1001077327, "max": 2031882.1001077327}, "Output Tokens per Minute": {"unit": "tokens/min", "min": 84971.52875155154, "p50": 84971.52875155154, "p90": 84971.52875155154, "p95": 84971.52875155154, "p99": 84971.52875155154, "max": 84971.52875155154}}
{"actual_qps": 8.735206796722526, "success_rate": 100.0, "input_tokens": 4305, "output_tokens": 178, "model": "meta-llama/Llama-3.1-8B-Instruct", "input_tokens_per_minute": 2401697.761264395, "output_tokens_per_minute": 99702.7390201395, "Latency": {"unit": "s", "min": 2.911356096039526, "p50": 11.9593812925159, "p90": 34.26709009951446, "p95": 37.43459145972156, "p99": 39.879913218377624, "max": 41.57385491905734}, "Throughput": {"unit": "tokens/s", "min": 0.6390085402042778, "p50": 14.6042810373382, "p90": 23.490079171039845, "p95": 25.32828266439536, "p99": 27.778891277850597, "max": 29.57440438022764}, "TTFT": {"unit": "s", "min": 1.8884245690423995, "p50": 5.364226421981584, "p90": 24.054070202982984, "p95": 26.48530234550708, "p99": 28.924974225781625, "max": 30.769723172998056}, "TPOT": {"unit": "ms", "min": 16.035410746767678, "p50": 38.77699942984408, "p90": 57.7491504419829, "p95": 59.79910989839953, "p99": 68.95063340305249, "max": 87.96928381985602}, "Input Tokens per Minute": {"unit": "tokens/min", "min": 2401697.761264395, "p50": 2401697.761264395, "p90": 2401697.761264395, "p95": 2401697.761264395, "p99": 2401697.761264395, "max": 2401697.761264395}, "Output Tokens per Minute": {"unit": "tokens/min", "min": 99702.7390201395, "p50": 99702.7390201395, "p90": 99702.7390201395, "p95": 99702.7390201395, "p99": 99702.7390201395, "max": 99702.7390201395}}
{"actual_qps": 9.160909339939396, "success_rate": 100.0, "input_tokens": 4266, "output_tokens": 180, "model": "meta-llama/Llama-3.1-8B-Instruct", "input_tokens_per_minute": 2055907.5332852753, "output_tokens_per_minute": 86831.161731002, "Latency": {"unit": "s", "min": 1.3348539840662852, "p50": 12.023438547970727, "p90": 27.471831556851974, "p95": 33.342076114029624, "p99": 37.77822658359539, "max": 46.191326760919765}, "Throughput": {"unit": "tokens/s", "min": 0.7463238260748981, "p50": 14.481915147991513, "p90": 33.65323592866949, "p95": 38.13986521287318, "p99": 45.070561055909664, "max": 59.16305816259461}, "TTFT": {"unit": "s", "min": 0.5389163410291076, "p50": 6.90398974600248, "p90": 20.316659828810952, "p95": 23.636528296396136, "p99": 27.751055804439826, "max": 44.56104042602237}, "TPOT": {"unit": "ms", "min": 9.75683671843504, "p50": 26.622739989642785, "p90": 52.81563943518728, "p95": 54.91708510978868, "p99": 59.234815795593, "max": 92.31382005793206}, "Input Tokens per Minute": {"unit": "tokens/min", "min": 2055907.5332852753, "p50": 2055907.5332852753, "p90": 2055907.5332852753, "p95": 2055907.5332852753, "p99": 2055907.5332852753, "max": 2055907.5332852753}, "Output Tokens per Minute": {"unit": "tokens/min", "min": 86831.161731002, "p50": 86831.161731002, "p90": 86831.161731002, "p95": 86831.161731002, "p99": 86831.161731002, "max": 86831.161731002}}
{"actual_qps": 8.574449333352835, "success_rate": 100.0, "input_tokens": 4313, "output_tokens": 174, "model": "meta-llama/Llama-3.1-8B-Instruct", "input_tokens_per_minute": 2091414.0073799337, "output_tokens_per_minute": 84711.35752390187, "Latency": {"unit": "s", "min": 1.8218506800476462, "p50": 20.057589045492932, "p90": 41.02062597323677, "p95": 48.61537174541154, "p99": 65.3359040138137, "max": 74.13356686593033}, "Throughput": {"unit": "tokens/s", "min": 0.5638659319175685, "p50": 8.193976874018317, "p90": 15.93854994330146, "p95": 16.886656148529507, "p99": 19.585412972650424, "max": 49.6798432671205}, "TTFT": {"unit": "s", "min": 1.2024451870238408, "p50": 12.54863859602483, "p90": 31.365302280371544, "p95": 39.39239429599256, "p99": 57.048200019513, "max": 63.575273279915564}, "TPOT": {"unit": "ms", "min": 11.284332261444186, "p50": 43.01418009110549, "p90": 58.47166308568061, "p95": 65.20619095112183, "p99": 85.45342035003067, "max": 118.54412927090921},