{"actual_qps": 6.5193653441553545, "success_rate": 100.0, "input_tokens": 4183, "output_tokens": 176, "model": "meta-llama/Llama-3.1-8B-Instruct", "input_tokens_per_minute": 1520304.4156282449, "output_tokens_per_minute": 64118.78549039535, "Latency": {"unit": "s", "min": 0.548592136008665, "p50": 4.795482058019843, "p90": 12.5645832955488, "p95": 14.77527877074317, "p99": 17.88415786759579, "max": 19.271561941015534}, "Throughput": {"unit": "tokens/s", "min": 2.3438640637878856, "p50": 34.88355121822997, "p90": 60.171224168205256, "p95": 65.46591544288468, "p99": 72.16983303152176, "max": 80.44136374248224}, "TTFT": {"unit": "s", "min": 0.16473975905682892, "p50": 1.6160376615007408, "p90": 4.766901708499063, "p95": 6.96932275427389, "p99": 10.587443373363932, "max": 11.172116711968556}, "TPOT": {"unit": "ms", "min": 5.716424871934578, "p50": 18.187504736536255, "p90": 40.721756236185435, "p95": 47.30707915685837, "p99": 54.880144606707205, "max": 65.50862341969004}, "Input Tokens per Minute": {"unit": "tokens/min", "min": 1520304.4156282449, "p50": 1520304.4156282449, "p90": 1520304.4156282449, "p95": 1520304.4156282449, "p99": 1520304.4156282449, "max": 1520304.4156282449}, "Output Tokens per Minute": {"unit": "tokens/min", "min": 64118.78549039535, "p50": 64118.78549039535, "p90": 64118.78549039535, "p95": 64118.78549039535, "p99": 64118.78549039535, "max": 64118.78549039535}}
{"actual_qps": 6.149156529930603, "success_rate": 100.0, "input_tokens": 4295, "output_tokens": 179, "model": "meta-llama/Llama-3.1-8B-Instruct", "input_tokens_per_minute": 1449964.7656840712, "output_tokens_per_minute": 60747.247717489015, "Latency": {"unit": "s", "min": 0.47467611101455986, "p50": 3.960152891057078, "p90": 11.15453412597999, "p95": 12.364833767543315, "p99": 14.4760246125469, "max": 15.567684417008422}, "Throughput": {"unit": "tokens/s", "min": 3.9206901921218784, "p50": 43.72471228040347, "p90": 71.44963114913693, "p95": 77.21809104920814, "p99": 88.38125290476842, "max": 99.00473735852707}, "TTFT": {"unit": "s", "min": 0.18412083096336573, "p50": 1.0757897369912826, "p90": 4.041982801177075, "p95": 5.147579364152627, "p99": 8.17258012573119, "max": 10.189942719996907}, "TPOT": {"unit": "ms", "min": 7.702656381590357, "p50": 16.168060544211343, "p90": 38.724320953426385, "p95": 41.61345290684601, "p99": 47.865542945323796, "max": 56.245290065474315}, "Input Tokens per Minute": {"unit": "tokens/min", "min": 1449964.7656840712, "p50": 1449964.7656840712, "p90": 1449964.7656840712, "p95": 1449964.7656840712, "p99": 1449964.7656840712, "max": 1449964.7656840712}, "Output Tokens per Minute": {"unit": "tokens/min", "min": 60747.247717489015, "p50": 60747.247717489015, "p90": 60747.247717489015, "p95": 60747.247717489015, "p99": 60747.247717489015, "max": 60747.247717489015}}
{"actual_qps": 5.864318412371203, "success_rate": 100.0, "input_tokens": 4281, "output_tokens": 178, "model": "meta-llama/Llama-3.1-8B-Instruct", "input_tokens_per_minute": 1581189.6620943893, "output_tokens_per_minute": 65987.22897938525, "Latency": {"unit": "s", "min": 0.74749384901952, "p50": 3.739396984979976, "p90": 10.740739876020239, "p95": 16.314941401733076, "p99": 23.682163182779934, "max": 26.580180188990198}, "Throughput": {"unit": "tokens/s", "min": 4.768577863045454, "p50": 47.04710574236913, "p90": 68.5999676844925, "p95": 75.12695095094078, "p99": 94.5193806669178, "max": 108.8680900642023}, "TTFT": {"unit": "s", "min": 0.15551273594610393, "p50": 1.0562181435525417, "p90": 3.9311388481524783, "p95": 6.576002867886561, "p99": 16.373988228323906, "max": 21.813844984048046}, "TPOT": {"unit": "ms", "min": 8.189055954583514, "p50": 14.653519610581853, "p90": 33.88909202194235, "p95": 44.58948759325245, "p99": 55.313764830259174, "max": 58.301218231349026}, "Input Tokens per Minute": {"unit": "tokens/min", "min": 1581189.6620943893, "p50": 1581189.6620943893, "p90": 1581189.6620943893, "p95": 1581189.6620943893, "p99": 1581189.6620943893, "max": 1581189.6620943893}, "Output Tokens per Minute": {"unit": "tokens/min", "min": 65987.22897938525, "p50": 65987.22897938525, "p90": 65987.22897938525, "p95": 65987.22897938525, "p99": 65987.22897938525, "max": 65987.22897938525}}
{"actual_qps": 6.244983303536119, "success_rate": 100.0, "input_tokens": 4335, "output_tokens": 171, "model": "meta-llama/Llama-3.1-8B-Instruct", "input_tokens_per_minute": 1532439.37033915, "output_tokens_per_minute": 60781.99560384112, "Latency": {"unit": "s", "min": 0.7408418660052121, "p50": 4.07068269798765, "p90": 12.040258723543957, "p95": 13.707468388020061, "p99": 16.0188826758007, "max": 18.61880725400988}, "Throughput": {"unit": "tokens/s", "min": 1.2311828573599108, "p50": 38.10137337851671, "p90": 65.25734331003396, "p95": 69.49130314754827, "p99": 79.1341302488568, "max": 84.97474350684234}, "TTFT": {"unit": "s", "min": 0.18973956804256886, "p50": 1.344210978539195, "p90": 4.2034600879997015, "p95": 7.050344914459856, "p99": 9.657199155102711, "max": 14.126433272962458}, "TPOT": {"unit": "ms", "min": 7.527771106521998, "p50": 15.838044230313518, "p90": 41.48120127633523, "p95": 44.99544740195887, "p99": 57.30116046484275, "max": 95.7622404769063}, "Input Tokens per Minute": {"unit": "tokens/min", "min": 1532439.37033915, "p50": 1532439.37033915, "p90": 1532439.37033915, "p95": 1532439.37033915, "p99": 1532439.37033915, "max": 1532439.37033915}, "Output Tokens per Minute": {"unit": "tokens/min", "min": 60781.99560384112, "p50": 60781.99560384112, "p90": 60781.99560384112, "p95": 60781.99560384112, "p99": 60781.99560384112, "max": 60781.99560384112}}
{"actual_qps": 6.187637781622898, "success_rate": 100.0, "input_tokens": 4275, "output_tokens": 178, "model": "meta-llama/Llama-3.1-8B-Instruct", "input_tokens_per_minute": 1667485.333215872, "output_tokens_per_minute": 69793.59986689013, "Latency": {"unit": "s", "min": 0.9330422659404576, "p50": 4.08372427301947, "p90": 12.434535789478105, "p95": 13.970145937986672, "p99": 18.332114726345765, "max": 20.394022264983505}, "Throughput": {"unit": "tokens/s", "min": 3.3141378482332637, "p50": 42.82557900369655, "p90": 67.49603528206747, "p95": 72.22985686441336, "p99": 80.6281368264503, "max": 90.93825381554784}, "TTFT": {"unit": "s", "min": 0.13663994299713522, "p50": 1.3154381630010903, "p90": 5.02099977445323, "p95": 6.368142488005105, "p99": 11.997966300533154, "max": 14.652979476028122}, "TPOT": {"unit": "ms", "min": 8.841760055250933, "p50": 16.248211930961283, "p90": 40.33929181908814, "p95": 43.881833297753474, "p99": 54.63578580406582, "max": 58.261782417435256}, "Input Tokens per Minute": {"unit": "tokens/min", "min": 1667485.333215872, "p50": 1667485.333215872, "p90": 1667485.333215872, "p95": 1667485.333215872, "p99": 1667485.333215872, "max": 1667485.333215872}, "Output Tokens per Minute": {"unit": "tokens/min", "min": 69793.59986689013, "p50": 69793.59986689013, "p90": 69793.59986689013, "p95": 69793.59986689013, "p99": 69793.59986689013, "max": 69793.59986689013}}
{"actual_qps": 6.252081691825595, "success_rate": 100.0, "input_tokens": 4253, "output_tokens": 173, "model": "meta-llama/Llama-3.1-8B-Instruct", "input_tokens_per_minute": 1637513.7301695521, "output_tokens_per_minute": 66722.01889920395, "Latency": {"unit": "s", "min": 0.1944654700346291, "p50": 4.147936759982258, "p90": 9.794650770025328, "p95": 11.454281590005849, "p99": 14.132229805318646, "max": 15.89021340990439}, "Throughput": {"unit": "tokens/s", "min": 2.7064233859514837, "p50": 38.01117327694913, "p90": 69.19589409269304, "p95": 73.5214416743724, "p99": 84.08363946065415, "max": 92.79130779717443}, "TTFT": {"unit": "s", "min": 0.03943764406722039, "p50": 1.089464555028826, "p90": 3.6856429460458457, "p95": 4.899525701010134, "p99": 7.656201666046409, "max": 9.31627462094184}, "TPOT": {"unit": "ms", "min": 9.119283880435807, "p50": 17.857191608001916, "p90": 35.99012513520973, "p95": 41.43242015046337, "p99": 52.824073411207195, "max": 62.16301910872399},