{"target_qps": 6.0, "actual_qps": 4.678270658066666, "success_rate": 100.0, "input_tokens": 236, "output_tokens": 298, "model": "meta-llama/Llama-3.1-8B-Instruct", "input_tokens_per_minute": 85251.8918918919, "output_tokens_per_minute": 107507.95366795367, "Latency": {"unit": "s", "min": 0.617915423004888, "p50": 2.7841210800106637, "p90": 4.091213075991257, "p95": 4.889261215290753, "p99": 13.958186578077642, "max": 28.574050136026926}, "Throughput": {"unit": "tokens/s", "min": 10.499036663400824, "p50": 107.74980885375473, "p90": 114.39485100647123, "p95": 115.31087783465438, "p99": 117.34046531017721, "max": 117.49370608557699}, "TTFT": {"unit": "s", "min": 0.02410291600972414, "p50": 0.14559135999297723, "p90": 0.36467105377232656, "p95": 0.5086310990678611, "p99": 0.6682102677912916, "max": 1.0241770040011033}, "TPOT": {"unit": "ms", "min": 8.074575291096194, "p50": 8.762558080204592, "p90": 13.034251440950301, "p95": 15.63757074407744, "p99": 45.87965233047016, "max": 95.15757325754025}, "Input Tokens per Minute": {"unit": "tokens/min", "min": 85251.8918918919, "p50": 85251.8918918919, "p90": 85251.8918918919, "p95": 85251.8918918919, "p99": 85251.8918918919, "max": 85251.8918918919}, "Output Tokens per Minute": {"unit": "tokens/min", "min": 107507.95366795367, "p50": 107507.95366795367, "p90": 107507.95366795367, "p95": 107507.95366795367, "p99": 107507.95366795367, "max": 107507.95366795367}}
{"target_qps": 6.0, "actual_qps": 5.177574986799278, "success_rate": 100.0, "input_tokens": 196, "output_tokens": 298, "model": "meta-llama/Llama-3.1-8B-Instruct", "input_tokens_per_minute": 70786.1052631579, "output_tokens_per_minute": 107605.8947368421, "Latency": {"unit": "s", "min": 1.7279231029679067, "p50": 2.7719372020219453, "p90": 4.2400871476274915, "p95": 4.885392778995447, "p99": 5.426788308490068, "max": 25.193411006999668}, "Throughput": {"unit": "tokens/s", "min": 11.907875432852219, "p50": 108.21108782342385, "p90": 113.7005396388628, "p95": 114.44291339786406, "p99": 115.94658980519777, "max": 120.08833789445463}, "TTFT": {"unit": "s", "min": 0.02396141696954146, "p50": 0.15755935403285548, "p90": 0.2818978864117525, "p95": 0.4512835095985794, "p99": 0.6326908107544316, "max": 1.2401124709867872}, "TPOT": {"unit": "ms", "min": 8.166708652145015, "p50": 8.702175294393268, "p90": 13.35149695325867, "p95": 15.618250272267913, "p99": 16.10649697182013, "max": 83.02639010027488}, "Input Tokens per Minute": {"unit": "tokens/min", "min": 70786.1052631579, "p50": 70786.1052631579, "p90": 70786.1052631579, "p95": 70786.1052631579, "p99": 70786.1052631579, "max": 70786.1052631579}, "Output Tokens per Minute": {"unit": "tokens/min", "min": 107605.8947368421, "p50": 107605.8947368421, "p90": 107605.8947368421, "p95": 107605.8947368421, "p99": 107605.8947368421, "max": 107605.8947368421}}
{"target_qps": 6.0, "actual_qps": 4.549153140719062, "success_rate": 100.0, "input_tokens": 217, "output_tokens": 299, "model": "meta-llama/Llama-3.1-8B-Instruct", "input_tokens_per_minute": 78184.51612903226, "output_tokens_per_minute": 107961.29032258064, "Latency": {"unit": "s", "min": 2.4969440340064466, "p50": 2.7668414170038886, "p90": 3.177095704572275, "p95": 4.357692714198491, "p99": 18.02594206050148, "max": 38.19388042698847}, "Throughput": {"unit": "tokens/s", "min": 7.854661444350511, "p50": 108.36828172602893, "p90": 113.48114435713342, "p95": 115.42673892646364, "p99": 117.66335111523948, "max": 118.66270923993812}, "TTFT": {"unit": "s", "min": 0.03281770698959008, "p50": 0.13883832603460178, "p90": 0.30495686479844164, "p95": 0.5038787550118285, "p99": 0.6949951983592473, "max": 4.198359882982913}, "TPOT": {"unit": "ms", "min": 8.155772046662593, "p50": 8.777794344459712, "p90": 9.4878370930475, "p95": 13.809194012033437, "p99": 55.36476828691272, "max": 113.69739312376441}, "Input Tokens per Minute": {"unit": "tokens/min", "min": 78184.51612903226, "p50": 78184.51612903226, "p90": 78184.51612903226, "p95": 78184.51612903226, "p99": 78184.51612903226, "max": 78184.51612903226}, "Output Tokens per Minute": {"unit": "tokens/min", "min": 107961.29032258064, "p50": 107961.29032258064, "p90": 107961.29032258064, "p95": 107961.29032258064, "p99": 107961.29032258064, "max": 107961.29032258064}}
{"target_qps": 6.0, "actual_qps": 5.109364183573517, "success_rate": 100.0, "input_tokens": 225, "output_tokens": 298, "model": "meta-llama/Llama-3.1-8B-Instruct", "input_tokens_per_minute": 81312.30283911672, "output_tokens_per_minute": 107610.47318611988, "Latency": {"unit": "s", "min": 0.86719095997978, "p50": 2.7856949500273913, "p90": 4.2695286858011965, "p95": 8.320240840583567, "p99": 32.197203120528705, "max": 39.78086664900184}, "Throughput": {"unit": "tokens/s", "min": 7.541313834285897, "p50": 107.54195320393168, "p90": 113.04259419488608, "p95": 114.61764276695426, "p99": 116.63126809784458, "max": 118.45965737118578}, "TTFT": {"unit": "s", "min": 0.03061714000068605, "p50": 0.15790986496722326, "p90": 0.3702502617961727, "p95": 0.5806171040050684, "p99": 2.209659256434525, "max": 6.213971981953364}, "TPOT": {"unit": "ms", "min": 8.076037568574378, "p50": 8.804244321014073, "p90": 13.197734272208715, "p95": 25.83806686485684, "p99": 104.63817019532586, "max": 119.24274511367432}, "Input Tokens per Minute": {"unit": "tokens/min", "min": 81312.30283911672, "p50": 81312.30283911672, "p90": 81312.30283911672, "p95": 81312.30283911672, "p99": 81312.30283911672, "max": 81312.30283911672}, "Output Tokens per Minute": {"unit": "tokens/min", "min": 107610.47318611988, "p50": 107610.47318611988, "p90": 107610.47318611988, "p95": 107610.47318611988, "p99": 107610.47318611988, "max": 107610.47318611988}}
{"target_qps": 6.0, "actual_qps": 5.035831025967892, "success_rate": 100.0, "input_tokens": 212, "output_tokens": 299, "model": "meta-llama/Llama-3.1-8B-Instruct", "input_tokens_per_minute": 76633.84615384616, "output_tokens_per_minute": 107674.61538461538, "Latency": {"unit": "s", "min": 0.25194133701734245, "p50": 2.781008508987725, "p90": 3.986741414206336, "p95": 8.242891296112793, "p99": 32.05682146603707, "max": 37.19654565304518}, "Throughput": {"unit": "tokens/s", "min": 8.065265059779545, "p50": 107.75342350376684, "p90": 113.0071689949505, "p95": 113.81387705901038, "p99": 115.98868864820513, "max": 116.84589691246066}, "TTFT": {"unit": "s", "min": 0.020991764031350613, "p50": 0.13597781900898553, "p90": 0.2561579477915075, "p95": 0.5371724953816734, "p99": 1.581021598496577, "max": 2.8037983709946275}, "TPOT": {"unit": "ms", "min": 8.249415735711024, "p50": 8.82084879264575, "p90": 12.853495050459188, "p95": 26.4556550281239, "p99": 104.77952853692213, "max": 123.96708128111045}, "Input Tokens per Minute": {"unit": "tokens/min", "min": 76633.84615384616, "p50": 76633.84615384616, "p90": 76633.84615384616, "p95": 76633.84615384616, "p99": 76633.84615384616, "max": 76633.84615384616}, "Output Tokens per Minute": {"unit": "tokens/min", "min": 107674.61538461538, "p50": 107674.61538461538, "p90": 107674.61538461538, "p95": 107674.61538461538, "p99": 107674.61538461538, "max": 107674.61538461538}}
{"target_qps": 6.0, "actual_qps": 4.80861750474523, "success_rate": 100.0, "input_tokens": 254, "output_tokens": 298, "model": "meta-llama/Llama-3.1-8B-Instruct", "input_tokens_per_minute": 91487.43243243244, "output_tokens_per_minute": 107380.94594594595, "Latency": {"unit": "s", "min": 0.5180434350040741, "p50": 2.7813311610079836, "p90": 5.530897919990821, "p95": 10.217887711231015, "p99": 30.704446160499387, "max": 37.01376718300162}, "Throughput": {"unit": "tokens/s", "min": 8.105092316509017, "p50": 107.74094591802566, "p90": 112.83768493416322, "p95": 113.82250147961145, "p99": 115.38936011851165, "max": 117.23390195661099}, "TTFT": {"unit": "s", "min": 0.024627827981021255, "p50": 0.13754556147614494, "p90": 0.31510531800449826, "p95": 0.5333825347479433, "p99": 6.28832329772704, "max": 8.78858703194419}, "TPOT": {"unit": "ms", "min": 8.215800257490008,