{"actual_qps": 7.449644135057962, "success_rate": 100.0, "input_tokens": 4154, "output_tokens": 178, "model": "meta-llama/Llama-3.1-8B-Instruct", "input_tokens_per_minute": 1667328.6927285546, "output_tokens_per_minute": 71775.83131245644, "Latency": {"unit": "s", "min": 0.8030953619163483, "p50": 5.453153076989111, "p90": 12.41907603747677, "p95": 14.030479580292011, "p99": 16.877868924041962, "max": 18.86419598304201}, "Throughput": {"unit": "tokens/s", "min": 2.591322336796186, "p50": 32.082119952933766, "p90": 57.05185520957492, "p95": 62.021939552925225, "p99": 69.51471457049313, "max": 79.24542085511395}, "TTFT": {"unit": "s", "min": 0.2664173620287329, "p50": 1.7039037240319885, "p90": 4.123636800481472, "p95": 5.094983398710609, "p99": 9.082915234044178, "max": 11.08931493293494}, "TPOT": {"unit": "ms", "min": 5.919457445593758, "p50": 20.29674390451421, "p90": 45.08267936320858, "p95": 48.37866259192411, "p99": 52.94040645277314, "max": 59.3695211596787}, "Input Tokens per Minute": {"unit": "tokens/min", "min": 1667328.6927285546, "p50": 1667328.6927285546, "p90": 1667328.6927285546, "p95": 1667328.6927285546, "p99": 1667328.6927285546, "max": 1667328.6927285546}, "Output Tokens per Minute": {"unit": "tokens/min", "min": 71775.83131245644, "p50": 71775.83131245644, "p90": 71775.83131245644, "p95": 71775.83131245644, "p99": 71775.83131245644, "max": 71775.83131245644}}
{"actual_qps": 7.026044102282441, "success_rate": 100.0, "input_tokens": 4304, "output_tokens": 177, "model": "meta-llama/Llama-3.1-8B-Instruct", "input_tokens_per_minute": 1753054.231005378, "output_tokens_per_minute": 72318.16540548866, "Latency": {"unit": "s", "min": 0.7794600399211049, "p50": 4.370587996498216, "p90": 10.630473567871377, "p95": 12.105972683959406, "p99": 13.648350855711612, "max": 15.094755560043268}, "Throughput": {"unit": "tokens/s", "min": 4.143341382420008, "p50": 39.579124603876295, "p90": 62.722422569473224, "p95": 67.07139036948611, "p99": 79.55533347203735, "max": 86.80678859703792}, "TTFT": {"unit": "s", "min": 0.17169647000264376, "p50": 1.2472551459795795, "p90": 3.430939084559214, "p95": 4.4088390938355575, "p99": 6.068723033309207, "max": 7.441516901017167}, "TPOT": {"unit": "ms", "min": 9.251581950127216, "p50": 16.136497947101915, "p90": 39.04124496512855, "p95": 41.571039234453465, "p99": 51.30926508873635, "max": 84.82587599770768}, "Input Tokens per Minute": {"unit": "tokens/min", "min": 1753054.231005378, "p50": 1753054.231005378, "p90": 1753054.231005378, "p95": 1753054.231005378, "p99": 1753054.231005378, "max": 1753054.231005378}, "Output Tokens per Minute": {"unit": "tokens/min", "min": 72318.16540548866, "p50": 72318.16540548866, "p90": 72318.16540548866, "p95": 72318.16540548866, "p99": 72318.16540548866, "max": 72318.16540548866}}
{"actual_qps": 6.750465027262389, "success_rate": 100.0, "input_tokens": 4234, "output_tokens": 179, "model": "meta-llama/Llama-3.1-8B-Instruct", "input_tokens_per_minute": 1752726.2165749006, "output_tokens_per_minute": 74177.26322146968, "Latency": {"unit": "s", "min": 0.8267167790327221, "p50": 4.262386383023113, "p90": 13.280143078323455, "p95": 15.222133472078692, "p99": 19.957226245651256, "max": 22.008533420972526}, "Throughput": {"unit": "tokens/s", "min": 2.820660689649965, "p50": 40.74886460115586, "p90": 59.73628615982146, "p95": 64.71070533267736, "p99": 69.74790317556635, "max": 83.1064598663557}, "TTFT": {"unit": "s", "min": 0.12389751698356122, "p50": 1.4299829074880108, "p90": 4.501624051330146, "p95": 5.511070982838281, "p99": 7.889751581876773, "max": 8.632226087967865}, "TPOT": {"unit": "ms", "min": 10.632827528752387, "p50": 16.277253296373686, "p90": 47.56432303851096, "p95": 51.32837004549497, "p99": 99.39359997551838, "max": 262.7025150295888}, "Input Tokens per Minute": {"unit": "tokens/min", "min": 1752726.2165749006, "p50": 1752726.2165749006, "p90": 1752726.2165749006, "p95": 1752726.2165749006, "p99": 1752726.2165749006, "max": 1752726.2165749006}, "Output Tokens per Minute": {"unit": "tokens/min", "min": 74177.26322146968, "p50": 74177.26322146968, "p90": 74177.26322146968, "p95": 74177.26322146968, "p99": 74177.26322146968, "max": 74177.26322146968}}
{"actual_qps": 7.155077502264997, "success_rate": 100.0, "input_tokens": 4399, "output_tokens": 172, "model": "meta-llama/Llama-3.1-8B-Instruct", "input_tokens_per_minute": 1851159.8223045508, "output_tokens_per_minute": 72460.57561891623, "Latency": {"unit": "s", "min": 0.7157691579777747, "p50": 4.260312127997167, "p90": 10.950289124995471, "p95": 12.232561824354342, "p99": 13.912263705204241, "max": 15.781111952033825}, "Throughput": {"unit": "tokens/s", "min": 2.5671475937659887, "p50": 37.1910174844448, "p90": 59.08190739662882, "p95": 62.302114477780165, "p99": 66.50169330233611, "max": 73.73372542297747}, "TTFT": {"unit": "s", "min": 0.3066813739715144, "p50": 1.4346348049584776, "p90": 3.9568830811884257, "p95": 4.9034196536405945, "p99": 6.449100585395937, "max": 8.240180242923088}, "TPOT": {"unit": "ms", "min": 3.576904822907904, "p50": 16.354284787666984, "p90": 41.99132001631187, "p95": 46.71991219335755, "p99": 59.39132312982113, "max": 84.89482709079641}, "Input Tokens per Minute": {"unit": "tokens/min", "min": 1851159.8223045508, "p50": 1851159.8223045508, "p90": 1851159.8223045508, "p95": 1851159.8223045508, "p99": 1851159.8223045508, "max": 1851159.8223045508}, "Output Tokens per Minute": {"unit": "tokens/min", "min": 72460.57561891623, "p50": 72460.57561891623, "p90": 72460.57561891623, "p95": 72460.57561891623, "p99": 72460.57561891623, "max": 72460.57561891623}}
{"actual_qps": 7.183153885577493, "success_rate": 100.0, "input_tokens": 4258, "output_tokens": 175, "model": "meta-llama/Llama-3.1-8B-Instruct", "input_tokens_per_minute": 1863120.463769643, "output_tokens_per_minute": 76727.6578916237, "Latency": {"unit": "s", "min": 0.7642917960183695, "p50": 4.600214215985034, "p90": 9.283828063402325, "p95": 10.430762021313418, "p99": 12.282542316413018, "max": 14.151028825086541}, "Throughput": {"unit": "tokens/s", "min": 2.826234383182061, "p50": 35.88646844896142, "p90": 58.95736234050798, "p95": 62.584724767588874, "p99": 68.99325865283024, "max": 72.53976626783431}, "TTFT": {"unit": "s", "min": 0.23381353204604238, "p50": 1.3997637045104057, "p90": 3.1876245510298755, "p95": 3.794983953668269, "p99": 5.387928438993403, "max": 6.659251689095981}, "TPOT": {"unit": "ms", "min": 9.084084126516245, "p50": 17.288741127976294, "p90": 33.52450358821781, "p95": 39.89010462514007, "p99": 49.1050153794399, "max": 78.79448093168823}, "Input Tokens per Minute": {"unit": "tokens/min", "min": 1863120.463769643, "p50": 1863120.463769643, "p90": 1863120.463769643, "p95": 1863120.463769643, "p99": 1863120.463769643, "max": 1863120.463769643}, "Output Tokens per Minute": {"unit": "tokens/min", "min": 76727.6578916237, "p50": 76727.6578916237, "p90": 76727.6578916237, "p95": 76727.6578916237, "p99": 76727.6578916237, "max": 76727.6578916237}}
{"actual_qps": 7.09709515519719, "success_rate": 100.0, "input_tokens": 4222, "output_tokens": 174, "model": "meta-llama/Llama-3.1-8B-Instruct", "input_tokens_per_minute": 1793639.947456193, "output_tokens_per_minute": 74288.62125768584, "Latency": {"unit": "s", "min": 0.6605467809131369, "p50": 4.4230459780665115, "p90": 9.509306970052421, "p95": 12.71107491501607, "p99": 20.85492809989955, "max": 22.355185764026828}, "Throughput": {"unit": "tokens/s", "min": 2.3741117716749964, "p50": 41.58123512635442, "p90": 57.72218285878899, "p95": 62.470769721903196, "p99": 70.8122803505405, "max": 74.37776024725254}, "TTFT": {"unit": "s", "min": 0.044009709963575006, "p50": 1.0787880140123889, "p90": 3.5102154959458858, "p95": 5.323812915477902, "p99": 11.53889475589385, "max": 15.143712283927016}, "TPOT": {"unit": "ms", "min": 10.069581603410802, "p50": 18.77786276391684, "p90": 33.40391577828838, "p95": 44.849513148322664, "p99": 58.2587317813974, "max": 100.43313599890098},