{"target_qps": 5.0, "actual_qps": 4.561118699081671, "success_rate": 100.0, "input_tokens": 176, "output_tokens": 348, "model": "meta-llama/Llama-3.1-8B-Instruct", "input_tokens_per_minute": 52881.927710843374, "output_tokens_per_minute": 104510.84337349398, "Latency": {"unit": "s", "min": 0.631086419976782, "p50": 2.952304564008955, "p90": 17.539945496234576, "p95": 19.557457639405037, "p99": 25.87747146673269, "max": 27.884328346990515}, "Throughput": {"unit": "tokens/s", "min": 12.551853343735806, "p50": 118.55145443555884, "p90": 124.92652470271081, "p95": 125.56323162733348, "p99": 126.21038159980118, "max": 126.89994672577477}, "TTFT": {"unit": "s", "min": 0.017956903961021453, "p50": 0.0696677440428175, "p90": 0.5472077287966395, "p95": 1.886353170580696, "p99": 2.955494714570232, "max": 5.481698905990925}, "TPOT": {"unit": "ms", "min": 7.506260421209806, "p50": 8.190789458443302, "p90": 45.771313684306676, "p95": 52.0233369135514, "p99": 71.67158558899351, "max": 76.71997891982515}, "Input Tokens per Minute": {"unit": "tokens/min", "min": 52881.927710843374, "p50": 52881.927710843374, "p90": 52881.927710843374, "p95": 52881.927710843374, "p99": 52881.927710843374, "max": 52881.927710843374}, "Output Tokens per Minute": {"unit": "tokens/min", "min": 104510.84337349398, "p50": 104510.84337349398, "p90": 104510.84337349398, "p95": 104510.84337349398, "p99": 104510.84337349398, "max": 104510.84337349398}}
{"target_qps": 5.0, "actual_qps": 5.154357191290337, "success_rate": 100.0, "input_tokens": 171, "output_tokens": 349, "model": "meta-llama/Llama-3.1-8B-Instruct", "input_tokens_per_minute": 51420.40133779264, "output_tokens_per_minute": 104969.89966555184, "Latency": {"unit": "s", "min": 2.6256422700244, "p50": 2.899497899983544, "p90": 21.61329672980355, "p95": 23.481598558498074, "p99": 28.93445559202227, "max": 30.77205569203943}, "Throughput": {"unit": "tokens/s", "min": 11.373955757221093, "p50": 120.710554748802, "p90": 124.82549891469581, "p95": 125.64580659086562, "p99": 126.69095304243946, "max": 127.38930488380417}, "TTFT": {"unit": "s", "min": 0.017981901997700334, "p50": 0.029214667971245944, "p90": 1.7695861929678354, "p95": 2.578597375145177, "p99": 4.041101633531504, "max": 7.875734586967155}, "TPOT": {"unit": "ms", "min": 7.781835584460963, "p50": 8.21987879085608, "p90": 54.67864246595314, "p95": 61.30098521639059, "p99": 77.1749027737751, "max": 80.5701392720771}, "Input Tokens per Minute": {"unit": "tokens/min", "min": 51420.40133779264, "p50": 51420.40133779264, "p90": 51420.40133779264, "p95": 51420.40133779264, "p99": 51420.40133779264, "max": 51420.40133779264}, "Output Tokens per Minute": {"unit": "tokens/min", "min": 104969.89966555184, "p50": 104969.89966555184, "p90": 104969.89966555184, "p95": 104969.89966555184, "p99": 104969.89966555184, "max": 104969.89966555184}}
{"target_qps": 5.0, "actual_qps": 5.030872388322037, "success_rate": 100.0, "input_tokens": 81, "output_tokens": 348, "model": "meta-llama/Llama-3.1-8B-Instruct", "input_tokens_per_minute": 24540.625, "output_tokens_per_minute": 104578.125, "Latency": {"unit": "s", "min": 1.9610466249869205, "p50": 2.8709043565031607, "p90": 25.85894107339555, "p95": 29.89804442023742, "p99": 33.658370152944116, "max": 36.53804189199582}, "Throughput": {"unit": "tokens/s", "min": 9.579057384481036, "p50": 121.86996158441634, "p90": 124.05679614461822, "p95": 124.50543156911331, "p99": 125.23647138652983, "max": 125.83325410340053}, "TTFT": {"unit": "s", "min": 0.016824421007186174, "p50": 0.02529709250666201, "p90": 1.5080672071198937, "p95": 2.3814854919532062, "p99": 3.254145974430721, "max": 6.676928193017375}, "TPOT": {"unit": "ms", "min": 7.714479128939545, "p50": 8.147170790788026, "p90": 69.0962202501594, "p95": 78.57060556719946, "p99": 88.7260961348046, "max": 98.02231748430272}, "Input Tokens per Minute": {"unit": "tokens/min", "min": 24540.625, "p50": 24540.625, "p90": 24540.625, "p95": 24540.625, "p99": 24540.625, "max": 24540.625}, "Output Tokens per Minute": {"unit": "tokens/min", "min": 104578.125, "p50": 104578.125, "p90": 104578.125, "p95": 104578.125, "p99": 104578.125, "max": 104578.125}}
{"target_qps": 5.0, "actual_qps": 4.648246686881821, "success_rate": 100.0, "input_tokens": 78, "output_tokens": 349, "model": "meta-llama/Llama-3.1-8B-Instruct", "input_tokens_per_minute": 23537.0, "output_tokens_per_minute": 104878.0, "Latency": {"unit": "s", "min": 2.3177243010140955, "p50": 2.8639276585017797, "p90": 29.670653788844355, "p95": 31.134175950000646, "p99": 33.090538944957075, "max": 36.47347853996325}, "Throughput": {"unit": "tokens/s", "min": 9.596013706685861, "p50": 122.19669871221458, "p90": 124.43982074060303, "p95": 124.7607826954798, "p99": 125.76160761110545, "max": 126.22546506617341}, "TTFT": {"unit": "s", "min": 0.01602440798887983, "p50": 0.028745499963406473, "p90": 2.895131855504588, "p95": 3.4216099318029607, "p99": 4.94940943796653, "max": 7.430500537971966}, "TPOT": {"unit": "ms", "min": 7.880850177709238, "p50": 8.134333332343411, "p90": 77.77683023361018, "p95": 83.56750047918112, "p99": 88.0326045656501, "max": 91.36166391119676}, "Input Tokens per Minute": {"unit": "tokens/min", "min": 23537.0, "p50": 23537.0, "p90": 23537.0, "p95": 23537.0, "p99": 23537.0, "max": 23537.0}, "Output Tokens per Minute": {"unit": "tokens/min", "min": 104878.0, "p50": 104878.0, "p90": 104878.0, "p95": 104878.0, "p99": 104878.0, "max": 104878.0}}
{"target_qps": 5.0, "actual_qps": 5.033702155563798, "success_rate": 100.0, "input_tokens": 126, "output_tokens": 349, "model": "meta-llama/Llama-3.1-8B-Instruct", "input_tokens_per_minute": 38011.34020618557, "output_tokens_per_minute": 104762.88659793815, "Latency": {"unit": "s", "min": 2.749027843005024, "p50": 2.865470735996496, "p90": 22.004558054031804, "p95": 24.96067743501044, "p99": 30.196979922911865, "max": 32.32988271501381}, "Throughput": {"unit": "tokens/s", "min": 10.825897609503608, "p50": 122.14397990642331, "p90": 124.0287669618213, "p95": 124.47336869340268, "p99": 126.93738172533709, "max": 127.31773557353539}, "TTFT": {"unit": "s", "min": 0.017227497010026127, "p50": 0.027167733991518617, "p90": 1.171510385000147, "p95": 1.8055578229832463, "p99": 3.253565480984995, "max": 4.79046579397982}, "TPOT": {"unit": "ms", "min": 7.7958363438569505, "p50": 8.13174081374531, "p90": 62.262925435622144, "p95": 67.72814022204011, "p99": 79.01448582358765, "max": 83.05028630944268}, "Input Tokens per Minute": {"unit": "tokens/min", "min": 38011.34020618557, "p50": 38011.34020618557, "p90": 38011.34020618557, "p95": 38011.34020618557, "p99": 38011.34020618557, "max": 38011.34020618557}, "Output Tokens per Minute": {"unit": "tokens/min", "min": 104762.88659793815, "p50": 104762.88659793815, "p90": 104762.88659793815, "p95": 104762.88659793815, "p99": 104762.88659793815, "max": 104762.88659793815}}
{"target_qps": 5.0, "actual_qps": 4.931216207950647, "success_rate": 100.0, "input_tokens": 125, "output_tokens": 348, "model": "meta-llama/Llama-3.1-8B-Instruct", "input_tokens_per_minute": 38814.83781277677, "output_tokens_per_minute": 107961.95772909939, "Latency": {"unit": "s", "min": 1.5362674610223621, "p50": 2.896498474990949, "p90": 33.254967204970306, "p95": 37.56036788201891, "p99": 41.67744725143304, "max": 42.874771949020214}, "Throughput": {"unit": "tokens/s", "min": 8.16330872654352, "p50": 120.83555472995499, "p90": 123.81176801715307, "p95": 124.72520859715277, "p99": 126.07002356171981, "max": 127.17656583431625}, "TTFT": {"unit": "s", "min": 0.016616476990748197, "p50": 0.02880383300362155, "p90": 3.0400218514027078, "p95": 4.026963119395077, "p99": 5.604591331162956, "max": 6.434161850018427}, "TPOT": {"unit": "ms", "min": 7.599098988665925, "p50": 8.21845340682594, "p90": 84.70805652661751, "p95": 95.65021068195979, "p99": 110.994987068978, "max": 118.30093276791708}, "Input Tokens per Minute": {"unit": "tokens/min", "min": 38814.83781277677, "p50": 38814.83781277677,