{"target_qps": 3.5, "actual_qps": 3.2476066125442657, "success_rate": 100.0, "input_tokens": 243, "output_tokens": 299, "model": "meta-llama/Llama-3.1-8B-Instruct", "input_tokens_per_minute": 51035.63758389262, "output_tokens_per_minute": 62840.73825503355, "Latency": {"unit": "s", "min": 1.6100634630420245, "p50": 2.5939177779946476, "p90": 5.870359637797838, "p95": 16.903373173414725, "p99": 23.725697204647634, "max": 28.91520671802573}, "Throughput": {"unit": "tokens/s", "min": 10.37516359213784, "p50": 115.65516939088539, "p90": 121.445291937317, "p95": 122.12371851194926, "p99": 123.77717466632483, "max": 124.86113038596473}, "TTFT": {"unit": "s", "min": 0.023868167016189545, "p50": 0.09317182400263846, "p90": 0.3001574963796884, "p95": 0.483026096783578, "p99": 0.9088541566347748, "max": 2.5314719740417786}, "TPOT": {"unit": "ms", "min": 7.858682431422336, "p50": 8.323926428203661, "p90": 17.88054769360363, "p95": 56.236361746518945, "p99": 77.95817017625335, "max": 94.50632271245526}, "Input Tokens per Minute": {"unit": "tokens/min", "min": 51035.63758389262, "p50": 51035.63758389262, "p90": 51035.63758389262, "p95": 51035.63758389262, "p99": 51035.63758389262, "max": 51035.63758389262}, "Output Tokens per Minute": {"unit": "tokens/min", "min": 62840.73825503355, "p50": 62840.73825503355, "p90": 62840.73825503355, "p95": 62840.73825503355, "p99": 62840.73825503355, "max": 62840.73825503355}}
{"target_qps": 3.5, "actual_qps": 3.177166333240424, "success_rate": 100.0, "input_tokens": 220, "output_tokens": 300, "model": "meta-llama/Llama-3.1-8B-Instruct", "input_tokens_per_minute": 46380.54878048781, "output_tokens_per_minute": 63000.0, "Latency": {"unit": "s", "min": 2.4264756540069357, "p50": 2.5804325599747244, "p90": 8.655235457269033, "p95": 18.505451927447567, "p99": 25.802062528989634, "max": 27.908667852985673}, "Throughput": {"unit": "tokens/s", "min": 10.749348610270768, "p50": 116.25962094222184, "p90": 121.2599206562984, "p95": 122.33497763411384, "p99": 123.04240455491895, "max": 123.63610551978879}, "TTFT": {"unit": "s", "min": 0.022018235991708934, "p50": 0.09540095549891703, "p90": 0.3235410284833053, "p95": 0.41822518866101727, "p99": 1.7242841096513442, "max": 2.503838703967631}, "TPOT": {"unit": "ms", "min": 7.723172946504464, "p50": 8.259078797675594, "p90": 27.553643292263185, "p95": 56.71093082795212, "p99": 85.51765413780038, "max": 87.58471729440217}, "Input Tokens per Minute": {"unit": "tokens/min", "min": 46380.54878048781, "p50": 46380.54878048781, "p90": 46380.54878048781, "p95": 46380.54878048781, "p99": 46380.54878048781, "max": 46380.54878048781}, "Output Tokens per Minute": {"unit": "tokens/min", "min": 63000.0, "p50": 63000.0, "p90": 63000.0, "p95": 63000.0, "p99": 63000.0, "max": 63000.0}}
{"target_qps": 3.5, "actual_qps": 3.23373855658718, "success_rate": 100.0, "input_tokens": 250, "output_tokens": 299, "model": "meta-llama/Llama-3.1-8B-Instruct", "input_tokens_per_minute": 52568.634146341465, "output_tokens_per_minute": 62902.68292682927, "Latency": {"unit": "s", "min": 1.99209192302078, "p50": 2.715734133962542, "p90": 28.189125377405432, "p95": 30.041099021409167, "p99": 41.08407509516692, "max": 43.05427461996442}, "Throughput": {"unit": "tokens/s", "min": 6.9679492372840715, "p50": 110.46736727584907, "p90": 120.09567497078336, "p95": 121.68105657301649, "p99": 123.83271564039428, "max": 124.86210614096495}, "TTFT": {"unit": "s", "min": 0.021909702045377344, "p50": 0.174469220044557, "p90": 3.2422014193958604, "p95": 4.069556903396731, "p99": 5.086907656579279, "max": 8.461950046010315}, "TPOT": {"unit": "ms", "min": 7.815687531912171, "p50": 8.527522598686051, "p90": 89.34774814250669, "p95": 95.6178376341338, "p99": 133.408192460648, "max": 141.15087727760667}, "Input Tokens per Minute": {"unit": "tokens/min", "min": 52568.634146341465, "p50": 52568.634146341465, "p90": 52568.634146341465, "p95": 52568.634146341465, "p99": 52568.634146341465, "max": 52568.634146341465}, "Output Tokens per Minute": {"unit": "tokens/min", "min": 62902.68292682927, "p50": 62902.68292682927, "p90": 62902.68292682927, "p95": 62902.68292682927, "p99": 62902.68292682927, "max": 62902.68292682927}}
{"target_qps": 3.5, "actual_qps": 3.223219910729038, "success_rate": 100.0, "input_tokens": 270, "output_tokens": 299, "model": "meta-llama/Llama-3.1-8B-Instruct", "input_tokens_per_minute": 56854.07608695652, "output_tokens_per_minute": 62842.5, "Latency": {"unit": "s", "min": 1.8971351440413855, "p50": 2.7051601269922685, "p90": 28.820952649432005, "p95": 30.789384337325462, "p99": 41.26519023506842, "max": 44.180914197000675}, "Throughput": {"unit": "tokens/s", "min": 6.790262389372789, "p50": 110.89948768392284, "p90": 120.9437724328159, "p95": 122.12463677892056, "p99": 123.76592945262898, "max": 124.87322547688022}, "TTFT": {"unit": "s", "min": 0.02388655801769346, "p50": 0.1563966179965064, "p90": 3.151488002185943, "p95": 4.464167549295234, "p99": 6.454341546778449, "max": 9.774263339000754}, "TPOT": {"unit": "ms", "min": 7.839081013484868, "p50": 8.556928406302104, "p90": 88.23505893116428, "p95": 96.17913027639915, "p99": 125.63468789462964, "max": 138.4538025484283}, "Input Tokens per Minute": {"unit": "tokens/min", "min": 56854.07608695652, "p50": 56854.07608695652, "p90": 56854.07608695652, "p95": 56854.07608695652, "p99": 56854.07608695652, "max": 56854.07608695652}, "Output Tokens per Minute": {"unit": "tokens/min", "min": 62842.5, "p50": 62842.5, "p90": 62842.5, "p95": 62842.5, "p99": 62842.5, "max": 62842.5}}
{"target_qps": 3.5, "actual_qps": 3.0198992988476174, "success_rate": 100.0, "input_tokens": 209, "output_tokens": 298, "model": "meta-llama/Llama-3.1-8B-Instruct", "input_tokens_per_minute": 43923.46153846154, "output_tokens_per_minute": 62627.30769230769, "Latency": {"unit": "s", "min": 0.08641639997949824, "p50": 2.601639967499068, "p90": 33.22159882800771, "p95": 35.17189592305804, "p99": 38.856794340247866, "max": 39.195896372024436}, "Throughput": {"unit": "tokens/s", "min": 7.6538624643910715, "p50": 115.10971776577205, "p90": 121.55319132387646, "p95": 122.71288907335213, "p99": 124.8146444747945, "max": 125.69205711396975}, "TTFT": {"unit": "s", "min": 0.019313137978315353, "p50": 0.1442690039984882, "p90": 3.5804976049694233, "p95": 4.311967725981958, "p99": 4.908251104783255, "max": 7.256497966998722}, "TPOT": {"unit": "ms", "min": 7.555294826114395, "p50": 8.348854525165825, "p90": 100.79277825076912, "p95": 111.25009561196612, "p99": 117.16480880269444, "max": 118.49201394651509}, "Input Tokens per Minute": {"unit": "tokens/min", "min": 43923.46153846154, "p50": 43923.46153846154, "p90": 43923.46153846154, "p95": 43923.46153846154, "p99": 43923.46153846154, "max": 43923.46153846154}, "Output Tokens per Minute": {"unit": "tokens/min", "min": 62627.30769230769, "p50": 62627.30769230769, "p90": 62627.30769230769, "p95": 62627.30769230769, "p99": 62627.30769230769, "max": 62627.30769230769}}
{"target_qps": 3.5, "actual_qps": 3.0525295541974145, "success_rate": 100.0, "input_tokens": 268, "output_tokens": 299, "model": "meta-llama/Llama-3.1-8B-Instruct", "input_tokens_per_minute": 56385.51724137931, "output_tokens_per_minute": 62930.68965517241, "Latency": {"unit": "s", "min": 2.411858211038634, "p50": 2.63582652999321, "p90": 31.442568569234574, "p95": 33.65962423058808, "p99": 36.851050186863866, "max": 38.45373996498529}, "Throughput": {"unit": "tokens/s", "min": 7.801581855839514, "p50": 113.81629124158364, "p90": 121.28375441808687, "p95": 122.02531273081627, "p99": 122.62371926627257, "max": 124.38542142608335}, "TTFT": {"unit": "s", "min": 0.02170700900023803, "p50": 0.1508269470068626, "p90": 3.655603116797284, "p95": 4.980091318121409, "p99": 6.772731507580026, "max": 7.733350248017814}, "TPOT": {"unit": "ms", "min": 7.733966304490773, "p50": 8.365668859457392, "p90": 98.34277389694105, "p95": 104.71245210189885, "p99": 113.51121620537889, "max": 120.88337472256859},