{"target_qps": 3.5, "actual_qps": 3.49820633498994, "success_rate": 100.0, "input_tokens": 4193, "output_tokens": 178, "model": "meta-llama/Llama-3.1-8B-Instruct", "input_tokens_per_minute": 880602.2580645161, "output_tokens_per_minute": 37518.87096774194, "Latency": {"unit": "s", "min": 0.7026425410294905, "p50": 4.336212536960375, "p90": 22.679449256451335, "p95": 29.50082157101133, "p99": 33.69192483047374, "max": 35.7187812239863}, "Throughput": {"unit": "tokens/s", "min": 0.8292255480612886, "p50": 40.93938525365971, "p90": 71.34785646807, "p95": 76.44527235133228, "p99": 95.23548913293205, "max": 102.2120014011761}, "TTFT": {"unit": "s", "min": 0.07800091605167836, "p50": 0.8644049764261581, "p90": 14.571420935506467, "p95": 20.526084706012625, "p99": 25.38213066669415, "max": 27.492995359003544}, "TPOT": {"unit": "ms", "min": 7.973362949686171, "p50": 19.451125169471148, "p90": 54.602997832554905, "p95": 55.481509115849974, "p99": 57.9744755136955, "max": 67.23787108194642}, "Input Tokens per Minute": {"unit": "tokens/min", "min": 880602.2580645161, "p50": 880602.2580645161, "p90": 880602.2580645161, "p95": 880602.2580645161, "p99": 880602.2580645161, "max": 880602.2580645161}, "Output Tokens per Minute": {"unit": "tokens/min", "min": 37518.87096774194, "p50": 37518.87096774194, "p90": 37518.87096774194, "p95": 37518.87096774194, "p99": 37518.87096774194, "max": 37518.87096774194}}
{"target_qps": 3.5, "actual_qps": 3.499537106428351, "success_rate": 100.0, "input_tokens": 4200, "output_tokens": 173, "model": "meta-llama/Llama-3.1-8B-Instruct", "input_tokens_per_minute": 882046.4210526316, "output_tokens_per_minute": 36443.84210526316, "Latency": {"unit": "s", "min": 0.2636610959889367, "p50": 3.8042960645398125, "p90": 21.5906143824337, "p95": 27.801059367146753, "p99": 34.58225044333957, "max": 35.58832183899358}, "Throughput": {"unit": "tokens/s", "min": 0.662798819234407, "p50": 46.67500996150453, "p90": 74.23323782716365, "p95": 88.82234489906008, "p99": 97.29679695285257, "max": 107.6249270424688}, "TTFT": {"unit": "s", "min": 0.047743485076352954, "p50": 0.5834354370017536, "p90": 11.647402530303225, "p95": 20.2119038574281, "p99": 25.210489909514994, "max": 27.364559049950913}, "TPOT": {"unit": "ms", "min": 6.9335897603784415, "p50": 18.543602998939587, "p90": 54.635815769398874, "p95": 55.52145162852944, "p99": 56.432051583300264, "max": 59.69913609354108}, "Input Tokens per Minute": {"unit": "tokens/min", "min": 882046.4210526316, "p50": 882046.4210526316, "p90": 882046.4210526316, "p95": 882046.4210526316, "p99": 882046.4210526316, "max": 882046.4210526316}, "Output Tokens per Minute": {"unit": "tokens/min", "min": 36443.84210526316, "p50": 36443.84210526316, "p90": 36443.84210526316, "p95": 36443.84210526316, "p99": 36443.84210526316, "max": 36443.84210526316}}
{"target_qps": 3.5, "actual_qps": 3.499768862252671, "success_rate": 100.0, "input_tokens": 4313, "output_tokens": 177, "model": "meta-llama/Llama-3.1-8B-Instruct", "input_tokens_per_minute": 905909.4174757282, "output_tokens_per_minute": 37190.388349514564, "Latency": {"unit": "s", "min": 0.6238335120724514, "p50": 7.13381903397385, "p90": 15.771445061545819, "p95": 17.29335412400542, "p99": 21.384231288253794, "max": 24.785094531951472}, "Throughput": {"unit": "tokens/s", "min": 2.2755521799898966, "p50": 25.28005950097988, "p90": 76.54133517037991, "p95": 88.84919103931523, "p99": 98.67945883819758, "max": 107.20246062086554}, "TTFT": {"unit": "s", "min": 0.040897581027820706, "p50": 1.3809183005359955, "p90": 7.773406242951751, "p95": 10.675740298785968, "p99": 14.23316961997186, "max": 21.689955302979797}, "TPOT": {"unit": "ms", "min": 8.282572743553088, "p50": 32.10111340682195, "p90": 51.84361138187363, "p95": 53.15530985776901, "p99": 54.247302949152434, "max": 91.31063893974688}, "Input Tokens per Minute": {"unit": "tokens/min", "min": 905909.4174757282, "p50": 905909.4174757282, "p90": 905909.4174757282, "p95": 905909.4174757282, "p99": 905909.4174757282, "max": 905909.4174757282}, "Output Tokens per Minute": {"unit": "tokens/min", "min": 37190.388349514564, "p50": 37190.388349514564, "p90": 37190.388349514564, "p95": 37190.388349514564, "p99": 37190.388349514564, "max": 37190.388349514564}}
{"target_qps": 3.5, "actual_qps": 3.49907963959263, "success_rate": 100.0, "input_tokens": 4299, "output_tokens": 176, "model": "meta-llama/Llama-3.1-8B-Instruct", "input_tokens_per_minute": 902799.4029850746, "output_tokens_per_minute": 37075.97014925373, "Latency": {"unit": "s", "min": 0.5285972650162876, "p50": 7.1527098109945655, "p90": 15.39642312808428, "p95": 17.206378811970353, "p99": 20.897072170046158, "max": 22.669978470075876}, "Throughput": {"unit": "tokens/s", "min": 1.5718445542876651, "p50": 24.594006480303783, "p90": 78.42420500508489, "p95": 83.38217030503259, "p99": 102.05171852012775, "max": 104.34818424632739}, "TTFT": {"unit": "s", "min": 0.04729995096568018, "p50": 1.1692941030487418, "p90": 7.406230296008289, "p95": 10.282933909096755, "p99": 12.002477417932823, "max": 14.881000332999974}, "TPOT": {"unit": "ms", "min": 8.384170331266807, "p50": 33.91092624129194, "p90": 52.18773304505845, "p95": 53.56095706044823, "p99": 61.70891429407194, "max": 168.76349300016753}, "Input Tokens per Minute": {"unit": "tokens/min", "min": 902799.4029850746, "p50": 902799.4029850746, "p90": 902799.4029850746, "p95": 902799.4029850746, "p99": 902799.4029850746, "max": 902799.4029850746}, "Output Tokens per Minute": {"unit": "tokens/min", "min": 37075.97014925373, "p50": 37075.97014925373, "p90": 37075.97014925373, "p95": 37075.97014925373, "p99": 37075.97014925373, "max": 37075.97014925373}}
{"target_qps": 3.5, "actual_qps": 3.4979194750392346, "success_rate": 100.0, "input_tokens": 3995, "output_tokens": 178, "model": "meta-llama/Llama-3.1-8B-Instruct", "input_tokens_per_minute": 858493.3773533151, "output_tokens_per_minute": 38265.24024580063, "Latency": {"unit": "s", "min": 0.6081832980271429, "p50": 4.0483590320218354, "p90": 17.78414358680602, "p95": 20.788000836316495, "p99": 23.251463896234053, "max": 24.155911007896066}, "Throughput": {"unit": "tokens/s", "min": 1.4284474845570854, "p50": 44.00473614419931, "p90": 76.87864049987056, "p95": 82.35000958315483, "p99": 96.78632309790915, "max": 118.09601345570982}, "TTFT": {"unit": "s", "min": 0.10360696900170296, "p50": 0.6361033479915932, "p90": 10.070967001933603, "p95": 12.894707284588364, "p99": 18.043146358588697, "max": 19.448997762985528}, "TPOT": {"unit": "ms", "min": 7.493701241044655, "p50": 18.914934788858655, "p90": 52.06313286943071, "p95": 53.60040339489527, "p99": 56.77603119310617, "max": 63.84830792485993}, "Input Tokens per Minute": {"unit": "tokens/min", "min": 858493.3773533151, "p50": 858493.3773533151, "p90": 858493.3773533151, "p95": 858493.3773533151, "p99": 858493.3773533151, "max": 858493.3773533151}, "Output Tokens per Minute": {"unit": "tokens/min", "min": 38265.24024580063, "p50": 38265.24024580063, "p90": 38265.24024580063, "p95": 38265.24024580063, "p99": 38265.24024580063, "max": 38265.24024580063}}
{"target_qps": 3.5, "actual_qps": 3.4985195621470524, "success_rate": 100.0, "input_tokens": 4025, "output_tokens": 180, "model": "meta-llama/Llama-3.1-8B-Instruct", "input_tokens_per_minute": 877230.7899369649, "output_tokens_per_minute": 39252.38991027217, "Latency": {"unit": "s", "min": 0.40073997201398015, "p50": 3.9410371819976717, "p90": 15.40943870736519, "p95": 20.259471275127712, "p99": 22.761435857799363, "max": 23.275395313976333}, "Throughput": {"unit": "tokens/s", "min": 1.880197003177626, "p50": 45.82684575458795, "p90": 73.64836674199105, "p95": 79.37798617081657, "p99": 93.47191809949116, "max": 98.64899306205513}, "TTFT": {"unit": "s", "min": 0.05537600093521178, "p50": 0.5108887904789299, "p90": 8.448033789731573, "p95": 11.396515963994892, "p99": 16.084631894833866, "max": 19.345268176984973}, "TPOT": {"unit": "ms", "min": 1.9545747729187661, "p50": 18.757437738699924,