{"actual_qps": 7.396692378621946, "success_rate": 100.0, "input_tokens": 4157, "output_tokens": 178, "model": "meta-llama/Llama-3.1-8B-Instruct", "input_tokens_per_minute": 1627918.3010978946, "output_tokens_per_minute": 69797.16173597766, "Latency": {"unit": "s", "min": 0.8902967621106654, "p50": 5.808206368004903, "p90": 13.837984535982836, "p95": 14.827410202799365, "p99": 17.442858432852663, "max": 19.9260486359708}, "Throughput": {"unit": "tokens/s", "min": 1.4184625035966574, "p50": 28.57109018745656, "p90": 52.145429275213935, "p95": 57.172187549957584, "p99": 67.40277050984685, "max": 79.31976600001083}, "TTFT": {"unit": "s", "min": 0.2997285659657791, "p50": 2.458199125016108, "p90": 6.2969772758195175, "p95": 6.979348817025311, "p99": 9.07610824003351, "max": 11.884673696942627}, "TPOT": {"unit": "ms", "min": 10.377114311670276, "p50": 17.92022870823123, "p90": 47.161081912922654, "p95": 49.91645626618466, "p99": 52.31196022634605, "max": 55.99809910765745}, "Input Tokens per Minute": {"unit": "tokens/min", "min": 1627918.3010978946, "p50": 1627918.3010978946, "p90": 1627918.3010978946, "p95": 1627918.3010978946, "p99": 1627918.3010978946, "max": 1627918.3010978946}, "Output Tokens per Minute": {"unit": "tokens/min", "min": 69797.16173597766, "p50": 69797.16173597766, "p90": 69797.16173597766, "p95": 69797.16173597766, "p99": 69797.16173597766, "max": 69797.16173597766}}
{"actual_qps": 6.973372252663351, "success_rate": 100.0, "input_tokens": 4243, "output_tokens": 179, "model": "meta-llama/Llama-3.1-8B-Instruct", "input_tokens_per_minute": 1721463.3710992772, "output_tokens_per_minute": 72924.7769560565, "Latency": {"unit": "s", "min": 0.756736750015989, "p50": 4.581796201993711, "p90": 14.718777727358974, "p95": 16.838006861763997, "p99": 18.72183039653115, "max": 22.838738398975693}, "Throughput": {"unit": "tokens/s", "min": 2.9659936108447407, "p50": 37.201513761302884, "p90": 60.489290125651785, "p95": 64.86270289388102, "p99": 73.80479847868035, "max": 83.41708443168224}, "TTFT": {"unit": "s", "min": 0.3064145559910685, "p50": 1.5504992139758542, "p90": 5.703273309068755, "p95": 6.491037149750627, "p99": 8.026416097790934, "max": 12.06069391593337}, "TPOT": {"unit": "ms", "min": 8.859800019806915, "p50": 16.799846502025638, "p90": 52.805200615200455, "p95": 54.50592770462591, "p99": 56.159494641405445, "max": 61.479693648460156}, "Input Tokens per Minute": {"unit": "tokens/min", "min": 1721463.3710992772, "p50": 1721463.3710992772, "p90": 1721463.3710992772, "p95": 1721463.3710992772, "p99": 1721463.3710992772, "max": 1721463.3710992772}, "Output Tokens per Minute": {"unit": "tokens/min", "min": 72924.7769560565, "p50": 72924.7769560565, "p90": 72924.7769560565, "p95": 72924.7769560565, "p99": 72924.7769560565, "max": 72924.7769560565}}
{"actual_qps": 6.864124053293003, "success_rate": 100.0, "input_tokens": 4322, "output_tokens": 179, "model": "meta-llama/Llama-3.1-8B-Instruct", "input_tokens_per_minute": 1829806.9861082274, "output_tokens_per_minute": 76113.86705526747, "Latency": {"unit": "s", "min": 0.9272425849922001, "p50": 5.0895755919627845, "p90": 15.029652910889126, "p95": 16.116321619483642, "p99": 17.41335687884129, "max": 19.43258010095451}, "Throughput": {"unit": "tokens/s", "min": 2.829474801855978, "p50": 32.35403630429888, "p90": 64.03830068111978, "p95": 67.28282143092471, "p99": 81.3035417699736, "max": 88.06945839433466}, "TTFT": {"unit": "s", "min": 0.24317558598704636, "p50": 1.764275357942097, "p90": 5.4573718110332265, "p95": 5.956547797948588, "p99": 8.49106026411755, "max": 13.708986214012839}, "TPOT": {"unit": "ms", "min": 8.387399296385839, "p50": 19.08901684150538, "p90": 52.15895045244476, "p95": 54.6941606558382, "p99": 56.1222197021119, "max": 63.5696613058752}, "Input Tokens per Minute": {"unit": "tokens/min", "min": 1829806.9861082274, "p50": 1829806.9861082274, "p90": 1829806.9861082274, "p95": 1829806.9861082274, "p99": 1829806.9861082274, "max": 1829806.9861082274}, "Output Tokens per Minute": {"unit": "tokens/min", "min": 76113.86705526747, "p50": 76113.86705526747, "p90": 76113.86705526747, "p95": 76113.86705526747, "p99": 76113.86705526747, "max": 76113.86705526747}}
{"actual_qps": 7.064858343530461, "success_rate": 100.0, "input_tokens": 4364, "output_tokens": 176, "model": "meta-llama/Llama-3.1-8B-Instruct", "input_tokens_per_minute": 1804810.8841603003, "output_tokens_per_minute": 73003.35016453722, "Latency": {"unit": "s", "min": 0.9764240150107071, "p50": 5.991064753965475, "p90": 12.51632791000884, "p95": 14.570300017949194, "p99": 19.670025098044427, "max": 20.554838552954607}, "Throughput": {"unit": "tokens/s", "min": 1.8014557250304855, "p50": 26.19522456041356, "p90": 50.297566261531195, "p95": 57.70027347141676, "p99": 78.92695281924938, "max": 85.6186546558197}, "TTFT": {"unit": "s", "min": 0.3069167680805549, "p50": 2.3591966750100255, "p90": 5.606331806979142, "p95": 7.026595097966492, "p99": 9.222986123361625, "max": 10.11922032397706}, "TPOT": {"unit": "ms", "min": 3.97453008363733, "p50": 23.136743924688155, "p90": 43.85574547684911, "p95": 50.57037065172211, "p99": 58.86748741080661, "max": 89.86841505804263}, "Input Tokens per Minute": {"unit": "tokens/min", "min": 1804810.8841603003, "p50": 1804810.8841603003, "p90": 1804810.8841603003, "p95": 1804810.8841603003, "p99": 1804810.8841603003, "max": 1804810.8841603003}, "Output Tokens per Minute": {"unit": "tokens/min", "min": 73003.35016453722, "p50": 73003.35016453722, "p90": 73003.35016453722, "p95": 73003.35016453722, "p99": 73003.35016453722, "max": 73003.35016453722}}
{"actual_qps": 7.176412587905661, "success_rate": 100.0, "input_tokens": 4248, "output_tokens": 179, "model": "meta-llama/Llama-3.1-8B-Instruct", "input_tokens_per_minute": 1811038.7930975028, "output_tokens_per_minute": 76538.16238106333, "Latency": {"unit": "s", "min": 1.2485650490270928, "p50": 5.316720708447974, "p90": 11.937167465989475, "p95": 13.220872561697615, "p99": 17.36040388366092, "max": 19.335801774053834}, "Throughput": {"unit": "tokens/s", "min": 3.170405277025637, "p50": 31.631037191398292, "p90": 55.276785515640206, "p95": 60.68374128542803, "p99": 67.35613529502828, "max": 73.53780183259425}, "TTFT": {"unit": "s", "min": 0.2900899949017912, "p50": 1.8697360614314675, "p90": 4.638809285056777, "p95": 5.8386260011116935, "p99": 7.775338203813889, "max": 9.620802129036747}, "TPOT": {"unit": "ms", "min": 10.70620668822991, "p50": 19.77167450081442, "p90": 39.702225707286516, "p95": 44.32236508006869, "p99": 58.10461440099006, "max": 60.003967738672905}, "Input Tokens per Minute": {"unit": "tokens/min", "min": 1811038.7930975028, "p50": 1811038.7930975028, "p90": 1811038.7930975028, "p95": 1811038.7930975028, "p99": 1811038.7930975028, "max": 1811038.7930975028}, "Output Tokens per Minute": {"unit": "tokens/min", "min": 76538.16238106333, "p50": 76538.16238106333, "p90": 76538.16238106333, "p95": 76538.16238106333, "p99": 76538.16238106333, "max": 76538.16238106333}}
{"actual_qps": 7.132640751249097, "success_rate": 100.0, "input_tokens": 4273, "output_tokens": 178, "model": "meta-llama/Llama-3.1-8B-Instruct", "input_tokens_per_minute": 1863687.753605111, "output_tokens_per_minute": 77962.30178477627, "Latency": {"unit": "s", "min": 0.5945769640384242, "p50": 5.488794224977028, "p90": 13.57749553238973, "p95": 15.889761022949816, "p99": 18.415990059472385, "max": 19.364523951080628}, "Throughput": {"unit": "tokens/s", "min": 2.507745736940101, "p50": 33.16929236753853, "p90": 52.603499047767244, "p95": 58.6086118597236, "p99": 65.86140923031628, "max": 78.58805768730677}, "TTFT": {"unit": "s", "min": 0.044577936991117895, "p50": 1.783220240031369, "p90": 6.00199693699833, "p95": 6.838709199294678, "p99": 8.58566058883094, "max": 10.11605536006391}, "TPOT": {"unit": "ms", "min": 8.052788204018983, "p50": 21.65517547248568, "p90": 46.698623845393506, "p95": 53.80007118333585, "p99": 57.25007389183025, "max": 64.79514479869977},