{"target_qps": 4.0, "actual_qps": 3.9968068658603135, "success_rate": 100.0, "input_tokens": 4173, "output_tokens": 178, "model": "meta-llama/Llama-3.1-8B-Instruct", "input_tokens_per_minute": 1001550.710900474, "output_tokens_per_minute": 42899.71563981043, "Latency": {"unit": "s", "min": 0.5999239060329273, "p50": 3.579539910017047, "p90": 21.063139436999336, "p95": 24.7971206055081, "p99": 30.00826901021647, "max": 33.33872219105251}, "Throughput": {"unit": "tokens/s", "min": 1.0781929497165914, "p50": 52.3057858909842, "p90": 69.05733141683531, "p95": 74.48892164798539, "p99": 82.10328589538054, "max": 91.779049752358}, "TTFT": {"unit": "s", "min": 0.14654249197337776, "p50": 0.6076714390073903, "p90": 12.246565430017654, "p95": 15.020041329000378, "p99": 22.59911659301726, "max": 30.0964586220216}, "TPOT": {"unit": "ms", "min": 9.190893803966517, "p50": 16.0873531558125, "p90": 54.523363698334734, "p95": 56.13183918342945, "p99": 63.48014939298515, "max": 67.61159549757427}, "Input Tokens per Minute": {"unit": "tokens/min", "min": 1001550.710900474, "p50": 1001550.710900474, "p90": 1001550.710900474, "p95": 1001550.710900474, "p99": 1001550.710900474, "max": 1001550.710900474}, "Output Tokens per Minute": {"unit": "tokens/min", "min": 42899.71563981043, "p50": 42899.71563981043, "p90": 42899.71563981043, "p95": 42899.71563981043, "p99": 42899.71563981043, "max": 42899.71563981043}}
{"target_qps": 4.0, "actual_qps": 3.9967076078602366, "success_rate": 100.0, "input_tokens": 4157, "output_tokens": 177, "model": "meta-llama/Llama-3.1-8B-Instruct", "input_tokens_per_minute": 997785.7819905214, "output_tokens_per_minute": 42547.10900473934, "Latency": {"unit": "s", "min": 0.42661862197564915, "p50": 3.3855220680125058, "p90": 21.24470061995089, "p95": 24.666908219485776, "p99": 29.325291489774827, "max": 29.885039129003417}, "Throughput": {"unit": "tokens/s", "min": 0.8180546443181068, "p50": 53.610148419767405, "p90": 71.69590301982254, "p95": 76.97569701490315, "p99": 82.41551626357538, "max": 92.58712990943448}, "TTFT": {"unit": "s", "min": 0.07031662500230595, "p50": 0.4688460709876381, "p90": 11.140460446011275, "p95": 14.33057370246388, "p99": 18.601901613792872, "max": 19.866833957028575}, "TPOT": {"unit": "ms", "min": 9.202085175649755, "p50": 15.756705452351076, "p90": 55.250134341589565, "p95": 56.26898207283467, "p99": 67.23934324234772, "max": 186.61102033284908}, "Input Tokens per Minute": {"unit": "tokens/min", "min": 997785.7819905214, "p50": 997785.7819905214, "p90": 997785.7819905214, "p95": 997785.7819905214, "p99": 997785.7819905214, "max": 997785.7819905214}, "Output Tokens per Minute": {"unit": "tokens/min", "min": 42547.10900473934, "p50": 42547.10900473934, "p90": 42547.10900473934, "p95": 42547.10900473934, "p99": 42547.10900473934, "max": 42547.10900473934}}
{"target_qps": 4.0, "actual_qps": 3.996295407317576, "success_rate": 100.0, "input_tokens": 4205, "output_tokens": 173, "model": "meta-llama/Llama-3.1-8B-Instruct", "input_tokens_per_minute": 1009280.0, "output_tokens_per_minute": 41738.0, "Latency": {"unit": "s", "min": 0.5034861579770222, "p50": 4.344520965998527, "p90": 18.55943360440433, "p95": 21.546888868170207, "p99": 30.06878221571208, "max": 37.410894020984415}, "Throughput": {"unit": "tokens/s", "min": 1.156110605057342, "p50": 41.91491730875664, "p90": 67.61875375073198, "p95": 71.45597741336304, "p99": 87.22568656047672, "max": 95.15324871889496}, "TTFT": {"unit": "s", "min": 0.10111077904002741, "p50": 0.7887793784902897, "p90": 8.900834866584045, "p95": 13.751257881164198, "p99": 16.752789751025844, "max": 17.494568247988354}, "TPOT": {"unit": "ms", "min": 7.898630486247508, "p50": 19.530231293978815, "p90": 57.49183653949774, "p95": 59.6909315316691, "p99": 73.5865003190619, "max": 100.0820390602817}, "Input Tokens per Minute": {"unit": "tokens/min", "min": 1009280.0, "p50": 1009280.0, "p90": 1009280.0, "p95": 1009280.0, "p99": 1009280.0, "max": 1009280.0}, "Output Tokens per Minute": {"unit": "tokens/min", "min": 41738.0, "p50": 41738.0, "p90": 41738.0, "p95": 41738.0, "p99": 41738.0, "max": 41738.0}}
{"target_qps": 4.0, "actual_qps": 3.9887256300105673, "success_rate": 100.0, "input_tokens": 4237, "output_tokens": 175, "model": "meta-llama/Llama-3.1-8B-Instruct", "input_tokens_per_minute": 1022697.2853578195, "output_tokens_per_minute": 42234.62133336689, "Latency": {"unit": "s", "min": 0.4653837039950304, "p50": 4.264141498482786, "p90": 18.7097923981084, "p95": 22.32411025012261, "p99": 36.004726571634535, "max": 37.43907084799139}, "Throughput": {"unit": "tokens/s", "min": 1.550899821262113, "p50": 43.04683361643845, "p90": 70.856632294083, "p95": 76.06862258351903, "p99": 98.76237072720272, "max": 106.98868142835285}, "TTFT": {"unit": "s", "min": 0.04793033702298999, "p50": 0.5410724270041101, "p90": 8.778187369374793, "p95": 14.840018551616227, "p99": 17.330707404271816, "max": 18.992687150021084}, "TPOT": {"unit": "ms", "min": 8.19714817080422, "p50": 20.15669666079748, "p90": 57.62155148409536, "p95": 60.27346067972967, "p99": 99.09342925842319, "max": 185.00299583329485}, "Input Tokens per Minute": {"unit": "tokens/min", "min": 1022697.2853578195, "p50": 1022697.2853578195, "p90": 1022697.2853578195, "p95": 1022697.2853578195, "p99": 1022697.2853578195, "max": 1022697.2853578195}, "Output Tokens per Minute": {"unit": "tokens/min", "min": 42234.62133336689, "p50": 42234.62133336689, "p90": 42234.62133336689, "p95": 42234.62133336689, "p99": 42234.62133336689, "max": 42234.62133336689}}
{"target_qps": 4.0, "actual_qps": 3.9960524789130716, "success_rate": 100.0, "input_tokens": 4303, "output_tokens": 182, "model": "meta-llama/Llama-3.1-8B-Instruct", "input_tokens_per_minute": 1032939.8230088495, "output_tokens_per_minute": 43913.62831858407, "Latency": {"unit": "s", "min": 0.7833718779729679, "p50": 4.454016497475095, "p90": 21.053268425981514, "p95": 25.50373445371224, "p99": 37.58723870999529, "max": 41.43022928602295}, "Throughput": {"unit": "tokens/s", "min": 0.693926588234313, "p50": 41.95792648185997, "p90": 61.18923335928825, "p95": 65.46603881595033, "p99": 79.23656298599877, "max": 86.25679826468145}, "TTFT": {"unit": "s", "min": 0.11936125002102926, "p50": 0.7317653255013283, "p90": 12.188657404505648, "p95": 15.703124736013706, "p99": 22.265101304248674, "max": 38.7777589650359}, "TPOT": {"unit": "ms", "min": 8.873770186027052, "p50": 19.47332632797536, "p90": 58.66324430639884, "p95": 61.03031498882522, "p99": 96.17156533917222, "max": 118.50340452843479}, "Input Tokens per Minute": {"unit": "tokens/min", "min": 1032939.8230088495, "p50": 1032939.8230088495, "p90": 1032939.8230088495, "p95": 1032939.8230088495, "p99": 1032939.8230088495, "max": 1032939.8230088495}, "Output Tokens per Minute": {"unit": "tokens/min", "min": 43913.62831858407, "p50": 43913.62831858407, "p90": 43913.62831858407, "p95": 43913.62831858407, "p99": 43913.62831858407, "max": 43913.62831858407}}
{"target_qps": 4.0, "actual_qps": 3.991537397333946, "success_rate": 100.0, "input_tokens": 4292, "output_tokens": 178, "model": "meta-llama/Llama-3.1-8B-Instruct", "input_tokens_per_minute": 1030128.4210526316, "output_tokens_per_minute": 42904.210526315794, "Latency": {"unit": "s", "min": 0.6865850450121798, "p50": 4.082348627969623, "p90": 17.281382347125327, "p95": 22.90497431248368, "p99": 34.06561511684608, "max": 37.77327228698414}, "Throughput": {"unit": "tokens/s", "min": 1.1038124749069855, "p50": 44.4509187971131, "p90": 64.94089771582836, "p95": 69.23543098218562, "p99": 88.49808101784137, "max": 100.26379454639034}, "TTFT": {"unit": "s", "min": 0.06395099102519453, "p50": 0.4493146100139711, "p90": 7.020788349595421, "p95": 13.632137909409355, "p99": 18.841549669294036, "max": 22.63173798797652}, "TPOT": {"unit": "ms", "min": 8.9835025728142, "p50": 20.14161144215356, "p90": 58.47600902145233, "p95": 61.5790746534132, "p99": 94.51317947965124, "max": 115.84590638314744},