{"target_qps": 4.5, "actual_qps": 4.114263757732188, "success_rate": 100.0, "input_tokens": 166, "output_tokens": 349, "model": "meta-llama/Llama-3.1-8B-Instruct", "input_tokens_per_minute": 44846.28318584071, "output_tokens_per_minute": 94483.27433628318, "Latency": {"unit": "s", "min": 2.8191439219517633, "p50": 3.073424117988907, "p90": 18.055966252053622, "p95": 22.046955991594587, "p99": 28.57893087528646, "max": 30.73744609602727}, "Throughput": {"unit": "tokens/s", "min": 11.386762547108184, "p50": 113.879513528913, "p90": 117.37941751091009, "p95": 119.12051176376329, "p99": 121.32523188658485, "max": 124.15116421501685}, "TTFT": {"unit": "s", "min": 0.017603276995941997, "p50": 0.04015755996806547, "p90": 0.49750429450068623, "p95": 0.7571881024923641, "p99": 6.358384911261965, "max": 14.922115958062932}, "TPOT": {"unit": "ms", "min": 7.8630837248931815, "p50": 8.67216410162061, "p90": 48.959534888303864, "p95": 58.64153654223847, "p99": 78.26057457080562, "max": 83.03908321487431}, "Input Tokens per Minute": {"unit": "tokens/min", "min": 44846.28318584071, "p50": 44846.28318584071, "p90": 44846.28318584071, "p95": 44846.28318584071, "p99": 44846.28318584071, "max": 44846.28318584071}, "Output Tokens per Minute": {"unit": "tokens/min", "min": 94483.27433628318, "p50": 94483.27433628318, "p90": 94483.27433628318, "p95": 94483.27433628318, "p99": 94483.27433628318, "max": 94483.27433628318}}
{"target_qps": 4.5, "actual_qps": 4.46631357155677, "success_rate": 100.0, "input_tokens": 172, "output_tokens": 350, "model": "meta-llama/Llama-3.1-8B-Instruct", "input_tokens_per_minute": 46542.96610169491, "output_tokens_per_minute": 94500.0, "Latency": {"unit": "s", "min": 2.871178355999291, "p50": 3.058491856965702, "p90": 12.158374187536538, "p95": 17.700626301462762, "p99": 25.676241679809763, "max": 31.408919551991858}, "Throughput": {"unit": "tokens/s", "min": 11.143331416435306, "p50": 114.43548635532613, "p90": 117.34822510957824, "p95": 118.95825356062157, "p99": 121.17816659130263, "max": 121.90116969525053}, "TTFT": {"unit": "s", "min": 0.018612043000757694, "p50": 0.031939752981998026, "p90": 0.3582040764740668, "p95": 0.7416406920237932, "p99": 8.951365633611589, "max": 16.874379566055723}, "TPOT": {"unit": "ms", "min": 7.825504309620528, "p50": 8.640962028755862, "p90": 31.63073982651156, "p95": 46.14155291997291, "p99": 66.26024008533433, "max": 73.93859106284114}, "Input Tokens per Minute": {"unit": "tokens/min", "min": 46542.96610169491, "p50": 46542.96610169491, "p90": 46542.96610169491, "p95": 46542.96610169491, "p99": 46542.96610169491, "max": 46542.96610169491}, "Output Tokens per Minute": {"unit": "tokens/min", "min": 94500.0, "p50": 94500.0, "p90": 94500.0, "p95": 94500.0, "p99": 94500.0, "max": 94500.0}}
{"target_qps": 4.5, "actual_qps": 4.201219743591881, "success_rate": 100.0, "input_tokens": 153, "output_tokens": 350, "model": "meta-llama/Llama-3.1-8B-Instruct", "input_tokens_per_minute": 41438.06324110672, "output_tokens_per_minute": 94500.0, "Latency": {"unit": "s", "min": 2.8132299639983103, "p50": 3.0433872219873592, "p90": 20.262230807426388, "p95": 32.43330328823067, "p99": 46.89413839033802, "max": 51.72216785594355}, "Throughput": {"unit": "tokens/s", "min": 6.766924406084816, "p50": 115.00344007209404, "p90": 119.30339298233491, "p95": 120.82816626763783, "p99": 124.1089394943945, "max": 124.412154171201}, "TTFT": {"unit": "s", "min": 0.018137585022486746, "p50": 0.0274525280110538, "p90": 0.4571013255976141, "p95": 1.2373957467731067, "p99": 14.83173514374066, "max": 19.96237121906597}, "TPOT": {"unit": "ms", "min": 7.993213484133126, "p50": 8.627445146142584, "p90": 53.52818635365736, "p95": 70.76462564314772, "p99": 113.6299508712374, "max": 133.63086913457477}, "Input Tokens per Minute": {"unit": "tokens/min", "min": 41438.06324110672, "p50": 41438.06324110672, "p90": 41438.06324110672, "p95": 41438.06324110672, "p99": 41438.06324110672, "max": 41438.06324110672}, "Output Tokens per Minute": {"unit": "tokens/min", "min": 94500.0, "p50": 94500.0, "p90": 94500.0, "p95": 94500.0, "p99": 94500.0, "max": 94500.0}}
{"target_qps": 4.5, "actual_qps": 4.4628925641107795, "success_rate": 100.0, "input_tokens": 172, "output_tokens": 349, "model": "meta-llama/Llama-3.1-8B-Instruct", "input_tokens_per_minute": 46688.76404494382, "output_tokens_per_minute": 94425.16853932584, "Latency": {"unit": "s", "min": 2.319449626025744, "p50": 3.050759445060976, "p90": 19.970621322025547, "p95": 23.862052050977944, "p99": 36.1159389576362, "max": 42.94192573800683}, "Throughput": {"unit": "tokens/s", "min": 8.150542715186704, "p50": 114.72553188899641, "p90": 119.1936481340732, "p95": 119.72609249653524, "p99": 123.67520620568146, "max": 124.66228266385005}, "TTFT": {"unit": "s", "min": 0.01643889001570642, "p50": 0.027575179934501648, "p90": 0.43928444718476406, "p95": 0.7920580995036283, "p99": 11.256707034918588, "max": 21.584333754959516}, "TPOT": {"unit": "ms", "min": 7.977439237713153, "p50": 8.660215773702436, "p90": 51.89300629345001, "p95": 66.50885954064937, "p99": 88.99315804582616, "max": 122.14329605455107}, "Input Tokens per Minute": {"unit": "tokens/min", "min": 46688.76404494382, "p50": 46688.76404494382, "p90": 46688.76404494382, "p95": 46688.76404494382, "p99": 46688.76404494382, "max": 46688.76404494382}, "Output Tokens per Minute": {"unit": "tokens/min", "min": 94425.16853932584, "p50": 94425.16853932584, "p90": 94425.16853932584, "p95": 94425.16853932584, "p99": 94425.16853932584, "max": 94425.16853932584}}
{"target_qps": 4.5, "actual_qps": 4.193385370517235, "success_rate": 100.0, "input_tokens": 85, "output_tokens": 348, "model": "meta-llama/Llama-3.1-8B-Instruct", "input_tokens_per_minute": 22977.63779527559, "output_tokens_per_minute": 94152.40157480315, "Latency": {"unit": "s", "min": 1.5158176199765876, "p50": 3.0201602350571193, "p90": 23.842868175660286, "p95": 29.978047727572264, "p99": 36.91990422485978, "max": 51.42335191403981}, "Throughput": {"unit": "tokens/s", "min": 6.806246325308902, "p50": 115.86800607334612, "p90": 119.88294143159979, "p95": 120.79373552366629, "p99": 121.34472007698805, "max": 124.19125858254614}, "TTFT": {"unit": "s", "min": 0.01630248303990811, "p50": 0.025782963493838906, "p90": 0.3052550264634195, "p95": 0.671809329278767, "p99": 7.315570417917331, "max": 25.12473396898713}, "TPOT": {"unit": "ms", "min": 8.003745326788344, "p50": 8.573566577437315, "p90": 50.06279869383363, "p95": 83.34445550992423, "p99": 95.37025082796373, "max": 145.60340706860768}, "Input Tokens per Minute": {"unit": "tokens/min", "min": 22977.63779527559, "p50": 22977.63779527559, "p90": 22977.63779527559, "p95": 22977.63779527559, "p99": 22977.63779527559, "max": 22977.63779527559}, "Output Tokens per Minute": {"unit": "tokens/min", "min": 94152.40157480315, "p50": 94152.40157480315, "p90": 94152.40157480315, "p95": 94152.40157480315, "p99": 94152.40157480315, "max": 94152.40157480315}}
{"target_qps": 4.5, "actual_qps": 4.733680770687777, "success_rate": 100.0, "input_tokens": 89, "output_tokens": 347, "model": "meta-llama/Llama-3.1-8B-Instruct", "input_tokens_per_minute": 24062.603773584906, "output_tokens_per_minute": 93902.94339622642, "Latency": {"unit": "s", "min": 0.7014280739240348, "p50": 3.0166829549707472, "p90": 12.603003280935809, "p95": 26.180072710802776, "p99": 39.37227780604735, "max": 51.08217472699471}, "Throughput": {"unit": "tokens/s", "min": 6.087266703951194, "p50": 115.92249206404163, "p90": 119.8639842840133, "p95": 121.01618071545971, "p99": 121.61399204065609, "max": 123.65356861550667}, "TTFT": {"unit": "s", "min": 0.017200700007379055, "p50": 0.02604266197886318, "p90": 0.24334926882293065, "p95": 0.5171337232226503, "p99": 9.984713959186431, "max": 23.514229202992283}, "TPOT": {"unit": "ms", "min": 8.043240146367225, "p50": 8.572919596117364, "p90": 33.12715796785787, "p95": 61.07089859713656, "p99": 107.65695202102987, "max": 164.07493292230637},