{"target_qps": 3.5, "actual_qps": 3.4978375178036467, "success_rate": 100.0, "input_tokens": 4214, "output_tokens": 170, "model": "meta-llama/Llama-3.1-8B-Instruct", "input_tokens_per_minute": 885117.0810810811, "output_tokens_per_minute": 35837.35135135135, "Latency": {"unit": "s", "min": 0.683496875979472, "p50": 3.785840349039063, "p90": 11.630567830824292, "p95": 15.002840931015088, "p99": 17.109574897903943, "max": 18.266099825967103}, "Throughput": {"unit": "tokens/s", "min": 5.208053265433108, "p50": 48.6258946051079, "p90": 79.3989744057941, "p95": 85.16602137789903, "p99": 91.20480503373885, "max": 92.43750069734045}, "TTFT": {"unit": "s", "min": 0.07558452402008697, "p50": 0.6740940550225787, "p90": 3.0172134172054936, "p95": 4.600155340216581, "p99": 8.04577576626092, "max": 8.307825459982269}, "TPOT": {"unit": "ms", "min": 9.384536783997175, "p50": 15.993484562957873, "p90": 51.08975613062426, "p95": 58.05175055190452, "p99": 63.01673398089908, "max": 122.93335769532456}, "Input Tokens per Minute": {"unit": "tokens/min", "min": 885117.0810810811, "p50": 885117.0810810811, "p90": 885117.0810810811, "p95": 885117.0810810811, "p99": 885117.0810810811, "max": 885117.0810810811}, "Output Tokens per Minute": {"unit": "tokens/min", "min": 35837.35135135135, "p50": 35837.35135135135, "p90": 35837.35135135135, "p95": 35837.35135135135, "p99": 35837.35135135135, "max": 35837.35135135135}}
{"target_qps": 3.5, "actual_qps": 3.4996402086990215, "success_rate": 100.0, "input_tokens": 4232, "output_tokens": 173, "model": "meta-llama/Llama-3.1-8B-Instruct", "input_tokens_per_minute": 888810.962566845, "output_tokens_per_minute": 36535.50802139038, "Latency": {"unit": "s", "min": 0.27436039195163175, "p50": 3.6632622880279087, "p90": 11.417371618398468, "p95": 13.525341174274207, "p99": 16.227422663895407, "max": 18.45122268999694}, "Throughput": {"unit": "tokens/s", "min": 4.099946642422658, "p50": 51.459538754363294, "p90": 80.25520099439481, "p95": 86.63490286448206, "p99": 90.63258623611907, "max": 92.55779853014519}, "TTFT": {"unit": "s", "min": 0.05144522897899151, "p50": 0.4689384280354716, "p90": 2.8109953452018095, "p95": 3.927721363998716, "p99": 7.137430080657342, "max": 10.772030541033018}, "TPOT": {"unit": "ms", "min": 9.136565275386802, "p50": 16.217650984877242, "p90": 48.650561190086265, "p95": 57.015378252150526, "p99": 66.77238520090648, "max": 101.53892300037953}, "Input Tokens per Minute": {"unit": "tokens/min", "min": 888810.962566845, "p50": 888810.962566845, "p90": 888810.962566845, "p95": 888810.962566845, "p99": 888810.962566845, "max": 888810.962566845}, "Output Tokens per Minute": {"unit": "tokens/min", "min": 36535.50802139038, "p50": 36535.50802139038, "p90": 36535.50802139038, "p95": 36535.50802139038, "p99": 36535.50802139038, "max": 36535.50802139038}}
{"target_qps": 3.5, "actual_qps": 3.4949758838023315, "success_rate": 100.0, "input_tokens": 4250, "output_tokens": 176, "model": "meta-llama/Llama-3.1-8B-Instruct", "input_tokens_per_minute": 920927.1439464526, "output_tokens_per_minute": 38264.993104944384, "Latency": {"unit": "s", "min": 0.48617663100594655, "p50": 3.5720404509920627, "p90": 14.06162471616408, "p95": 15.851970641419754, "p99": 19.289376391039696, "max": 20.431764675013255}, "Throughput": {"unit": "tokens/s", "min": 5.780532763226821, "p50": 51.916173596591854, "p90": 78.78130306642738, "p95": 87.2080082827696, "p99": 96.35673197221872, "max": 101.71295277278863}, "TTFT": {"unit": "s", "min": 0.08646007598144934, "p50": 0.6646020099869929, "p90": 4.117290618969128, "p95": 6.332492735004052, "p99": 10.867463871263906, "max": 12.333285011001863}, "TPOT": {"unit": "ms", "min": 9.13297530320106, "p50": 15.881696029269285, "p90": 51.18581540354415, "p95": 56.36752957426247, "p99": 63.429912852261445, "max": 68.81995934667768}, "Input Tokens per Minute": {"unit": "tokens/min", "min": 920927.1439464526, "p50": 920927.1439464526, "p90": 920927.1439464526, "p95": 920927.1439464526, "p99": 920927.1439464526, "max": 920927.1439464526}, "Output Tokens per Minute": {"unit": "tokens/min", "min": 38264.993104944384, "p50": 38264.993104944384, "p90": 38264.993104944384, "p95": 38264.993104944384, "p99": 38264.993104944384, "max": 38264.993104944384}}
{"target_qps": 3.5, "actual_qps": 3.4983588709924693, "success_rate": 100.0, "input_tokens": 4216, "output_tokens": 176, "model": "meta-llama/Llama-3.1-8B-Instruct", "input_tokens_per_minute": 922950.0312496114, "output_tokens_per_minute": 38636.87490234683, "Latency": {"unit": "s", "min": 0.46027463604696095, "p50": 3.477845140034333, "p90": 13.576191747991839, "p95": 15.149928818695479, "p99": 16.815715138775992, "max": 20.228560376970563}, "Throughput": {"unit": "tokens/s", "min": 4.1769569401887425, "p50": 53.67859543334471, "p90": 83.06757218099074, "p95": 95.13324994353526, "p99": 101.61256814309641, "max": 103.93123800118106}, "TTFT": {"unit": "s", "min": 0.06927997403545305, "p50": 0.4992868599947542, "p90": 3.7308964397758255, "p95": 5.4060995219042525, "p99": 8.02474220359465, "max": 11.382043619989417}, "TPOT": {"unit": "ms", "min": 3.534921646967311, "p50": 16.15415622169773, "p90": 50.71664365473984, "p95": 58.5193402175417, "p99": 67.98616086169095, "max": 70.50726439656856}, "Input Tokens per Minute": {"unit": "tokens/min", "min": 922950.0312496114, "p50": 922950.0312496114, "p90": 922950.0312496114, "p95": 922950.0312496114, "p99": 922950.0312496114, "max": 922950.0312496114}, "Output Tokens per Minute": {"unit": "tokens/min", "min": 38636.87490234683, "p50": 38636.87490234683, "p90": 38636.87490234683, "p95": 38636.87490234683, "p99": 38636.87490234683, "max": 38636.87490234683}}
{"target_qps": 3.5, "actual_qps": 3.4985012330352805, "success_rate": 100.0, "input_tokens": 4101, "output_tokens": 179, "model": "meta-llama/Llama-3.1-8B-Instruct", "input_tokens_per_minute": 861373.448275862, "output_tokens_per_minute": 37789.65517241379, "Latency": {"unit": "s", "min": 0.4926702309749089, "p50": 3.939205108967144, "p90": 12.553643321210986, "p95": 19.979369494802086, "p99": 20.430470045628027, "max": 20.693114853987936}, "Throughput": {"unit": "tokens/s", "min": 4.433387670843001, "p50": 44.98015926070971, "p90": 71.49800531093264, "p95": 79.627257761796, "p99": 90.74080352723504, "max": 99.89834878634062}, "TTFT": {"unit": "s", "min": 0.05116798001108691, "p50": 0.603540251031518, "p90": 3.513071965985001, "p95": 4.659712180600035, "p99": 8.597228007552905, "max": 11.983327849011403}, "TPOT": {"unit": "ms", "min": 8.816613773897235, "p50": 18.16183076873094, "p90": 52.007989802941395, "p95": 89.19137445443432, "p99": 92.11023364621495, "max": 92.33351989447995}, "Input Tokens per Minute": {"unit": "tokens/min", "min": 861373.448275862, "p50": 861373.448275862, "p90": 861373.448275862, "p95": 861373.448275862, "p99": 861373.448275862, "max": 861373.448275862}, "Output Tokens per Minute": {"unit": "tokens/min", "min": 37789.65517241379, "p50": 37789.65517241379, "p90": 37789.65517241379, "p95": 37789.65517241379, "p99": 37789.65517241379, "max": 37789.65517241379}}
{"target_qps": 3.5, "actual_qps": 3.4943221557730717, "success_rate": 100.0, "input_tokens": 4058, "output_tokens": 180, "model": "meta-llama/Llama-3.1-8B-Instruct", "input_tokens_per_minute": 852386.985645933, "output_tokens_per_minute": 37859.282296650716, "Latency": {"unit": "s", "min": 0.4818236820283346, "p50": 4.086548745981418, "p90": 11.980223431403287, "p95": 19.911182667827234, "p99": 20.598457213628567, "max": 20.880068055994343}, "Throughput": {"unit": "tokens/s", "min": 3.2000478882418912, "p50": 45.21836270100248, "p90": 73.66607337225189, "p95": 81.0468730103794, "p99": 88.54806481684774, "max": 92.66566470184681}, "TTFT": {"unit": "s", "min": 0.05320476199267432, "p50": 0.7748098589945585, "p90": 3.8044164580293, "p95": 4.320216536230873, "p99": 8.023671772715167, "max": 12.153528987022582}, "TPOT": {"unit": "ms", "min": 7.886573582557807, "p50": 18.746018246221052,