{"target_qps": 4.5, "actual_qps": 4.129055952634837, "success_rate": 100.0, "input_tokens": 277, "output_tokens": 298, "model": "meta-llama/Llama-3.1-8B-Instruct", "input_tokens_per_minute": 74978.53448275862, "output_tokens_per_minute": 80672.97413793103, "Latency": {"unit": "s", "min": 0.37352407997241244, "p50": 2.713304500503, "p90": 2.956738698465051, "p95": 3.836266772655654, "p99": 28.486852125116847, "max": 36.389308560988866}, "Throughput": {"unit": "tokens/s", "min": 8.244179729251982, "p50": 110.50888597280249, "p90": 114.83347616022759, "p95": 116.56949927212686, "p99": 118.81239983423548, "max": 120.50310838220067}, "TTFT": {"unit": "s", "min": 0.04324248997727409, "p50": 0.12341383000602946, "p90": 0.29949443589430313, "p95": 0.3847388131718617, "p99": 0.7625600566004869, "max": 4.243235876027029}, "TPOT": {"unit": "ms", "min": 7.921165922955675, "p50": 8.634193187262582, "p90": 9.049761243418395, "p95": 12.37236171084601, "p99": 93.02129729644489, "max": 117.47800307344478}, "Input Tokens per Minute": {"unit": "tokens/min", "min": 74978.53448275862, "p50": 74978.53448275862, "p90": 74978.53448275862, "p95": 74978.53448275862, "p99": 74978.53448275862, "max": 74978.53448275862}, "Output Tokens per Minute": {"unit": "tokens/min", "min": 80672.97413793103, "p50": 80672.97413793103, "p90": 80672.97413793103, "p95": 80672.97413793103, "p99": 80672.97413793103, "max": 80672.97413793103}}
{"target_qps": 4.5, "actual_qps": 3.9540585692607033, "success_rate": 100.0, "input_tokens": 240, "output_tokens": 298, "model": "meta-llama/Llama-3.1-8B-Instruct", "input_tokens_per_minute": 64816.08510638298, "output_tokens_per_minute": 80501.36170212766, "Latency": {"unit": "s", "min": 0.9546371649485081, "p50": 2.7054822630016133, "p90": 3.473697142791931, "p95": 3.8634742885886224, "p99": 38.429153520338, "max": 41.20414750999771}, "Throughput": {"unit": "tokens/s", "min": 7.280820454475085, "p50": 110.82054309389487, "p90": 115.71160278887777, "p95": 116.54995792948044, "p99": 116.9671575875165, "max": 118.84618231475129}, "TTFT": {"unit": "s", "min": 0.02432023297296837, "p50": 0.10848215699661523, "p90": 0.243611571600195, "p95": 0.3793780193780548, "p99": 1.1215270965511441, "max": 8.46755659201881}, "TPOT": {"unit": "ms", "min": 7.711336842853339, "p50": 8.657464494945849, "p90": 9.19504786555789, "p95": 12.613812238885163, "p99": 117.52008130101103, "max": 137.57312941473182}, "Input Tokens per Minute": {"unit": "tokens/min", "min": 64816.08510638298, "p50": 64816.08510638298, "p90": 64816.08510638298, "p95": 64816.08510638298, "p99": 64816.08510638298, "max": 64816.08510638298}, "Output Tokens per Minute": {"unit": "tokens/min", "min": 80501.36170212766, "p50": 80501.36170212766, "p90": 80501.36170212766, "p95": 80501.36170212766, "p99": 80501.36170212766, "max": 80501.36170212766}}
{"target_qps": 4.5, "actual_qps": 3.828545331569819, "success_rate": 100.0, "input_tokens": 257, "output_tokens": 300, "model": "meta-llama/Llama-3.1-8B-Instruct", "input_tokens_per_minute": 69462.30125523012, "output_tokens_per_minute": 81000.0, "Latency": {"unit": "s", "min": 2.4906134249758907, "p50": 2.649045312020462, "p90": 4.761032482795417, "p95": 5.724591460789088, "p99": 39.19863907253604, "max": 44.823109549994115}, "Throughput": {"unit": "tokens/s", "min": 6.692976078899448, "p50": 113.24834597532272, "p90": 117.51717415644165, "p95": 118.55909094318196, "p99": 119.84693340814681, "max": 120.4522536462695}, "TTFT": {"unit": "s", "min": 0.026120913971681148, "p50": 0.12063580600079149, "p90": 0.35674989699618975, "p95": 0.594789989670971, "p99": 5.529907564596509, "max": 6.1312960120267235}, "TPOT": {"unit": "ms", "min": 8.010058254190412, "p50": 8.446071404779959, "p90": 15.41689007899671, "p95": 16.040589123124093, "p99": 122.79648412182543, "max": 149.68164221412445}, "Input Tokens per Minute": {"unit": "tokens/min", "min": 69462.30125523012, "p50": 69462.30125523012, "p90": 69462.30125523012, "p95": 69462.30125523012, "p99": 69462.30125523012, "max": 69462.30125523012}, "Output Tokens per Minute": {"unit": "tokens/min", "min": 81000.0, "p50": 81000.0, "p90": 81000.0, "p95": 81000.0, "p99": 81000.0, "max": 81000.0}}
{"target_qps": 4.5, "actual_qps": 3.8303611968638, "success_rate": 100.0, "input_tokens": 190, "output_tokens": 299, "model": "meta-llama/Llama-3.1-8B-Instruct", "input_tokens_per_minute": 51567.58928571429, "output_tokens_per_minute": 80760.13392857143, "Latency": {"unit": "s", "min": 1.1086015150067396, "p50": 2.6345710919995327, "p90": 4.8431445120077115, "p95": 5.078361050537206, "p99": 15.391569292331715, "max": 42.455084418004844}, "Throughput": {"unit": "tokens/s", "min": 7.0662914492468305, "p50": 113.80539445140346, "p90": 117.81293902116455, "p95": 118.73008025975153, "p99": 120.36027212562213, "max": 122.19064592346288}, "TTFT": {"unit": "s", "min": 0.024579630990047008, "p50": 0.11454302200581878, "p90": 0.296561857883353, "p95": 0.3933127187017817, "p99": 0.7746699110959904, "max": 5.067289302009158}, "TPOT": {"unit": "ms", "min": 7.781394785947562, "p50": 8.393919578578984, "p90": 15.763291184471946, "p95": 16.46546410138946, "p99": 50.612011222353026, "max": 141.4919442942609}, "Input Tokens per Minute": {"unit": "tokens/min", "min": 51567.58928571429, "p50": 51567.58928571429, "p90": 51567.58928571429, "p95": 51567.58928571429, "p99": 51567.58928571429, "max": 51567.58928571429}, "Output Tokens per Minute": {"unit": "tokens/min", "min": 80760.13392857143, "p50": 80760.13392857143, "p90": 80760.13392857143, "p95": 80760.13392857143, "p99": 80760.13392857143, "max": 80760.13392857143}}
{"target_qps": 4.5, "actual_qps": 3.861593263239799, "success_rate": 100.0, "input_tokens": 212, "output_tokens": 299, "model": "meta-llama/Llama-3.1-8B-Instruct", "input_tokens_per_minute": 57333.10344827586, "output_tokens_per_minute": 80871.98275862068, "Latency": {"unit": "s", "min": 2.1433102500159293, "p50": 2.6697456054971553, "p90": 4.925481174897868, "p95": 5.177915771026164, "p99": 6.564864750349079, "max": 7.46137183503015}, "Throughput": {"unit": "tokens/s", "min": 40.20708344697953, "p50": 112.3319444696289, "p90": 117.16726459305016, "p95": 118.67505005878081, "p99": 120.7992298092906, "max": 122.42203959770895}, "TTFT": {"unit": "s", "min": 0.024077292007859796, "p50": 0.11181894800392911, "p90": 0.18883447058615274, "p95": 0.29569944853719776, "p99": 0.4168941583950072, "max": 2.1484776419820264}, "TPOT": {"unit": "ms", "min": 7.726658264332355, "p50": 8.538631632099438, "p90": 16.01451167051858, "p95": 16.743283540629122, "p99": 20.26307347370973, "max": 24.60463195657638}, "Input Tokens per Minute": {"unit": "tokens/min", "min": 57333.10344827586, "p50": 57333.10344827586, "p90": 57333.10344827586, "p95": 57333.10344827586, "p99": 57333.10344827586, "max": 57333.10344827586}, "Output Tokens per Minute": {"unit": "tokens/min", "min": 80871.98275862068, "p50": 80871.98275862068, "p90": 80871.98275862068, "p95": 80871.98275862068, "p99": 80871.98275862068, "max": 80871.98275862068}}
{"target_qps": 4.5, "actual_qps": 4.311142620718079, "success_rate": 100.0, "input_tokens": 225, "output_tokens": 297, "model": "meta-llama/Llama-3.1-8B-Instruct", "input_tokens_per_minute": 60973.269230769234, "output_tokens_per_minute": 80458.96153846155, "Latency": {"unit": "s", "min": 1.2684980389894918, "p50": 2.6638116104586516, "p90": 4.781599313061451, "p95": 5.32931516569806, "p99": 6.875046246526205, "max": 7.507831091003027}, "Throughput": {"unit": "tokens/s", "min": 28.0237409151352, "p50": 112.51431849138335, "p90": 117.21213956324499, "p95": 118.17280604098356, "p99": 119.85145165372927, "max": 121.05688725060068}, "TTFT": {"unit": "s", "min": 0.026298637967556715, "p50": 0.12292379100108519, "p90": 0.22409134819172322, "p95": 0.41389250995707694, "p99": 0.7321427091356707, "max": 1.830783678975422}, "TPOT": {"unit": "ms", "min": 7.96847226429905, "p50": 8.490634068553133, "p90": 15.54029388822394, "p95": 16.46282997579596,