{"target_qps": 2.5, "actual_qps": 2.4987966628596663, "success_rate": 100.0, "input_tokens": 4151, "output_tokens": 175, "model": "meta-llama/Llama-3.1-8B-Instruct", "input_tokens_per_minute": 622752.7972027971, "output_tokens_per_minute": 26269.93006993007, "Latency": {"unit": "s", "min": 0.3542498550377786, "p50": 2.731218806002289, "p90": 5.821245113317855, "p95": 6.318015584954992, "p99": 6.973994360477669, "max": 8.637113806908019}, "Throughput": {"unit": "tokens/s", "min": 12.32148805616006, "p50": 57.9316275013756, "p90": 91.3359574459098, "p95": 97.06890026611757, "p99": 107.30039752038158, "max": 108.78623362085096}, "TTFT": {"unit": "s", "min": 0.057738077943213284, "p50": 0.42598350695334375, "p90": 1.690051991632208, "p95": 2.059276107267942, "p99": 3.485999276216626, "max": 4.253001783974469}, "TPOT": {"unit": "ms", "min": 8.094460202254734, "p50": 12.37417049964683, "p90": 22.635887666773893, "p95": 23.653446562616296, "p99": 25.408051094138557, "max": 29.241138331902523}, "Input Tokens per Minute": {"unit": "tokens/min", "min": 622752.7972027971, "p50": 622752.7972027971, "p90": 622752.7972027971, "p95": 622752.7972027971, "p99": 622752.7972027971, "max": 622752.7972027971}, "Output Tokens per Minute": {"unit": "tokens/min", "min": 26269.93006993007, "p50": 26269.93006993007, "p90": 26269.93006993007, "p95": 26269.93006993007, "p99": 26269.93006993007, "max": 26269.93006993007}}
{"target_qps": 2.5, "actual_qps": 2.499934818325793, "success_rate": 100.0, "input_tokens": 4151, "output_tokens": 175, "model": "meta-llama/Llama-3.1-8B-Instruct", "input_tokens_per_minute": 622752.7972027971, "output_tokens_per_minute": 26316.083916083917, "Latency": {"unit": "s", "min": 0.22555436997208744, "p50": 2.447488658945076, "p90": 5.3690190353896465, "p95": 6.185460020776373, "p99": 7.3168565175379685, "max": 7.753305105026811}, "Throughput": {"unit": "tokens/s", "min": 14.24950391880859, "p50": 75.58307304047187, "p90": 96.65989064508412, "p95": 99.9874896094828, "p99": 107.17860432268171, "max": 111.15726558538809}, "TTFT": {"unit": "s", "min": 0.041063800919801, "p50": 0.25671004597097635, "p90": 1.1631354322424157, "p95": 1.692697956110351, "p99": 2.9462455204967446, "max": 4.037024421966635}, "TPOT": {"unit": "ms", "min": 8.433955195640685, "p50": 11.572307499591261, "p90": 22.42127066728514, "p95": 23.64557217069476, "p99": 24.801007688755586, "max": 25.568323974478897}, "Input Tokens per Minute": {"unit": "tokens/min", "min": 622752.7972027971, "p50": 622752.7972027971, "p90": 622752.7972027971, "p95": 622752.7972027971, "p99": 622752.7972027971, "max": 622752.7972027971}, "Output Tokens per Minute": {"unit": "tokens/min", "min": 26316.083916083917, "p50": 26316.083916083917, "p90": 26316.083916083917, "p95": 26316.083916083917, "p99": 26316.083916083917, "max": 26316.083916083917}}
{"target_qps": 2.5, "actual_qps": 2.499419270970592, "success_rate": 100.0, "input_tokens": 4077, "output_tokens": 177, "model": "meta-llama/Llama-3.1-8B-Instruct", "input_tokens_per_minute": 611633.5570469799, "output_tokens_per_minute": 26639.597315436244, "Latency": {"unit": "s", "min": 0.2528109890408814, "p50": 2.3213148009963334, "p90": 5.118667326471771, "p95": 5.661909579602069, "p99": 6.901461042491728, "max": 7.429583084071055}, "Throughput": {"unit": "tokens/s", "min": 12.65677759811388, "p50": 79.72214192991088, "p90": 97.36773256170211, "p95": 100.96786144823245, "p99": 104.65167893152022, "max": 110.42192670843758}, "TTFT": {"unit": "s", "min": 0.044782756944186985, "p50": 0.22031074203550816, "p90": 1.2353564746212229, "p95": 1.6292795280227432, "p99": 2.6450220728199985, "max": 3.5265170669881627}, "TPOT": {"unit": "ms", "min": 8.469372406840586, "p50": 11.137912833752731, "p90": 21.130695138664827, "p95": 22.608114374993395, "p99": 25.859349490864087, "max": 40.446038000149336}, "Input Tokens per Minute": {"unit": "tokens/min", "min": 611633.5570469799, "p50": 611633.5570469799, "p90": 611633.5570469799, "p95": 611633.5570469799, "p99": 611633.5570469799, "max": 611633.5570469799}, "Output Tokens per Minute": {"unit": "tokens/min", "min": 26639.597315436244, "p50": 26639.597315436244, "p90": 26639.597315436244, "p95": 26639.597315436244, "p99": 26639.597315436244, "max": 26639.597315436244}}
{"target_qps": 2.5, "actual_qps": 2.4995266190704615, "success_rate": 100.0, "input_tokens": 4061, "output_tokens": 180, "model": "meta-llama/Llama-3.1-8B-Instruct", "input_tokens_per_minute": 609204.081632653, "output_tokens_per_minute": 27012.244897959183, "Latency": {"unit": "s", "min": 0.3248160349903628, "p50": 2.4474306190386415, "p90": 5.248953408026137, "p95": 5.638394183455966, "p99": 6.350148369737435, "max": 6.522809718968347}, "Throughput": {"unit": "tokens/s", "min": 18.958940471094508, "p50": 75.78986910257888, "p90": 95.3686811927671, "p95": 100.05414008248566, "p99": 105.54021999526968, "max": 108.91452484861999}, "TTFT": {"unit": "s", "min": 0.036559677915647626, "p50": 0.3433983970899135, "p90": 1.3330589082324882, "p95": 1.7334607263561328, "p99": 2.5873295697756085, "max": 3.22715995402541}, "TPOT": {"unit": "ms", "min": 8.052832968854185, "p50": 11.065958786188043, "p90": 20.149585376985033, "p95": 22.14875634895385, "p99": 24.468313855687654, "max": 26.328499477483035}, "Input Tokens per Minute": {"unit": "tokens/min", "min": 609204.081632653, "p50": 609204.081632653, "p90": 609204.081632653, "p95": 609204.081632653, "p99": 609204.081632653, "max": 609204.081632653}, "Output Tokens per Minute": {"unit": "tokens/min", "min": 27012.244897959183, "p50": 27012.244897959183, "p90": 27012.244897959183, "p95": 27012.244897959183, "p99": 27012.244897959183, "max": 27012.244897959183}}
{"target_qps": 2.5, "actual_qps": 2.499801439477996, "success_rate": 100.0, "input_tokens": 4453, "output_tokens": 178, "model": "meta-llama/Llama-3.1-8B-Instruct", "input_tokens_per_minute": 672173.3037532548, "output_tokens_per_minute": 26872.059312392852, "Latency": {"unit": "s", "min": 0.39787164400331676, "p50": 2.6956552310148254, "p90": 5.321472025010735, "p95": 7.058932496001944, "p99": 11.569784500985406, "max": 13.532462269999087}, "Throughput": {"unit": "tokens/s", "min": 13.353279571560464, "p50": 66.32975226839973, "p90": 95.63333858004758, "p95": 100.95709504306123, "p99": 107.50510020122283, "max": 109.08344667809878}, "TTFT": {"unit": "s", "min": 0.033034998923540115, "p50": 0.4268074108986184, "p90": 1.3394515649415553, "p95": 1.9942097489838488, "p99": 4.282255242520478, "max": 5.742069241008721}, "TPOT": {"unit": "ms", "min": 8.436949748719046, "p50": 12.222462055635534, "p90": 20.738521025132332, "p95": 23.979810540079978, "p99": 55.77359884426269, "max": 57.850888155719}, "Input Tokens per Minute": {"unit": "tokens/min", "min": 672173.3037532548, "p50": 672173.3037532548, "p90": 672173.3037532548, "p95": 672173.3037532548, "p99": 672173.3037532548, "max": 672173.3037532548}, "Output Tokens per Minute": {"unit": "tokens/min", "min": 26872.059312392852, "p50": 26872.059312392852, "p90": 26872.059312392852, "p95": 26872.059312392852, "p99": 26872.059312392852, "max": 26872.059312392852}}
{"target_qps": 2.5, "actual_qps": 2.4992323083946144, "success_rate": 100.0, "input_tokens": 4442, "output_tokens": 175, "model": "meta-llama/Llama-3.1-8B-Instruct", "input_tokens_per_minute": 666403.6912751679, "output_tokens_per_minute": 26396.979865771813, "Latency": {"unit": "s", "min": 0.2813172530150041, "p50": 2.6058372240513563, "p90": 5.237070241174662, "p95": 6.74955377143342, "p99": 12.41328633188271, "max": 13.482367426971905}, "Throughput": {"unit": "tokens/s", "min": 3.0808122189596308, "p50": 71.75548187095526, "p90": 96.63471669006245, "p95": 102.80478958105152, "p99": 107.49251647588333, "max": 110.95972462935352}, "TTFT": {"unit": "s", "min": 0.03987864695955068, "p50": 0.280361657962203, "p90": 1.1127460362156856, "p95": 1.7605415504192916, "p99": 2.5849046124238533, "max": 5.441363594029099}, "TPOT": {"unit": "ms", "min": 8.347830322135858,