{"actual_qps": 5.194714843725082, "success_rate": 100.0, "input_tokens": 4105, "output_tokens": 177, "model": "meta-llama/Llama-3.1-8B-Instruct", "input_tokens_per_minute": 1214403.8924882035, "output_tokens_per_minute": 52497.72203597429, "Latency": {"unit": "s", "min": 0.4167759569827467, "p50": 3.2159363304963335, "p90": 9.518605747423136, "p95": 10.596816057304386, "p99": 12.339743402888988, "max": 15.664797993958928}, "Throughput": {"unit": "tokens/s", "min": 4.6564758212837996, "p50": 55.01220521697482, "p90": 78.80453263125888, "p95": 83.97615558073454, "p99": 96.12421742288242, "max": 108.43306700769452}, "TTFT": {"unit": "s", "min": 0.0934657680336386, "p50": 0.7914976610336453, "p90": 3.2149973014486024, "p95": 4.307001048268283, "p99": 5.604020562026416, "max": 7.9542497779475525}, "TPOT": {"unit": "ms", "min": 4.576158648192444, "p50": 13.06934956778262, "p90": 32.993868297247786, "p95": 35.74619144752643, "p99": 40.664178449912065, "max": 41.9301686619145}, "Input Tokens per Minute": {"unit": "tokens/min", "min": 1214403.8924882035, "p50": 1214403.8924882035, "p90": 1214403.8924882035, "p95": 1214403.8924882035, "p99": 1214403.8924882035, "max": 1214403.8924882035}, "Output Tokens per Minute": {"unit": "tokens/min", "min": 52497.72203597429, "p50": 52497.72203597429, "p90": 52497.72203597429, "p95": 52497.72203597429, "p99": 52497.72203597429, "max": 52497.72203597429}}
{"actual_qps": 5.146387440585819, "success_rate": 100.0, "input_tokens": 4265, "output_tokens": 181, "model": "meta-llama/Llama-3.1-8B-Instruct", "input_tokens_per_minute": 1257542.1942194356, "output_tokens_per_minute": 53621.36863529215, "Latency": {"unit": "s", "min": 0.42760424700099975, "p50": 3.001379801076837, "p90": 7.355484162806533, "p95": 7.77517753005959, "p99": 8.382357353125704, "max": 9.628808859037235}, "Throughput": {"unit": "tokens/s", "min": 5.490137012829067, "p50": 55.6321123804267, "p90": 81.65322830118593, "p95": 89.32017934945434, "p99": 105.44002663991385, "max": 109.37273403787208}, "TTFT": {"unit": "s", "min": 0.09789408603683114, "p50": 0.6362551599740982, "p90": 2.3609248154098186, "p95": 2.8252718435833226, "p99": 3.982072341735476, "max": 4.961953877005726}, "TPOT": {"unit": "ms", "min": 7.968265834105337, "p50": 12.963788446984323, "p90": 25.14852551748069, "p95": 26.49058697560343, "p99": 29.52551485027596, "max": 31.685205834014482}, "Input Tokens per Minute": {"unit": "tokens/min", "min": 1257542.1942194356, "p50": 1257542.1942194356, "p90": 1257542.1942194356, "p95": 1257542.1942194356, "p99": 1257542.1942194356, "max": 1257542.1942194356}, "Output Tokens per Minute": {"unit": "tokens/min", "min": 53621.36863529215, "p50": 53621.36863529215, "p90": 53621.36863529215, "p95": 53621.36863529215, "p99": 53621.36863529215, "max": 53621.36863529215}}
{"actual_qps": 5.031833269188671, "success_rate": 100.0, "input_tokens": 4277, "output_tokens": 180, "model": "meta-llama/Llama-3.1-8B-Instruct", "input_tokens_per_minute": 1256793.7582336708, "output_tokens_per_minute": 53069.47154234098, "Latency": {"unit": "s", "min": 0.4700359730049968, "p50": 3.084230819484219, "p90": 6.864908159535844, "p95": 8.048540513962507, "p99": 9.70668385952595, "max": 11.594445278984495}, "Throughput": {"unit": "tokens/s", "min": 6.2441789834146695, "p50": 57.6073676908109, "p90": 79.74805979975358, "p95": 86.41067601934367, "p99": 97.90810844597759, "max": 102.69486978549179}, "TTFT": {"unit": "s", "min": 0.13359399093315005, "p50": 0.6380775569705293, "p90": 2.1328826869721524, "p95": 3.0323939729714766, "p99": 3.9397793612733985, "max": 4.857030618004501}, "TPOT": {"unit": "ms", "min": 8.12450529136999, "p50": 13.052214562410873, "p90": 25.509056314035092, "p95": 27.323526572775396, "p99": 36.294074118442936, "max": 46.98630551756102}, "Input Tokens per Minute": {"unit": "tokens/min", "min": 1256793.7582336708, "p50": 1256793.7582336708, "p90": 1256793.7582336708, "p95": 1256793.7582336708, "p99": 1256793.7582336708, "max": 1256793.7582336708}, "Output Tokens per Minute": {"unit": "tokens/min", "min": 53069.47154234098, "p50": 53069.47154234098, "p90": 53069.47154234098, "p95": 53069.47154234098, "p99": 53069.47154234098, "max": 53069.47154234098}}
{"actual_qps": 5.146914451488379, "success_rate": 100.0, "input_tokens": 4304, "output_tokens": 170, "model": "meta-llama/Llama-3.1-8B-Instruct", "input_tokens_per_minute": 1367237.5010775356, "output_tokens_per_minute": 54301.25877898622, "Latency": {"unit": "s", "min": 0.5027956509729847, "p50": 3.1407420380273834, "p90": 7.220403884164991, "p95": 8.54012003469979, "p99": 10.899419822546173, "max": 11.820883277920075}, "Throughput": {"unit": "tokens/s", "min": 5.811993366210287, "p50": 52.06889887319405, "p90": 78.93330724850617, "p95": 85.78389055007891, "p99": 97.57693756211673, "max": 112.16247164787373}, "TTFT": {"unit": "s", "min": 0.09545457398053259, "p50": 0.7021962540457025, "p90": 2.353425809973851, "p95": 3.0707875495776515, "p99": 3.940829376706383, "max": 7.21836356993299}, "TPOT": {"unit": "ms", "min": 6.10915172405334, "p50": 12.92979484423995, "p90": 26.480444295749326, "p95": 30.69886749132566, "p99": 41.87726536645177, "max": 48.00269877404705}, "Input Tokens per Minute": {"unit": "tokens/min", "min": 1367237.5010775356, "p50": 1367237.5010775356, "p90": 1367237.5010775356, "p95": 1367237.5010775356, "p99": 1367237.5010775356, "max": 1367237.5010775356}, "Output Tokens per Minute": {"unit": "tokens/min", "min": 54301.25877898622, "p50": 54301.25877898622, "p90": 54301.25877898622, "p95": 54301.25877898622, "p99": 54301.25877898622, "max": 54301.25877898622}}
{"actual_qps": 5.103567289982214, "success_rate": 100.0, "input_tokens": 4258, "output_tokens": 180, "model": "meta-llama/Llama-3.1-8B-Instruct", "input_tokens_per_minute": 1340168.9928390041, "output_tokens_per_minute": 56943.88791232685, "Latency": {"unit": "s", "min": 0.5042183680925518, "p50": 3.0628871600492857, "p90": 6.284319550730289, "p95": 7.385368454910349, "p99": 8.4483531576104, "max": 9.24533869791776}, "Throughput": {"unit": "tokens/s", "min": 6.805762647598567, "p50": 59.32509420719835, "p90": 80.6998669137521, "p95": 85.33060449771439, "p99": 94.4039908286784, "max": 102.12048457854947}, "TTFT": {"unit": "s", "min": 0.10345545900054276, "p50": 0.6461033839150332, "p90": 2.2591482183779616, "p95": 2.722687310090987, "p99": 3.8777262308530047, "max": 4.731228429009207}, "TPOT": {"unit": "ms", "min": 8.408154165559452, "p50": 12.313892874457789, "p90": 23.299601815377986, "p95": 24.10970084400188, "p99": 27.12200598723865, "max": 33.220004274285046}, "Input Tokens per Minute": {"unit": "tokens/min", "min": 1340168.9928390041, "p50": 1340168.9928390041, "p90": 1340168.9928390041, "p95": 1340168.9928390041, "p99": 1340168.9928390041, "max": 1340168.9928390041}, "Output Tokens per Minute": {"unit": "tokens/min", "min": 56943.88791232685, "p50": 56943.88791232685, "p90": 56943.88791232685, "p95": 56943.88791232685, "p99": 56943.88791232685, "max": 56943.88791232685}}
{"actual_qps": 5.231846861088875, "success_rate": 100.0, "input_tokens": 4261, "output_tokens": 169, "model": "meta-llama/Llama-3.1-8B-Instruct", "input_tokens_per_minute": 1328564.8316390465, "output_tokens_per_minute": 52965.68365316688, "Latency": {"unit": "s", "min": 0.41321122099179775, "p50": 2.844242873019539, "p90": 6.72350457555149, "p95": 7.432881248998456, "p99": 8.285599918528458, "max": 8.726541275973432}, "Throughput": {"unit": "tokens/s", "min": 5.114312697522063, "p50": 61.38569515259276, "p90": 83.7137934619259, "p95": 87.97649700235273, "p99": 93.31840332448749, "max": 97.44442310891372}, "TTFT": {"unit": "s", "min": 0.036957639968022704, "p50": 0.45891551207751036, "p90": 1.742665254184978, "p95": 2.267614446626976, "p99": 3.4571203334582905, "max": 3.808232269017026}, "TPOT": {"unit": "ms", "min": 8.33753208201882, "p50": 12.780011161207105, "p90": 26.588154053787424, "p95": 29.149358594526426, "p99": 33.190811116941, "max": 35.079891283979315},