{"actual_qps": 6.987470837732526, "success_rate": 100.0, "input_tokens": 4207, "output_tokens": 174, "model": "meta-llama/Llama-3.1-8B-Instruct", "input_tokens_per_minute": 1617840.3436745931, "output_tokens_per_minute": 67278.93729590377, "Latency": {"unit": "s", "min": 1.0020126650342718, "p50": 5.239413617993705, "p90": 10.438311105745381, "p95": 12.134826041100307, "p99": 14.283305290574207, "max": 16.925851486972533}, "Throughput": {"unit": "tokens/s", "min": 2.5702036931262673, "p50": 32.0149988844789, "p90": 56.57924001790822, "p95": 61.53711151073972, "p99": 69.76287898581855, "max": 75.71718419690393}, "TTFT": {"unit": "s", "min": 0.2999125309288502, "p50": 1.7228529599960893, "p90": 4.322975399333519, "p95": 5.096864600834669, "p99": 6.220775399447882, "max": 8.549949759035371}, "TPOT": {"unit": "ms", "min": 11.107503321260475, "p50": 19.601170952612037, "p90": 37.12231779457, "p95": 39.37149224556144, "p99": 44.590963260671124, "max": 57.13088205084205}, "Input Tokens per Minute": {"unit": "tokens/min", "min": 1617840.3436745931, "p50": 1617840.3436745931, "p90": 1617840.3436745931, "p95": 1617840.3436745931, "p99": 1617840.3436745931, "max": 1617840.3436745931}, "Output Tokens per Minute": {"unit": "tokens/min", "min": 67278.93729590377, "p50": 67278.93729590377, "p90": 67278.93729590377, "p95": 67278.93729590377, "p99": 67278.93729590377, "max": 67278.93729590377}}
{"actual_qps": 6.592535280176604, "success_rate": 100.0, "input_tokens": 4195, "output_tokens": 177, "model": "meta-llama/Llama-3.1-8B-Instruct", "input_tokens_per_minute": 1601867.3092959817, "output_tokens_per_minute": 67892.64385088277, "Latency": {"unit": "s", "min": 0.8846977029461414, "p50": 4.0739484669175, "p90": 10.737604068312793, "p95": 11.799724164325744, "p99": 13.084238836532458, "max": 13.625305472058244}, "Throughput": {"unit": "tokens/s", "min": 3.699574949857866, "p50": 42.06116187039988, "p90": 65.28010238558397, "p95": 69.3931981663176, "p99": 74.63489723143722, "max": 86.50439916227513}, "TTFT": {"unit": "s", "min": 0.22451948397792876, "p50": 1.1547204620437697, "p90": 3.315483959997072, "p95": 3.9535544793819994, "p99": 4.957979255928659, "max": 6.387147412984632}, "TPOT": {"unit": "ms", "min": 9.540964959858536, "p50": 16.24683897015662, "p90": 39.91490497087695, "p95": 43.15219067169196, "p99": 47.599327571144805, "max": 52.634818616377956}, "Input Tokens per Minute": {"unit": "tokens/min", "min": 1601867.3092959817, "p50": 1601867.3092959817, "p90": 1601867.3092959817, "p95": 1601867.3092959817, "p99": 1601867.3092959817, "max": 1601867.3092959817}, "Output Tokens per Minute": {"unit": "tokens/min", "min": 67892.64385088277, "p50": 67892.64385088277, "p90": 67892.64385088277, "p95": 67892.64385088277, "p99": 67892.64385088277, "max": 67892.64385088277}}
{"actual_qps": 6.309679540598092, "success_rate": 100.0, "input_tokens": 4275, "output_tokens": 181, "model": "meta-llama/Llama-3.1-8B-Instruct", "input_tokens_per_minute": 1619655.3763256553, "output_tokens_per_minute": 68670.9883388004, "Latency": {"unit": "s", "min": 0.7681382589507848, "p50": 4.576867196592502, "p90": 10.534809669014066, "p95": 12.778157065768028, "p99": 14.880764628801261, "max": 15.600152432103641}, "Throughput": {"unit": "tokens/s", "min": 7.561427244828879, "p50": 39.00019148296268, "p90": 61.5844079918144, "p95": 68.86712346926336, "p99": 78.77977355414276, "max": 88.32048611018132}, "TTFT": {"unit": "s", "min": 0.15658945695031434, "p50": 1.4055431250017136, "p90": 3.3643346920143813, "p95": 4.496437546302332, "p99": 6.692904157994759, "max": 8.289289172040299}, "TPOT": {"unit": "ms", "min": 6.542261703597272, "p50": 16.692290005061178, "p90": 38.48884374122065, "p95": 42.054862624189894, "p99": 50.88294888012948, "max": 51.8455126728797}, "Input Tokens per Minute": {"unit": "tokens/min", "min": 1619655.3763256553, "p50": 1619655.3763256553, "p90": 1619655.3763256553, "p95": 1619655.3763256553, "p99": 1619655.3763256553, "max": 1619655.3763256553}, "Output Tokens per Minute": {"unit": "tokens/min", "min": 68670.9883388004, "p50": 68670.9883388004, "p90": 68670.9883388004, "p95": 68670.9883388004, "p99": 68670.9883388004, "max": 68670.9883388004}}
{"actual_qps": 6.677438765816031, "success_rate": 100.0, "input_tokens": 4320, "output_tokens": 175, "model": "meta-llama/Llama-3.1-8B-Instruct", "input_tokens_per_minute": 1738509.4629976868, "output_tokens_per_minute": 70726.28891597505, "Latency": {"unit": "s", "min": 0.6487132089678198, "p50": 4.568111254484393, "p90": 10.614760608493818, "p95": 12.017014660948186, "p99": 13.008502333032666, "max": 14.442771777044982}, "Throughput": {"unit": "tokens/s", "min": 4.018678657680988, "p50": 37.956127816746694, "p90": 60.171153942497625, "p95": 64.71988127632433, "p99": 73.69420829762716, "max": 81.4578450801611}, "TTFT": {"unit": "s", "min": 0.24024680396541953, "p50": 1.4396548015065491, "p90": 3.65292286259355, "p95": 4.338908638100834, "p99": 5.046839306590842, "max": 6.7782895610434934}, "TPOT": {"unit": "ms", "min": 2.1876294152153766, "p50": 17.865218547694667, "p90": 37.5614941521459, "p95": 43.88366224069905, "p99": 48.09303091864696, "max": 52.8318569122348}, "Input Tokens per Minute": {"unit": "tokens/min", "min": 1738509.4629976868, "p50": 1738509.4629976868, "p90": 1738509.4629976868, "p95": 1738509.4629976868, "p99": 1738509.4629976868, "max": 1738509.4629976868}, "Output Tokens per Minute": {"unit": "tokens/min", "min": 70726.28891597505, "p50": 70726.28891597505, "p90": 70726.28891597505, "p95": 70726.28891597505, "p99": 70726.28891597505, "max": 70726.28891597505}}
{"actual_qps": 6.846203001562875, "success_rate": 100.0, "input_tokens": 4196, "output_tokens": 174, "model": "meta-llama/Llama-3.1-8B-Instruct", "input_tokens_per_minute": 1709433.9286148574, "output_tokens_per_minute": 70979.52079224585, "Latency": {"unit": "s", "min": 0.9126273669535294, "p50": 4.268040086957626, "p90": 9.747269456810319, "p95": 10.862662313075266, "p99": 12.482268985379488, "max": 13.255432377103716}, "Throughput": {"unit": "tokens/s", "min": 4.882545617708677, "p50": 40.34332179257858, "p90": 59.64284015152127, "p95": 64.68032537083347, "p99": 70.68842995951191, "max": 82.3309258038452}, "TTFT": {"unit": "s", "min": 0.14253798895515501, "p50": 1.4207221620017663, "p90": 3.7174584216205417, "p95": 4.3374035099754105, "p99": 5.478415089251941, "max": 6.737561910995282}, "TPOT": {"unit": "ms", "min": 8.896413265335324, "p50": 16.511645708510667, "p90": 34.319020518734476, "p95": 38.45742641609012, "p99": 43.55044843701729, "max": 46.00439407850469}, "Input Tokens per Minute": {"unit": "tokens/min", "min": 1709433.9286148574, "p50": 1709433.9286148574, "p90": 1709433.9286148574, "p95": 1709433.9286148574, "p99": 1709433.9286148574, "max": 1709433.9286148574}, "Output Tokens per Minute": {"unit": "tokens/min", "min": 70979.52079224585, "p50": 70979.52079224585, "p90": 70979.52079224585, "p95": 70979.52079224585, "p99": 70979.52079224585, "max": 70979.52079224585}}
{"actual_qps": 6.730168338663926, "success_rate": 100.0, "input_tokens": 4260, "output_tokens": 174, "model": "meta-llama/Llama-3.1-8B-Instruct", "input_tokens_per_minute": 1714621.2560028075, "output_tokens_per_minute": 70021.55834557801, "Latency": {"unit": "s", "min": 0.6017541739856824, "p50": 3.887551852501929, "p90": 10.857210862555077, "p95": 11.8227669743821, "p99": 13.18436527848942, "max": 14.34001291403547}, "Throughput": {"unit": "tokens/s", "min": 4.13424347043829, "p50": 46.34575845314035, "p90": 64.75347328538511, "p95": 70.8066334666413, "p99": 79.63317180054025, "max": 87.86075853888721}, "TTFT": {"unit": "s", "min": 0.04492289002519101, "p50": 0.9378582254867069, "p90": 3.5005088524892933, "p95": 4.266618007107168, "p99": 5.184389962550483, "max": 7.105725132045336}, "TPOT": {"unit": "ms", "min": 9.120666140612835, "p50": 16.545116605386887, "p90": 40.04575789889545, "p95": 42.28030884534297, "p99": 46.94546055609216, "max": 54.48413706229379},