{"actual_qps": 7.4227087150151645, "success_rate": 100.0, "input_tokens": 4215, "output_tokens": 174, "model": "meta-llama/Llama-3.1-8B-Instruct", "input_tokens_per_minute": 1372730.0176980258, "output_tokens_per_minute": 56760.958696473295, "Latency": {"unit": "s", "min": 1.799758509034291, "p50": 8.612303780973889, "p90": 28.069979044958018, "p95": 35.027979547390714, "p99": 45.183379300306534, "max": 47.08890516997781}, "Throughput": {"unit": "tokens/s", "min": 0.8440551796098547, "p50": 19.092520491884503, "p90": 49.88285560755387, "p95": 60.44405298018039, "p99": 72.63694929457795, "max": 75.72137351208893}, "TTFT": {"unit": "s", "min": 0.06108650309033692, "p50": 3.6875412579393014, "p90": 19.83341900678351, "p95": 27.47807641504331, "p99": 35.6384077970916, "max": 40.50241818500217}, "TPOT": {"unit": "ms", "min": 7.128374050277749, "p50": 33.04393593474624, "p90": 56.21454320419767, "p95": 58.85642482618327, "p99": 67.05986592490524, "max": 78.42649405545278}, "Input Tokens per Minute": {"unit": "tokens/min", "min": 1372730.0176980258, "p50": 1372730.0176980258, "p90": 1372730.0176980258, "p95": 1372730.0176980258, "p99": 1372730.0176980258, "max": 1372730.0176980258}, "Output Tokens per Minute": {"unit": "tokens/min", "min": 56760.958696473295, "p50": 56760.958696473295, "p90": 56760.958696473295, "p95": 56760.958696473295, "p99": 56760.958696473295, "max": 56760.958696473295}}
{"actual_qps": 6.981968126993994, "success_rate": 100.0, "input_tokens": 4213, "output_tokens": 176, "model": "meta-llama/Llama-3.1-8B-Instruct", "input_tokens_per_minute": 1705499.946337109, "output_tokens_per_minute": 71290.66358249164, "Latency": {"unit": "s", "min": 1.168030544067733, "p50": 11.886889246990904, "p90": 37.832012405199926, "p95": 42.32496245680377, "p99": 48.070413905824545, "max": 54.08405731501989}, "Throughput": {"unit": "tokens/s", "min": 0.7407307801408464, "p50": 14.02650608633066, "p90": 37.79883921039546, "p95": 47.82626036224454, "p99": 75.07044412085122, "max": 88.97579601662123}, "TTFT": {"unit": "s", "min": 0.3037885340163484, "p50": 3.7199805800337344, "p90": 29.263519121380522, "p95": 33.98629053116309, "p99": 39.52599814549554, "max": 42.747361172921956}, "TPOT": {"unit": "ms", "min": 8.313710517577602, "p50": 42.25826951740637, "p90": 58.34055274065893, "p95": 60.35741395196847, "p99": 63.96037770367356, "max": 136.4945351853277}, "Input Tokens per Minute": {"unit": "tokens/min", "min": 1705499.946337109, "p50": 1705499.946337109, "p90": 1705499.946337109, "p95": 1705499.946337109, "p99": 1705499.946337109, "max": 1705499.946337109}, "Output Tokens per Minute": {"unit": "tokens/min", "min": 71290.66358249164, "p50": 71290.66358249164, "p90": 71290.66358249164, "p95": 71290.66358249164, "p99": 71290.66358249164, "max": 71290.66358249164}}
{"actual_qps": 6.72628744360405, "success_rate": 100.0, "input_tokens": 4267, "output_tokens": 183, "model": "meta-llama/Llama-3.1-8B-Instruct", "input_tokens_per_minute": 1692909.3375176333, "output_tokens_per_minute": 72874.66023752914, "Latency": {"unit": "s", "min": 1.6796776719857007, "p50": 10.26380648498889, "p90": 35.147817587119064, "p95": 37.88305039610713, "p99": 48.624983663139865, "max": 50.71010666596703}, "Throughput": {"unit": "tokens/s", "min": 0.5796960749778723, "p50": 16.88967221615147, "p90": 38.56643974176459, "p95": 45.97443051831785, "p99": 57.1085152386258, "max": 100.42640675527954}, "TTFT": {"unit": "s", "min": 0.23425969597883523, "p50": 4.523732990026474, "p90": 26.450937963859175, "p95": 31.653531009907585, "p99": 37.96796788656966, "max": 39.39856974303257}, "TPOT": {"unit": "ms", "min": 4.120981354978593, "p50": 27.235507062018605, "p90": 55.59878627519268, "p95": 56.8543249721599, "p99": 58.77111669115664, "max": 66.32624947301605}, "Input Tokens per Minute": {"unit": "tokens/min", "min": 1692909.3375176333, "p50": 1692909.3375176333, "p90": 1692909.3375176333, "p95": 1692909.3375176333, "p99": 1692909.3375176333, "max": 1692909.3375176333}, "Output Tokens per Minute": {"unit": "tokens/min", "min": 72874.66023752914, "p50": 72874.66023752914, "p90": 72874.66023752914, "p95": 72874.66023752914, "p99": 72874.66023752914, "max": 72874.66023752914}}
{"actual_qps": 7.195236284835506, "success_rate": 100.0, "input_tokens": 4355, "output_tokens": 174, "model": "meta-llama/Llama-3.1-8B-Instruct", "input_tokens_per_minute": 2095477.1500474494, "output_tokens_per_minute": 83889.07866890237, "Latency": {"unit": "s", "min": 2.530565795954317, "p50": 12.741446222527884, "p90": 30.865265625505728, "p95": 36.54875444281496, "p99": 46.889737325480674, "max": 49.345353111973964}, "Throughput": {"unit": "tokens/s", "min": 0.6012202799687931, "p50": 14.062973724708517, "p90": 26.81624217715406, "p95": 32.66600676261873, "p99": 42.06050638170188, "max": 79.03370871436947}, "TTFT": {"unit": "s", "min": 0.30979260499589145, "p50": 5.034317885991186, "p90": 23.274511648889167, "p95": 27.406633646378754, "p99": 35.83514691207791, "max": 38.834263019962236}, "TPOT": {"unit": "ms", "min": 7.663572482043999, "p50": 42.8276202461832, "p90": 57.59437630353821, "p95": 59.57181912895165, "p99": 71.21722890366135, "max": 81.3982522334246}, "Input Tokens per Minute": {"unit": "tokens/min", "min": 2095477.1500474494, "p50": 2095477.1500474494, "p90": 2095477.1500474494, "p95": 2095477.1500474494, "p99": 2095477.1500474494, "max": 2095477.1500474494}, "Output Tokens per Minute": {"unit": "tokens/min", "min": 83889.07866890237, "p50": 83889.07866890237, "p90": 83889.07866890237, "p95": 83889.07866890237, "p99": 83889.07866890237, "max": 83889.07866890237}}
{"actual_qps": 7.202187353315293, "success_rate": 100.0, "input_tokens": 4184, "output_tokens": 173, "model": "meta-llama/Llama-3.1-8B-Instruct", "input_tokens_per_minute": 1581902.0281436197, "output_tokens_per_minute": 65612.23367798234, "Latency": {"unit": "s", "min": 1.134605288039893, "p50": 11.731611632043496, "p90": 34.33144667695742, "p95": 44.12410642181057, "p99": 58.81016622143796, "max": 61.98841097205877}, "Throughput": {"unit": "tokens/s", "min": 0.4490596803231911, "p50": 14.706704958322675, "p90": 38.4029868141947, "p95": 51.29881443029859, "p99": 70.18879169785906, "max": 90.55929415391181}, "TTFT": {"unit": "s", "min": 0.321546702994965, "p50": 4.74861375906039, "p90": 27.794307198817847, "p95": 36.15227464153429, "p99": 48.39508875410072, "max": 51.89471792103723}, "TPOT": {"unit": "ms", "min": 8.25126609009171, "p50": 37.70442872860895, "p90": 58.45252351341629, "p95": 60.403164579943855, "p99": 75.0951881172844, "max": 128.28769193797865}, "Input Tokens per Minute": {"unit": "tokens/min", "min": 1581902.0281436197, "p50": 1581902.0281436197, "p90": 1581902.0281436197, "p95": 1581902.0281436197, "p99": 1581902.0281436197, "max": 1581902.0281436197}, "Output Tokens per Minute": {"unit": "tokens/min", "min": 65612.23367798234, "p50": 65612.23367798234, "p90": 65612.23367798234, "p95": 65612.23367798234, "p99": 65612.23367798234, "max": 65612.23367798234}}
{"actual_qps": 7.067297296406058, "success_rate": 100.0, "input_tokens": 4282, "output_tokens": 177, "model": "meta-llama/Llama-3.1-8B-Instruct", "input_tokens_per_minute": 1921719.9614331329, "output_tokens_per_minute": 79607.8212595427, "Latency": {"unit": "s", "min": 0.3781468180241063, "p50": 11.591768056969158, "p90": 39.877499910932976, "p95": 43.17393042221665, "p99": 49.74663929065689, "max": 61.23348721000366}, "Throughput": {"unit": "tokens/s", "min": 1.1504825935428042, "p50": 15.449218952098622, "p90": 27.88215796194533, "p95": 30.155622278745266, "p99": 47.4733594724182, "max": 58.23859991013979}, "TTFT": {"unit": "s", "min": 0.04121991898864508, "p50": 3.5739476460730657, "p90": 30.08173825021368, "p95": 34.82685423220973, "p99": 41.19617995460517, "max": 51.98113015398849}, "TPOT": {"unit": "ms", "min": 9.38549247247415, "p50": 48.72801118016021, "p90": 55.52835673642115, "p95": 58.1475788113151, "p99": 61.81229951255603, "max": 72.3200260399608},