{"target_qps": 3.0, "actual_qps": 2.9986992131607364, "success_rate": 100.0, "input_tokens": 4176, "output_tokens": 170, "model": "meta-llama/Llama-3.1-8B-Instruct", "input_tokens_per_minute": 751711.9526627219, "output_tokens_per_minute": 30672.42603550296, "Latency": {"unit": "s", "min": 0.2525330189964734, "p50": 2.4734532780130394, "p90": 4.606259552773557, "p95": 5.251250698976217, "p99": 8.261508642446712, "max": 8.797758928034455}, "Throughput": {"unit": "tokens/s", "min": 7.800766289411686, "p50": 75.66337082005239, "p90": 95.91327352302802, "p95": 102.20833807766066, "p99": 106.82855538974044, "max": 117.09638769293441}, "TTFT": {"unit": "s", "min": 0.042635514051653445, "p50": 0.31038597103906795, "p90": 1.1618322463938973, "p95": 1.547753155825194, "p99": 3.1238860680605245, "max": 3.979255616955925}, "TPOT": {"unit": "ms", "min": 7.4558525999936345, "p50": 11.00970584438206, "p90": 18.91550607228567, "p95": 20.383288827487608, "p99": 30.61858757314118, "max": 33.50900776389443}, "Input Tokens per Minute": {"unit": "tokens/min", "min": 751711.9526627219, "p50": 751711.9526627219, "p90": 751711.9526627219, "p95": 751711.9526627219, "p99": 751711.9526627219, "max": 751711.9526627219}, "Output Tokens per Minute": {"unit": "tokens/min", "min": 30672.42603550296, "p50": 30672.42603550296, "p90": 30672.42603550296, "p95": 30672.42603550296, "p99": 30672.42603550296, "max": 30672.42603550296}}
{"target_qps": 3.0, "actual_qps": 2.999662994762774, "success_rate": 100.0, "input_tokens": 4170, "output_tokens": 172, "model": "meta-llama/Llama-3.1-8B-Instruct", "input_tokens_per_minute": 750633.8823529412, "output_tokens_per_minute": 30966.352941176472, "Latency": {"unit": "s", "min": 0.2956240040366538, "p50": 2.2883171729918104, "p90": 4.367365093372063, "p95": 5.0941800065949705, "p99": 8.685486036742223, "max": 8.696058467961848}, "Throughput": {"unit": "tokens/s", "min": 20.323060591465865, "p50": 82.76028965185958, "p90": 98.79803146986752, "p95": 103.49612771877929, "p99": 112.30585964044761, "max": 114.46073108635484}, "TTFT": {"unit": "s", "min": 0.032358461001422256, "p50": 0.10815827699843794, "p90": 0.90283864250523, "p95": 1.3435271333262782, "p99": 2.8328223830065706, "max": 3.590636596956756}, "TPOT": {"unit": "ms", "min": 8.320013492312002, "p50": 11.263657118054574, "p90": 18.56815694306565, "p95": 19.787243802182903, "p99": 30.40374333920816, "max": 30.473019276340796}, "Input Tokens per Minute": {"unit": "tokens/min", "min": 750633.8823529412, "p50": 750633.8823529412, "p90": 750633.8823529412, "p95": 750633.8823529412, "p99": 750633.8823529412, "max": 750633.8823529412}, "Output Tokens per Minute": {"unit": "tokens/min", "min": 30966.352941176472, "p50": 30966.352941176472, "p90": 30966.352941176472, "p95": 30966.352941176472, "p99": 30966.352941176472, "max": 30966.352941176472}}
{"target_qps": 3.0, "actual_qps": 2.996193464489837, "success_rate": 100.0, "input_tokens": 4288, "output_tokens": 177, "model": "meta-llama/Llama-3.1-8B-Instruct", "input_tokens_per_minute": 779475.7094855084, "output_tokens_per_minute": 32256.020107542758, "Latency": {"unit": "s", "min": 0.396605673013255, "p50": 2.4678707824787125, "p90": 4.681245546753053, "p95": 5.44954962021438, "p99": 6.432842590353102, "max": 6.887625754985493}, "Throughput": {"unit": "tokens/s", "min": 11.10266624239467, "p50": 75.20886809858135, "p90": 92.54934993194057, "p95": 96.99157025473463, "p99": 110.02333441303446, "max": 110.61721979007451}, "TTFT": {"unit": "s", "min": 0.05285452597308904, "p50": 0.31570206649485044, "p90": 1.2368502298370005, "p95": 1.5608586271293459, "p99": 2.0355841095186764, "max": 3.005630081985146}, "TPOT": {"unit": "ms", "min": 7.495287443117167, "p50": 11.391435542738243, "p90": 19.344732246885837, "p95": 20.86482416269786, "p99": 24.69597356021175, "max": 25.552234068464745}, "Input Tokens per Minute": {"unit": "tokens/min", "min": 779475.7094855084, "p50": 779475.7094855084, "p90": 779475.7094855084, "p95": 779475.7094855084, "p99": 779475.7094855084, "max": 779475.7094855084}, "Output Tokens per Minute": {"unit": "tokens/min", "min": 32256.020107542758, "p50": 32256.020107542758, "p90": 32256.020107542758, "p95": 32256.020107542758, "p99": 32256.020107542758, "max": 32256.020107542758}}
{"target_qps": 3.0, "actual_qps": 2.996976174166101, "success_rate": 100.0, "input_tokens": 4314, "output_tokens": 175, "model": "meta-llama/Llama-3.1-8B-Instruct", "input_tokens_per_minute": 788765.1683502536, "output_tokens_per_minute": 32047.665222416173, "Latency": {"unit": "s", "min": 0.28853447997244075, "p50": 2.286210806982126, "p90": 4.215652220800985, "p95": 4.811838429595809, "p99": 5.797440872533482, "max": 6.8400407349690795}, "Throughput": {"unit": "tokens/s", "min": 10.30410350280169, "p50": 81.84592570086167, "p90": 96.6088928945435, "p95": 101.17834311444936, "p99": 107.55700090005621, "max": 110.42257537353272}, "TTFT": {"unit": "s", "min": 0.048763596976641566, "p50": 0.11770069203339517, "p90": 0.8652536988141949, "p95": 1.1968123711005323, "p99": 1.588803490921858, "max": 2.7097924320260063}, "TPOT": {"unit": "ms", "min": 8.265140291476557, "p50": 11.517870613144495, "p90": 19.4967661264128, "p95": 20.822214240440708, "p99": 24.503639161273203, "max": 24.973650760948658}, "Input Tokens per Minute": {"unit": "tokens/min", "min": 788765.1683502536, "p50": 788765.1683502536, "p90": 788765.1683502536, "p95": 788765.1683502536, "p99": 788765.1683502536, "max": 788765.1683502536}, "Output Tokens per Minute": {"unit": "tokens/min", "min": 32047.665222416173, "p50": 32047.665222416173, "p90": 32047.665222416173, "p95": 32047.665222416173, "p99": 32047.665222416173, "max": 32047.665222416173}}
{"target_qps": 3.0, "actual_qps": 2.999818575222331, "success_rate": 100.0, "input_tokens": 4059, "output_tokens": 178, "model": "meta-llama/Llama-3.1-8B-Instruct", "input_tokens_per_minute": 745948.3046178671, "output_tokens_per_minute": 32765.372996506027, "Latency": {"unit": "s", "min": 0.26528575300471857, "p50": 2.4696097615233157, "p90": 3.8163284384994767, "p95": 4.605986158226733, "p99": 5.968983128504471, "max": 6.77848084300058}, "Throughput": {"unit": "tokens/s", "min": 13.28305012775573, "p50": 75.65630014732939, "p90": 93.42706073795799, "p95": 97.31584027875323, "p99": 104.83687453794256, "max": 107.96735730812145}, "TTFT": {"unit": "s", "min": 0.03421053499914706, "p50": 0.2810261480335612, "p90": 0.9601971921802052, "p95": 1.4344311775901586, "p99": 2.30665047317859, "max": 3.107541998033412}, "TPOT": {"unit": "ms", "min": 8.4642010451945, "p50": 11.327249356738559, "p90": 17.074193954501695, "p95": 18.43983386630068, "p99": 22.774217180776354, "max": 25.93866841155378}, "Input Tokens per Minute": {"unit": "tokens/min", "min": 745948.3046178671, "p50": 745948.3046178671, "p90": 745948.3046178671, "p95": 745948.3046178671, "p99": 745948.3046178671, "max": 745948.3046178671}, "Output Tokens per Minute": {"unit": "tokens/min", "min": 32765.372996506027, "p50": 32765.372996506027, "p90": 32765.372996506027, "p95": 32765.372996506027, "p99": 32765.372996506027, "max": 32765.372996506027}}
{"target_qps": 3.0, "actual_qps": 2.998964095520261, "success_rate": 100.0, "input_tokens": 4024, "output_tokens": 178, "model": "meta-llama/Llama-3.1-8B-Instruct", "input_tokens_per_minute": 727657.8231510648, "output_tokens_per_minute": 32361.348728645557, "Latency": {"unit": "s", "min": 0.3377612680196762, "p50": 2.3391541019664146, "p90": 3.4865125109790824, "p95": 3.973983453994151, "p99": 4.87401121179573, "max": 5.0788001120090485}, "Throughput": {"unit": "tokens/s", "min": 13.229398316235429, "p50": 81.27511797789158, "p90": 97.20497244888091, "p95": 100.73589013479193, "p99": 104.34359836385829, "max": 107.33345944148714}, "TTFT": {"unit": "s", "min": 0.028831893985625356, "p50": 0.11941774399019778, "p90": 0.5346370650222525, "p95": 0.7439804259920493, "p99": 1.1722650587907968, "max": 2.0416709179989994}, "TPOT": {"unit": "ms",