{"target_qps": 3.0, "actual_qps": 2.8500476390222955, "success_rate": 100.0, "input_tokens": 180, "output_tokens": 350, "model": "meta-llama/Llama-3.1-8B-Instruct", "input_tokens_per_minute": 32550.379746835442, "output_tokens_per_minute": 63000.0, "Latency": {"unit": "s", "min": 2.6922996459761634, "p50": 2.8393632490187883, "p90": 5.021707545488607, "p95": 5.234338756176294, "p99": 5.338614358516644, "max": 5.482712711964268}, "Throughput": {"unit": "tokens/s", "min": 63.83701251321027, "p50": 123.26707565448919, "p90": 128.03094078367096, "p95": 128.58751607238327, "p99": 129.16525393101833, "max": 130.00038852402642}, "TTFT": {"unit": "s", "min": 0.015837465994991362, "p50": 0.027486193517688662, "p90": 0.06550603671930734, "p95": 0.10914996771025487, "p99": 0.16759419235575515, "max": 0.2637337759952061}, "TPOT": {"unit": "ms", "min": 7.643109962696418, "p50": 8.069692478604605, "p90": 14.219893891675222, "p95": 14.794885216015297, "p99": 15.02146142406488, "max": 15.185935833734224}, "Input Tokens per Minute": {"unit": "tokens/min", "min": 32550.379746835442, "p50": 32550.379746835442, "p90": 32550.379746835442, "p95": 32550.379746835442, "p99": 32550.379746835442, "max": 32550.379746835442}, "Output Tokens per Minute": {"unit": "tokens/min", "min": 63000.0, "p50": 63000.0, "p90": 63000.0, "p95": 63000.0, "p99": 63000.0, "max": 63000.0}}
{"target_qps": 3.0, "actual_qps": 3.3165543649373905, "success_rate": 100.0, "input_tokens": 184, "output_tokens": 349, "model": "meta-llama/Llama-3.1-8B-Instruct", "input_tokens_per_minute": 37232.22457508684, "output_tokens_per_minute": 70624.07428700941, "Latency": {"unit": "s", "min": 2.6804047569748946, "p50": 2.8228420820087194, "p90": 5.053019324981142, "p95": 5.18846460582572, "p99": 5.260986206629314, "max": 5.318913291965146}, "Throughput": {"unit": "tokens/s", "min": 65.8029151422184, "p50": 123.98851576951901, "p90": 128.3101652122094, "p95": 128.97857368447052, "p99": 129.89382808585282, "max": 130.57729400354074}, "TTFT": {"unit": "s", "min": 0.014999867998994887, "p50": 0.027052838006056845, "p90": 0.09557314600097018, "p95": 0.1266607825644314, "p99": 0.18736004443722776, "max": 0.20597074297256768}, "TPOT": {"unit": "ms", "min": 7.597451550081468, "p50": 8.007888790929856, "p90": 14.322954582825655, "p95": 14.530117975956198, "p99": 14.927955464650756, "max": 14.99997671339314}, "Input Tokens per Minute": {"unit": "tokens/min", "min": 37232.22457508684, "p50": 37232.22457508684, "p90": 37232.22457508684, "p95": 37232.22457508684, "p99": 37232.22457508684, "max": 37232.22457508684}, "Output Tokens per Minute": {"unit": "tokens/min", "min": 70624.07428700941, "p50": 70624.07428700941, "p90": 70624.07428700941, "p95": 70624.07428700941, "p99": 70624.07428700941, "max": 70624.07428700941}}
{"target_qps": 3.0, "actual_qps": 3.020648296864408, "success_rate": 100.0, "input_tokens": 142, "output_tokens": 350, "model": "meta-llama/Llama-3.1-8B-Instruct", "input_tokens_per_minute": 27096.249161538482, "output_tokens_per_minute": 66574.95159028732, "Latency": {"unit": "s", "min": 2.689465596980881, "p50": 2.8277441349928267, "p90": 5.157551188988145, "p95": 5.214651052688714, "p99": 5.335430874315789, "max": 5.387668486975599}, "Throughput": {"unit": "tokens/s", "min": 64.96316557822857, "p50": 123.77357472651529, "p90": 127.1348191703079, "p95": 128.3909623396711, "p99": 129.46211233431902, "max": 130.1373776236068}, "TTFT": {"unit": "s", "min": 0.014217165997251868, "p50": 0.027130962000228465, "p90": 0.057807516411412505, "p95": 0.1005424334085545, "p99": 0.14488072247128003, "max": 0.20766375795938075}, "TPOT": {"unit": "ms", "min": 7.6026171434171665, "p50": 8.025396512861345, "p90": 14.618773035535638, "p95": 14.81981561692661, "p99": 15.155035133855844, "max": 15.212630773667662}, "Input Tokens per Minute": {"unit": "tokens/min", "min": 27096.249161538482, "p50": 27096.249161538482, "p90": 27096.249161538482, "p95": 27096.249161538482, "p99": 27096.249161538482, "max": 27096.249161538482}, "Output Tokens per Minute": {"unit": "tokens/min", "min": 66574.95159028732, "p50": 66574.95159028732, "p90": 66574.95159028732, "p95": 66574.95159028732, "p99": 66574.95159028732, "max": 66574.95159028732}}
{"target_qps": 3.0, "actual_qps": 2.9915197738492068, "success_rate": 100.0, "input_tokens": 74, "output_tokens": 348, "model": "meta-llama/Llama-3.1-8B-Instruct", "input_tokens_per_minute": 13328.950276243095, "output_tokens_per_minute": 62781.215469613264, "Latency": {"unit": "s", "min": 1.8059650820214301, "p50": 2.830880945955869, "p90": 5.091293724952266, "p95": 5.194973609002773, "p99": 5.253671694220975, "max": 5.278548815986142}, "Throughput": {"unit": "tokens/s", "min": 66.30610271899376, "p50": 123.63642508527316, "p90": 127.7330611533121, "p95": 128.20759195123063, "p99": 128.6257291946066, "max": 129.09333037013343}, "TTFT": {"unit": "s", "min": 0.014796328032389283, "p50": 0.024254699994344264, "p90": 0.048247506958432496, "p95": 0.05847323196940124, "p99": 0.12545350340660655, "max": 0.1457469779998064}, "TPOT": {"unit": "ms", "min": 7.600308810881096, "p50": 8.049875727813307, "p90": 14.480120991423385, "p95": 14.679492343841574, "p99": 14.957634177703389, "max": 14.96820485090602}, "Input Tokens per Minute": {"unit": "tokens/min", "min": 13328.950276243095, "p50": 13328.950276243095, "p90": 13328.950276243095, "p95": 13328.950276243095, "p99": 13328.950276243095, "max": 13328.950276243095}, "Output Tokens per Minute": {"unit": "tokens/min", "min": 62781.215469613264, "p50": 62781.215469613264, "p90": 62781.215469613264, "p95": 62781.215469613264, "p99": 62781.215469613264, "max": 62781.215469613264}}
{"target_qps": 3.0, "actual_qps": 2.846131423281567, "success_rate": 100.0, "input_tokens": 87, "output_tokens": 349, "model": "meta-llama/Llama-3.1-8B-Instruct", "input_tokens_per_minute": 15775.06329113924, "output_tokens_per_minute": 62903.16455696202, "Latency": {"unit": "s", "min": 2.6704397260327823, "p50": 2.826488066028105, "p90": 5.236369789706077, "p95": 5.322422334662406, "p99": 5.474929963116884, "max": 5.566842094995081}, "Throughput": {"unit": "tokens/s", "min": 62.87227013582271, "p50": 123.828601176187, "p90": 127.89204238780655, "p95": 128.55395773802516, "p99": 129.11968608562955, "max": 131.06455711695153}, "TTFT": {"unit": "s", "min": 0.01486544799990952, "p50": 0.02594446050352417, "p90": 0.04974120471742936, "p95": 0.08003804738109474, "p99": 0.30767423457175025, "max": 0.34399352001491934}, "TPOT": {"unit": "ms", "min": 7.608325134750648, "p50": 8.033059167650322, "p90": 14.85281798938212, "p95": 15.09910840409365, "p99": 15.149219033375376, "max": 15.159900753524017}, "Input Tokens per Minute": {"unit": "tokens/min", "min": 15775.06329113924, "p50": 15775.06329113924, "p90": 15775.06329113924, "p95": 15775.06329113924, "p99": 15775.06329113924, "max": 15775.06329113924}, "Output Tokens per Minute": {"unit": "tokens/min", "min": 62903.16455696202, "p50": 62903.16455696202, "p90": 62903.16455696202, "p95": 62903.16455696202, "p99": 62903.16455696202, "max": 62903.16455696202}}
{"target_qps": 3.0, "actual_qps": 3.2650490911472687, "success_rate": 100.0, "input_tokens": 97, "output_tokens": 350, "model": "meta-llama/Llama-3.1-8B-Instruct", "input_tokens_per_minute": 18676.10290326214, "output_tokens_per_minute": 66916.36159844264, "Latency": {"unit": "s", "min": 2.683513864991255, "p50": 2.8697243919887114, "p90": 5.504817134002224, "p95": 6.342745833477238, "p99": 6.577897933975327, "max": 6.579031396016944}, "Throughput": {"unit": "tokens/s", "min": 53.19932052792693, "p50": 121.96293214734746, "p90": 128.0760442107678, "p95": 128.4219095044076, "p99": 129.5100321899642, "max": 130.426007693141}, "TTFT": {"unit": "s", "min": 0.014697019010782242, "p50": 0.02607416352839209, "p90": 0.05466216499917209, "p95": 0.0765670034888899, "p99": 0.4176924298779406, "max": 1.51539508899441}, "TPOT": {"unit": "ms", "min": 7.636767641786635, "p50": 8.13466565614102,