{"actual_qps": 7.030563096927121, "success_rate": 100.0, "input_tokens": 4179, "output_tokens": 179, "model": "meta-llama/Llama-3.1-8B-Instruct", "input_tokens_per_minute": 1600576.0001604434, "output_tokens_per_minute": 68553.47503149802, "Latency": {"unit": "s", "min": 0.9517271500080824, "p50": 4.954206109978259, "p90": 13.181632020161487, "p95": 14.94379473774461, "p99": 16.993354942252626, "max": 20.52800838695839}, "Throughput": {"unit": "tokens/s", "min": 3.2986028149730218, "p50": 35.936283470793455, "p90": 58.12030686248214, "p95": 62.150751243425326, "p99": 67.38731777129655, "max": 72.17874161348915}, "TTFT": {"unit": "s", "min": 0.19672055402770638, "p50": 1.7876700769993477, "p90": 5.575474528095219, "p95": 6.69049491091282, "p99": 8.622988387814262, "max": 12.263561422936618}, "TPOT": {"unit": "ms", "min": 8.413680473013835, "p50": 16.575634937286473, "p90": 42.9720830443156, "p95": 46.44273674760794, "p99": 52.333436113994004, "max": 56.354192609433085}, "Input Tokens per Minute": {"unit": "tokens/min", "min": 1600576.0001604434, "p50": 1600576.0001604434, "p90": 1600576.0001604434, "p95": 1600576.0001604434, "p99": 1600576.0001604434, "max": 1600576.0001604434}, "Output Tokens per Minute": {"unit": "tokens/min", "min": 68553.47503149802, "p50": 68553.47503149802, "p90": 68553.47503149802, "p95": 68553.47503149802, "p99": 68553.47503149802, "max": 68553.47503149802}}
{"actual_qps": 6.639699517094983, "success_rate": 100.0, "input_tokens": 4231, "output_tokens": 174, "model": "meta-llama/Llama-3.1-8B-Instruct", "input_tokens_per_minute": 1628895.7066606611, "output_tokens_per_minute": 67308.91577689305, "Latency": {"unit": "s", "min": 0.728491278947331, "p50": 3.6791277785087004, "p90": 9.955973724019714, "p95": 11.062146090233, "p99": 13.086482127301851, "max": 14.608424326055683}, "Throughput": {"unit": "tokens/s", "min": 3.5603330096999835, "p50": 45.98702106277352, "p90": 68.07255437375304, "p95": 76.54824891170307, "p99": 89.86626683127372, "max": 98.99339918339493}, "TTFT": {"unit": "s", "min": 0.18833986192476004, "p50": 1.0808790390146896, "p90": 3.4893954709987156, "p95": 4.257871417008573, "p99": 5.379498188610885, "max": 7.426182006020099}, "TPOT": {"unit": "ms", "min": 8.735235190795894, "p50": 14.688142992429734, "p90": 35.240633429868154, "p95": 37.088187791532306, "p99": 44.275950716460926, "max": 48.18707018208211}, "Input Tokens per Minute": {"unit": "tokens/min", "min": 1628895.7066606611, "p50": 1628895.7066606611, "p90": 1628895.7066606611, "p95": 1628895.7066606611, "p99": 1628895.7066606611, "max": 1628895.7066606611}, "Output Tokens per Minute": {"unit": "tokens/min", "min": 67308.91577689305, "p50": 67308.91577689305, "p90": 67308.91577689305, "p95": 67308.91577689305, "p99": 67308.91577689305, "max": 67308.91577689305}}
{"actual_qps": 6.365357536358351, "success_rate": 100.0, "input_tokens": 4232, "output_tokens": 177, "model": "meta-llama/Llama-3.1-8B-Instruct", "input_tokens_per_minute": 1604043.4140452682, "output_tokens_per_minute": 67170.29900093946, "Latency": {"unit": "s", "min": 0.7041788200149313, "p50": 3.928917860495858, "p90": 10.132162949675696, "p95": 11.71140563134104, "p99": 13.009085243346624, "max": 15.075204128981568}, "Throughput": {"unit": "tokens/s", "min": 4.184609521569022, "p50": 40.648013351731095, "p90": 67.09756030640965, "p95": 72.86282106272864, "p99": 84.35889238114737, "max": 87.11962190451366}, "TTFT": {"unit": "s", "min": 0.1543233710108325, "p50": 1.2859594689798541, "p90": 3.577765199472197, "p95": 4.0412982640438715, "p99": 6.06563769461587, "max": 6.603693081997335}, "TPOT": {"unit": "ms", "min": 9.260162998757819, "p50": 15.154123912043588, "p90": 36.68581157151713, "p95": 42.38184527780665, "p99": 50.97544491528556, "max": 72.45508785126731}, "Input Tokens per Minute": {"unit": "tokens/min", "min": 1604043.4140452682, "p50": 1604043.4140452682, "p90": 1604043.4140452682, "p95": 1604043.4140452682, "p99": 1604043.4140452682, "max": 1604043.4140452682}, "Output Tokens per Minute": {"unit": "tokens/min", "min": 67170.29900093946, "p50": 67170.29900093946, "p90": 67170.29900093946, "p95": 67170.29900093946, "p99": 67170.29900093946, "max": 67170.29900093946}}
{"actual_qps": 6.588841962793823, "success_rate": 100.0, "input_tokens": 4336, "output_tokens": 175, "model": "meta-llama/Llama-3.1-8B-Instruct", "input_tokens_per_minute": 1752844.378500763, "output_tokens_per_minute": 70871.35428845706, "Latency": {"unit": "s", "min": 0.6808743870351464, "p50": 4.256199090043083, "p90": 9.192479914054275, "p95": 10.642167615471408, "p99": 12.574352624278978, "max": 14.518114867969416}, "Throughput": {"unit": "tokens/s", "min": 2.464039220971025, "p50": 40.53404409798973, "p90": 62.54712266975515, "p95": 67.32491285762231, "p99": 76.10699244433728, "max": 88.95141335139124}, "TTFT": {"unit": "s", "min": 0.18774952099192888, "p50": 1.3439401929499581, "p90": 3.328608142910525, "p95": 4.182067910965998, "p99": 6.065779923379875, "max": 6.488689867896028}, "TPOT": {"unit": "ms", "min": 8.739689568756148, "p50": 16.277626005291527, "p90": 32.57220177841022, "p95": 36.81917941717234, "p99": 45.49253911798323, "max": 49.478945599614896}, "Input Tokens per Minute": {"unit": "tokens/min", "min": 1752844.378500763, "p50": 1752844.378500763, "p90": 1752844.378500763, "p95": 1752844.378500763, "p99": 1752844.378500763, "max": 1752844.378500763}, "Output Tokens per Minute": {"unit": "tokens/min", "min": 70871.35428845706, "p50": 70871.35428845706, "p90": 70871.35428845706, "p95": 70871.35428845706, "p99": 70871.35428845706, "max": 70871.35428845706}}
{"actual_qps": 6.831448825794615, "success_rate": 100.0, "input_tokens": 4237, "output_tokens": 176, "model": "meta-llama/Llama-3.1-8B-Instruct", "input_tokens_per_minute": 1741871.498109591, "output_tokens_per_minute": 72678.86048660857, "Latency": {"unit": "s", "min": 0.6501120770117268, "p50": 3.913663382991217, "p90": 10.657732943748124, "p95": 11.48433883874095, "p99": 12.798663730630649, "max": 13.805514252046123}, "Throughput": {"unit": "tokens/s", "min": 3.2909155382710646, "p50": 45.07518374767437, "p90": 62.9496306370644, "p95": 65.91042424440478, "p99": 71.01416471373311, "max": 76.40448413118519}, "TTFT": {"unit": "s", "min": 0.18628702103160322, "p50": 1.1962808669777587, "p90": 3.571572982135695, "p95": 4.300993290357291, "p99": 5.182618914123158, "max": 6.805670507019386}, "TPOT": {"unit": "ms", "min": 7.7899297269956245, "p50": 14.906598045607684, "p90": 39.26540027236819, "p95": 43.18909223525476, "p99": 47.11691789297187, "max": 182.85643429194084}, "Input Tokens per Minute": {"unit": "tokens/min", "min": 1741871.498109591, "p50": 1741871.498109591, "p90": 1741871.498109591, "p95": 1741871.498109591, "p99": 1741871.498109591, "max": 1741871.498109591}, "Output Tokens per Minute": {"unit": "tokens/min", "min": 72678.86048660857, "p50": 72678.86048660857, "p90": 72678.86048660857, "p95": 72678.86048660857, "p99": 72678.86048660857, "max": 72678.86048660857}}
{"actual_qps": 6.724506101296847, "success_rate": 100.0, "input_tokens": 4207, "output_tokens": 179, "model": "meta-llama/Llama-3.1-8B-Instruct", "input_tokens_per_minute": 1733760.3386306174, "output_tokens_per_minute": 73978.92751270013, "Latency": {"unit": "s", "min": 0.4417033849749714, "p50": 4.171355017926544, "p90": 9.007290148595347, "p95": 11.036204343545245, "p99": 16.09601736170705, "max": 17.787457961938344}, "Throughput": {"unit": "tokens/s", "min": 2.36909459839465, "p50": 42.45172286823425, "p90": 63.8179603292128, "p95": 67.84345336579905, "p99": 77.75902925082707, "max": 86.59440262102272}, "TTFT": {"unit": "s", "min": 0.04077140300069004, "p50": 1.1413282519206405, "p90": 2.9555766190635038, "p95": 3.7821230761474, "p99": 4.843734996013809, "max": 6.411685743951239}, "TPOT": {"unit": "ms", "min": 8.945947649943479, "p50": 16.345754155804915, "p90": 33.6333334355519, "p95": 43.22819608372189, "p99": 89.52754160089438, "max": 369.852483882021},