{"target_qps": 6.0, "actual_qps": 4.809398747047724, "success_rate": 100.0, "input_tokens": 221, "output_tokens": 299, "model": "meta-llama/Llama-3.1-8B-Instruct", "input_tokens_per_minute": 79561.44, "output_tokens_per_minute": 107926.56, "Latency": {"unit": "s", "min": 2.441549585957546, "p50": 2.8077301755256485, "p90": 15.20096670476487, "p95": 21.176241445602468, "p99": 35.81330815192602, "max": 39.205529792991}, "Throughput": {"unit": "tokens/s", "min": 7.6519817888963395, "p50": 106.83814498442138, "p90": 114.88422536072775, "p95": 116.80571278779557, "p99": 121.29782592782657, "max": 122.87278608857075}, "TTFT": {"unit": "s", "min": 0.026007722015492618, "p50": 0.15935644001001492, "p90": 0.6946925765660122, "p95": 5.171910488873253, "p99": 7.743592896196642, "max": 9.72006646200316}, "TPOT": {"unit": "ms", "min": 7.847069066880664, "p50": 8.817988230685632, "p90": 41.12539028322143, "p95": 50.291325325969005, "p99": 103.53816495759771, "max": 130.03009232442457}, "Input Tokens per Minute": {"unit": "tokens/min", "min": 79561.44, "p50": 79561.44, "p90": 79561.44, "p95": 79561.44, "p99": 79561.44, "max": 79561.44}, "Output Tokens per Minute": {"unit": "tokens/min", "min": 107926.56, "p50": 107926.56, "p90": 107926.56, "p95": 107926.56, "p99": 107926.56, "max": 107926.56}}
{"target_qps": 6.0, "actual_qps": 5.020133184211428, "success_rate": 100.0, "input_tokens": 246, "output_tokens": 298, "model": "meta-llama/Llama-3.1-8B-Instruct", "input_tokens_per_minute": 88854.1634241245, "output_tokens_per_minute": 107446.69260700389, "Latency": {"unit": "s", "min": 1.1156179020181298, "p50": 2.805943012004718, "p90": 13.788327034993575, "p95": 18.561971187812734, "p99": 36.98187974925619, "max": 38.997846783022396}, "Throughput": {"unit": "tokens/s", "min": 7.6927324133855555, "p50": 106.6913383699314, "p90": 114.65598209990074, "p95": 116.25375787140968, "p99": 117.37308439491875, "max": 118.61884252816711}, "TTFT": {"unit": "s", "min": 0.024201361986342818, "p50": 0.1567726139910519, "p90": 0.5605385814211331, "p95": 1.8140211322344442, "p99": 7.776257483346853, "max": 9.601113725046162}, "TPOT": {"unit": "ms", "min": 7.732623785868113, "p50": 8.850147361114908, "p90": 37.7992023036809, "p95": 50.8790465498523, "p99": 103.78242546525848, "max": 125.21883930771901}, "Input Tokens per Minute": {"unit": "tokens/min", "min": 88854.1634241245, "p50": 88854.1634241245, "p90": 88854.1634241245, "p95": 88854.1634241245, "p99": 88854.1634241245, "max": 88854.1634241245}, "Output Tokens per Minute": {"unit": "tokens/min", "min": 107446.69260700389, "p50": 107446.69260700389, "p90": 107446.69260700389, "p95": 107446.69260700389, "p99": 107446.69260700389, "max": 107446.69260700389}}
{"target_qps": 6.0, "actual_qps": 4.632109151265896, "success_rate": 100.0, "input_tokens": 222, "output_tokens": 299, "model": "meta-llama/Llama-3.1-8B-Instruct", "input_tokens_per_minute": 79991.0034602076, "output_tokens_per_minute": 107910.31141868512, "Latency": {"unit": "s", "min": 2.1488750540302135, "p50": 2.8892471669823863, "p90": 27.461434053187258, "p95": 40.41936700721268, "p99": 52.335683839393326, "max": 55.9287069470156}, "Throughput": {"unit": "tokens/s", "min": 5.363971677088956, "p50": 103.83327651172493, "p90": 114.04100570085353, "p95": 115.31760841129302, "p99": 116.3435618572787, "max": 117.65257077712344}, "TTFT": {"unit": "s", "min": 0.04438850894803181, "p50": 0.1685241800150834, "p90": 2.3629852588055655, "p95": 3.7185833473806262, "p99": 18.376534733406753, "max": 24.578181167016737}, "TPOT": {"unit": "ms", "min": 7.874910053516735, "p50": 9.104468635467184, "p90": 80.03973665948564, "p95": 121.34473257469179, "p99": 161.58399300048612, "max": 184.41560476929587}, "Input Tokens per Minute": {"unit": "tokens/min", "min": 79991.0034602076, "p50": 79991.0034602076, "p90": 79991.0034602076, "p95": 79991.0034602076, "p99": 79991.0034602076, "max": 79991.0034602076}, "Output Tokens per Minute": {"unit": "tokens/min", "min": 107910.31141868512, "p50": 107910.31141868512, "p90": 107910.31141868512, "p95": 107910.31141868512, "p99": 107910.31141868512, "max": 107910.31141868512}}
{"target_qps": 6.0, "actual_qps": 4.784958867226925, "success_rate": 100.0, "input_tokens": 186, "output_tokens": 298, "model": "meta-llama/Llama-3.1-8B-Instruct", "input_tokens_per_minute": 67300.85106382979, "output_tokens_per_minute": 107602.97872340426, "Latency": {"unit": "s", "min": 0.9896312420023605, "p50": 2.8661046655033715, "p90": 27.40025847636862, "p95": 37.91045181773079, "p99": 46.95715672435471, "max": 55.647117823013104}, "Throughput": {"unit": "tokens/s", "min": 5.391114791500193, "p50": 104.4886781116895, "p90": 114.49933661903582, "p95": 115.58867674694356, "p99": 118.07380947906954, "max": 120.65652909521253}, "TTFT": {"unit": "s", "min": 0.030385677993763238, "p50": 0.16052375148865394, "p90": 3.174248823104427, "p95": 5.000186001523977, "p99": 6.842938118194576, "max": 11.855413746961858}, "TPOT": {"unit": "ms", "min": 7.886802026788613, "p50": 9.113504570137156, "p90": 79.74978206016554, "p95": 123.86332386054352, "p99": 153.71720260259326, "max": 183.55295107365868}, "Input Tokens per Minute": {"unit": "tokens/min", "min": 67300.85106382979, "p50": 67300.85106382979, "p90": 67300.85106382979, "p95": 67300.85106382979, "p99": 67300.85106382979, "max": 67300.85106382979}, "Output Tokens per Minute": {"unit": "tokens/min", "min": 107602.97872340426, "p50": 107602.97872340426, "p90": 107602.97872340426, "p95": 107602.97872340426, "p99": 107602.97872340426, "max": 107602.97872340426}}
{"target_qps": 6.0, "actual_qps": 4.475542798279678, "success_rate": 100.0, "input_tokens": 218, "output_tokens": 298, "model": "meta-llama/Llama-3.1-8B-Instruct", "input_tokens_per_minute": 78531.06382978724, "output_tokens_per_minute": 107467.65957446808, "Latency": {"unit": "s", "min": 1.3604863850050606, "p50": 2.8626223524915986, "p90": 17.325441987405068, "p95": 20.046204423735617, "p99": 25.436231430038458, "max": 28.090918931004126}, "Throughput": {"unit": "tokens/s", "min": 10.679607909475973, "p50": 104.59460310456703, "p90": 114.49568312873211, "p95": 115.69547325976761, "p99": 119.87787718220801, "max": 121.80146832060699}, "TTFT": {"unit": "s", "min": 0.02346302999649197, "p50": 0.16074027499416843, "p90": 0.9874835044029171, "p95": 4.860796925090835, "p99": 8.212934732568101, "max": 9.015949373017065}, "TPOT": {"unit": "ms", "min": 7.932891461446906, "p50": 8.890196673917027, "p90": 53.37185974419351, "p95": 63.753735027462845, "p99": 72.39479559242808, "max": 86.17399538124299}, "Input Tokens per Minute": {"unit": "tokens/min", "min": 78531.06382978724, "p50": 78531.06382978724, "p90": 78531.06382978724, "p95": 78531.06382978724, "p99": 78531.06382978724, "max": 78531.06382978724}, "Output Tokens per Minute": {"unit": "tokens/min", "min": 107467.65957446808, "p50": 107467.65957446808, "p90": 107467.65957446808, "p95": 107467.65957446808, "p99": 107467.65957446808, "max": 107467.65957446808}}
{"target_qps": 6.0, "actual_qps": 4.771938426968242, "success_rate": 100.0, "input_tokens": 264, "output_tokens": 299, "model": "meta-llama/Llama-3.1-8B-Instruct", "input_tokens_per_minute": 95394.91166077739, "output_tokens_per_minute": 107865.1590106007, "Latency": {"unit": "s", "min": 2.101665206020698, "p50": 2.8571422700188123, "p90": 17.21019141561119, "p95": 19.82599731396767, "p99": 24.413354482724102, "max": 26.41028496203944}, "Throughput": {"unit": "tokens/s", "min": 11.359211020676302, "p50": 105.00002157681308, "p90": 114.43373186485395, "p95": 116.04532723550355, "p99": 118.77639547902152, "max": 120.82767941721445}, "TTFT": {"unit": "s", "min": 0.023360692022833973, "p50": 0.16267017199425027, "p90": 2.188400214200387, "p95": 5.014282806648406, "p99": 9.081679749795015, "max": 12.585077412019018}, "TPOT": {"unit": "ms", "min": 7.94289711034268, "p50": 8.95950844492701, "p90": 51.904377543692945, "p95": 57.89863228021939, "p99": 66.1251515787668,