{"actual_qps": 5.204276161543496, "success_rate": 100.0, "input_tokens": 4099, "output_tokens": 174, "model": "meta-llama/Llama-3.1-8B-Instruct", "input_tokens_per_minute": 1215007.2182844058, "output_tokens_per_minute": 51835.585016647405, "Latency": {"unit": "s", "min": 0.5201893600169569, "p50": 3.355805346975103, "p90": 7.945304420311005, "p95": 9.582786635664524, "p99": 12.046722471323966, "max": 18.384019308025017}, "Throughput": {"unit": "tokens/s", "min": 4.199899713780028, "p50": 49.429944544929896, "p90": 78.73927936543805, "p95": 84.1151142857645, "p99": 99.84171304591328, "max": 113.27072361660338}, "TTFT": {"unit": "s", "min": 0.056445229914970696, "p50": 0.8850587724591605, "p90": 2.8667024767724802, "p95": 3.86799242866109, "p99": 7.124730986291522, "max": 11.660368205979466}, "TPOT": {"unit": "ms", "min": 7.810770100492741, "p50": 14.34732098500923, "p90": 29.275218276283585, "p95": 31.80407761480897, "p99": 41.19143297396779, "max": 48.0938311934901}, "Input Tokens per Minute": {"unit": "tokens/min", "min": 1215007.2182844058, "p50": 1215007.2182844058, "p90": 1215007.2182844058, "p95": 1215007.2182844058, "p99": 1215007.2182844058, "max": 1215007.2182844058}, "Output Tokens per Minute": {"unit": "tokens/min", "min": 51835.585016647405, "p50": 51835.585016647405, "p90": 51835.585016647405, "p95": 51835.585016647405, "p99": 51835.585016647405, "max": 51835.585016647405}}
{"actual_qps": 5.145761540935934, "success_rate": 100.0, "input_tokens": 4279, "output_tokens": 175, "model": "meta-llama/Llama-3.1-8B-Instruct", "input_tokens_per_minute": 1200056.6919507794, "output_tokens_per_minute": 49355.432517241774, "Latency": {"unit": "s", "min": 0.5541372330626473, "p50": 3.535060380527284, "p90": 10.265403500001412, "p95": 11.986117723176719, "p99": 13.579091964267423, "max": 15.157929874956608}, "Throughput": {"unit": "tokens/s", "min": 2.9275248099519335, "p50": 39.961877413438245, "p90": 86.08794726461129, "p95": 92.99182927266466, "p99": 109.97528711276867, "max": 114.34299868927184}, "TTFT": {"unit": "s", "min": 0.078025704016909, "p50": 0.9220078064827248, "p90": 3.5958546848618425, "p95": 4.724535502417711, "p99": 6.0312341863883185, "max": 7.979328863089904}, "TPOT": {"unit": "ms", "min": 7.655703733516061, "p50": 14.86479626475688, "p90": 39.535483230071854, "p95": 43.32111432330139, "p99": 52.389655496501575, "max": 60.46135003271047}, "Input Tokens per Minute": {"unit": "tokens/min", "min": 1200056.6919507794, "p50": 1200056.6919507794, "p90": 1200056.6919507794, "p95": 1200056.6919507794, "p99": 1200056.6919507794, "max": 1200056.6919507794}, "Output Tokens per Minute": {"unit": "tokens/min", "min": 49355.432517241774, "p50": 49355.432517241774, "p90": 49355.432517241774, "p95": 49355.432517241774, "p99": 49355.432517241774, "max": 49355.432517241774}}
{"actual_qps": 4.969921113474625, "success_rate": 100.0, "input_tokens": 4252, "output_tokens": 181, "model": "meta-llama/Llama-3.1-8B-Instruct", "input_tokens_per_minute": 1301418.6220604912, "output_tokens_per_minute": 55594.22647528347, "Latency": {"unit": "s", "min": 0.5386600960046053, "p50": 3.3388182630296797, "p90": 10.457733816001564, "p95": 12.052363112976309, "p99": 15.850110918295103, "max": 18.669379399972968}, "Throughput": {"unit": "tokens/s", "min": 3.5782235268287486, "p50": 51.59981989525398, "p90": 80.30921721215117, "p95": 85.20837382509856, "p99": 99.11875282270286, "max": 103.43592204640872}, "TTFT": {"unit": "s", "min": 0.08105678507126868, "p50": 0.8818503740476444, "p90": 3.8161778380163014, "p95": 5.893826235493179, "p99": 8.320576457609405, "max": 11.941604837076738}, "TPOT": {"unit": "ms", "min": 8.174814497373399, "p50": 14.416300472288613, "p90": 34.819972055528936, "p95": 43.59573530133851, "p99": 54.21575114601246, "max": 73.57842781877315}, "Input Tokens per Minute": {"unit": "tokens/min", "min": 1301418.6220604912, "p50": 1301418.6220604912, "p90": 1301418.6220604912, "p95": 1301418.6220604912, "p99": 1301418.6220604912, "max": 1301418.6220604912}, "Output Tokens per Minute": {"unit": "tokens/min", "min": 55594.22647528347, "p50": 55594.22647528347, "p90": 55594.22647528347, "p95": 55594.22647528347, "p99": 55594.22647528347, "max": 55594.22647528347}}
{"actual_qps": 5.215231423479792, "success_rate": 100.0, "input_tokens": 4330, "output_tokens": 174, "model": "meta-llama/Llama-3.1-8B-Instruct", "input_tokens_per_minute": 1389316.0030845792, "output_tokens_per_minute": 55956.48115615128, "Latency": {"unit": "s", "min": 0.5917407559463754, "p50": 3.5395840880228207, "p90": 9.729676061484497, "p95": 13.031260382267646, "p99": 14.997527918720152, "max": 16.126010157051496}, "Throughput": {"unit": "tokens/s", "min": 3.4916654467593027, "p50": 47.88932896649084, "p90": 73.85718070514508, "p95": 79.19396095423846, "p99": 92.00698437734694, "max": 98.73049681319591}, "TTFT": {"unit": "s", "min": 0.1721800749655813, "p50": 1.034160764014814, "p90": 3.677206317021046, "p95": 4.91157147672493, "p99": 6.971461831708439, "max": 9.360054180957377}, "TPOT": {"unit": "ms", "min": 7.814242364309559, "p50": 14.791907419406122, "p90": 33.00783235417131, "p95": 39.958353488835925, "p99": 53.77199353024744, "max": 60.615425748652136}, "Input Tokens per Minute": {"unit": "tokens/min", "min": 1389316.0030845792, "p50": 1389316.0030845792, "p90": 1389316.0030845792, "p95": 1389316.0030845792, "p99": 1389316.0030845792, "max": 1389316.0030845792}, "Output Tokens per Minute": {"unit": "tokens/min", "min": 55956.48115615128, "p50": 55956.48115615128, "p90": 55956.48115615128, "p95": 55956.48115615128, "p99": 55956.48115615128, "max": 55956.48115615128}}
{"actual_qps": 5.0955536458757225, "success_rate": 100.0, "input_tokens": 4248, "output_tokens": 176, "model": "meta-llama/Llama-3.1-8B-Instruct", "input_tokens_per_minute": 1304453.3637593444, "output_tokens_per_minute": 54078.0138377696, "Latency": {"unit": "s", "min": 0.4096558520104736, "p50": 3.5022731425706297, "p90": 9.981739383284003, "p95": 10.969046684802741, "p99": 12.906439984367461, "max": 13.927581691066734}, "Throughput": {"unit": "tokens/s", "min": 3.463186318928112, "p50": 45.765058269583506, "p90": 76.52437013118013, "p95": 82.6799967413844, "p99": 92.34091724194056, "max": 100.71232188689692}, "TTFT": {"unit": "s", "min": 0.05702206795103848, "p50": 1.0136533940094523, "p90": 3.4753167159622547, "p95": 4.675605730409729, "p99": 6.386942159997997, "max": 7.913545491057448}, "TPOT": {"unit": "ms", "min": 7.191684800916566, "p50": 13.754569082965503, "p90": 37.733830957984715, "p95": 40.118092491279434, "p99": 44.35892504727534, "max": 52.50247329583063}, "Input Tokens per Minute": {"unit": "tokens/min", "min": 1304453.3637593444, "p50": 1304453.3637593444, "p90": 1304453.3637593444, "p95": 1304453.3637593444, "p99": 1304453.3637593444, "max": 1304453.3637593444}, "Output Tokens per Minute": {"unit": "tokens/min", "min": 54078.0138377696, "p50": 54078.0138377696, "p90": 54078.0138377696, "p95": 54078.0138377696, "p99": 54078.0138377696, "max": 54078.0138377696}}
{"actual_qps": 5.235627148929645, "success_rate": 100.0, "input_tokens": 4253, "output_tokens": 173, "model": "meta-llama/Llama-3.1-8B-Instruct", "input_tokens_per_minute": 1335263.5734009626, "output_tokens_per_minute": 54447.01606112902, "Latency": {"unit": "s", "min": 0.42588588199578226, "p50": 3.255521502927877, "p90": 8.082530829170718, "p95": 8.902366244432036, "p99": 10.861211973452008, "max": 12.054486018023454}, "Throughput": {"unit": "tokens/s", "min": 5.24870537099381, "p50": 53.15232312572061, "p90": 81.3900635794887, "p95": 92.95977808659669, "p99": 107.88777300436735, "max": 117.39074986051517}, "TTFT": {"unit": "s", "min": 0.033275908906944096, "p50": 0.6680824049981311, "p90": 2.6536359915276986, "p95": 3.538103721453802, "p99": 6.086827934412282, "max": 7.295318279997446}, "TPOT": {"unit": "ms", "min": 7.880289354087674, "p50": 14.69630976418155, "p90": 30.143904989940957, "p95": 33.93032881431138, "p99": 38.49220738895103,