{"target_qps": 3.5, "actual_qps": 3.729910220414234, "success_rate": 100.0, "input_tokens": 170, "output_tokens": 350, "model": "meta-llama/Llama-3.1-8B-Instruct", "input_tokens_per_minute": 35786.04878048781, "output_tokens_per_minute": 73500.0, "Latency": {"unit": "s", "min": 2.8189286969718523, "p50": 3.028208828996867, "p90": 12.722427474614232, "p95": 16.374275725404722, "p99": 18.85623535998166, "max": 20.634945835045073}, "Throughput": {"unit": "tokens/s", "min": 16.96151774750881, "p50": 115.57987568378564, "p90": 120.72914807573696, "p95": 121.43083476465017, "p99": 123.26509653486127, "max": 124.16064314644665}, "TTFT": {"unit": "s", "min": 0.015887709974776953, "p50": 0.09043964400188997, "p90": 0.7503348825732246, "p95": 1.6942992887925346, "p99": 2.3666837323270764, "max": 2.7787749760318547}, "TPOT": {"unit": "ms", "min": 7.988731868172807, "p50": 8.352600885481763, "p90": 31.8690583971796, "p95": 40.51255249327587, "p99": 51.593880028454564, "max": 58.960283576059865}, "Input Tokens per Minute": {"unit": "tokens/min", "min": 35786.04878048781, "p50": 35786.04878048781, "p90": 35786.04878048781, "p95": 35786.04878048781, "p99": 35786.04878048781, "max": 35786.04878048781}, "Output Tokens per Minute": {"unit": "tokens/min", "min": 73500.0, "p50": 73500.0, "p90": 73500.0, "p95": 73500.0, "p99": 73500.0, "max": 73500.0}}
{"target_qps": 3.5, "actual_qps": 3.32922339778081, "success_rate": 100.0, "input_tokens": 165, "output_tokens": 350, "model": "meta-llama/Llama-3.1-8B-Instruct", "input_tokens_per_minute": 34732.58426966292, "output_tokens_per_minute": 73500.0, "Latency": {"unit": "s", "min": 2.813801857002545, "p50": 3.000900877523236, "p90": 11.770912880031394, "p95": 14.125971368228784, "p99": 20.085160970168065, "max": 21.46713974198792}, "Throughput": {"unit": "tokens/s", "min": 16.303988524164186, "p50": 116.63164328075648, "p90": 121.68495735557492, "p95": 123.0698800091845, "p99": 123.96278683229826, "max": 124.38686794131411}, "TTFT": {"unit": "s", "min": 0.016020646959077567, "p50": 0.03914335597073659, "p90": 0.607736927876249, "p95": 0.9267274591547913, "p99": 1.6159181937295912, "max": 1.9654199969954789}, "TPOT": {"unit": "ms", "min": 8.001075681955433, "p50": 8.393339610363043, "p90": 30.88665314707212, "p95": 38.19615713695603, "p99": 55.912120181246244, "max": 58.95238420338954}, "Input Tokens per Minute": {"unit": "tokens/min", "min": 34732.58426966292, "p50": 34732.58426966292, "p90": 34732.58426966292, "p95": 34732.58426966292, "p99": 34732.58426966292, "max": 34732.58426966292}, "Output Tokens per Minute": {"unit": "tokens/min", "min": 73500.0, "p50": 73500.0, "p90": 73500.0, "p95": 73500.0, "p99": 73500.0, "max": 73500.0}}
{"target_qps": 3.5, "actual_qps": 3.6147347094672577, "success_rate": 100.0, "input_tokens": 178, "output_tokens": 350, "model": "meta-llama/Llama-3.1-8B-Instruct", "input_tokens_per_minute": 37417.98994974874, "output_tokens_per_minute": 73500.0, "Latency": {"unit": "s", "min": 2.7960735500091687, "p50": 2.929238812997937, "p90": 21.993503745808283, "p95": 23.84286629070993, "p99": 28.700320934691756, "max": 34.540413765993435}, "Throughput": {"unit": "tokens/s", "min": 10.13305753576671, "p50": 119.48496600787273, "p90": 123.11426158104905, "p95": 123.87374057829142, "p99": 124.53042923550042, "max": 125.17553409811137}, "TTFT": {"unit": "s", "min": 0.016828530991915613, "p50": 0.027007780969142914, "p90": 1.6108987298095605, "p95": 2.620135983801446, "p99": 4.226625227028281, "max": 5.243913470010739}, "TPOT": {"unit": "ms", "min": 7.9559655529833835, "p50": 8.310124974225495, "p90": 57.322232509505575, "p95": 64.55007730708003, "p99": 78.51264921463311, "max": 96.05152460174064}, "Input Tokens per Minute": {"unit": "tokens/min", "min": 37417.98994974874, "p50": 37417.98994974874, "p90": 37417.98994974874, "p95": 37417.98994974874, "p99": 37417.98994974874, "max": 37417.98994974874}, "Output Tokens per Minute": {"unit": "tokens/min", "min": 73500.0, "p50": 73500.0, "p90": 73500.0, "p95": 73500.0, "p99": 73500.0, "max": 73500.0}}
{"target_qps": 3.5, "actual_qps": 3.0613350352615276, "success_rate": 100.0, "input_tokens": 184, "output_tokens": 350, "model": "meta-llama/Llama-3.1-8B-Instruct", "input_tokens_per_minute": 38715.50561797753, "output_tokens_per_minute": 73500.0, "Latency": {"unit": "s", "min": 2.796149112051353, "p50": 2.92478438699618, "p90": 20.418716121820037, "p95": 24.823936829870224, "p99": 30.848343146511464, "max": 34.58846935397014}, "Throughput": {"unit": "tokens/s", "min": 10.11897914354589, "p50": 119.66694220848049, "p90": 122.69263306881554, "p95": 123.29521199523796, "p99": 124.7785106395356, "max": 125.17215140333762}, "TTFT": {"unit": "s", "min": 0.015539439977146685, "p50": 0.027699381520505995, "p90": 2.3642337938072164, "p95": 3.132295024575433, "p99": 4.395572439436799, "max": 4.607147314993199}, "TPOT": {"unit": "ms", "min": 7.952060352478517, "p50": 8.302050617484799, "p90": 53.875437899983744, "p95": 65.689994578125, "p99": 84.52158098452807, "max": 87.58648630948123}, "Input Tokens per Minute": {"unit": "tokens/min", "min": 38715.50561797753, "p50": 38715.50561797753, "p90": 38715.50561797753, "p95": 38715.50561797753, "p99": 38715.50561797753, "max": 38715.50561797753}, "Output Tokens per Minute": {"unit": "tokens/min", "min": 73500.0, "p50": 73500.0, "p90": 73500.0, "p95": 73500.0, "p99": 73500.0, "max": 73500.0}}
{"target_qps": 3.5, "actual_qps": 3.6403986792217733, "success_rate": 100.0, "input_tokens": 135, "output_tokens": 350, "model": "meta-llama/Llama-3.1-8B-Instruct", "input_tokens_per_minute": 28567.654621629936, "output_tokens_per_minute": 74004.81698582345, "Latency": {"unit": "s", "min": 2.781327955017332, "p50": 2.919875013001729, "p90": 24.617968538822605, "p95": 25.795221224596023, "p99": 30.448494039834475, "max": 33.88883424102096}, "Throughput": {"unit": "tokens/s", "min": 10.327885506794454, "p50": 119.86820343645752, "p90": 122.27347773634567, "p95": 122.87198939197529, "p99": 125.04208365312431, "max": 125.83916951203942}, "TTFT": {"unit": "s", "min": 0.018256324983667582, "p50": 0.0279245775018353, "p90": 2.297046922601294, "p95": 3.718936892904453, "p99": 5.422772089343052, "max": 6.1697457560221665}, "TPOT": {"unit": "ms", "min": 7.3987543667976166, "p50": 8.260247365299367, "p90": 62.32063899375098, "p95": 69.00179495556809, "p99": 77.87799551410875, "max": 83.49367211750284}, "Input Tokens per Minute": {"unit": "tokens/min", "min": 28567.654621629936, "p50": 28567.654621629936, "p90": 28567.654621629936, "p95": 28567.654621629936, "p99": 28567.654621629936, "max": 28567.654621629936}, "Output Tokens per Minute": {"unit": "tokens/min", "min": 74004.81698582345, "p50": 74004.81698582345, "p90": 74004.81698582345, "p95": 74004.81698582345, "p99": 74004.81698582345, "max": 74004.81698582345}}
{"target_qps": 3.5, "actual_qps": 3.5187535374259666, "success_rate": 100.0, "input_tokens": 137, "output_tokens": 348, "model": "meta-llama/Llama-3.1-8B-Instruct", "input_tokens_per_minute": 28860.141509433965, "output_tokens_per_minute": 73281.08490566038, "Latency": {"unit": "s", "min": 1.671319754968863, "p50": 2.9156468064757064, "p90": 25.17091495639179, "p95": 26.472939554226468, "p99": 31.722077482832823, "max": 33.243668018025346}, "Throughput": {"unit": "tokens/s", "min": 10.528320756007531, "p50": 119.96190580170072, "p90": 122.24596674305354, "p95": 123.12320646232402, "p99": 125.6678298896831, "max": 126.14495499815729}, "TTFT": {"unit": "s", "min": 0.01757726800860837, "p50": 0.0269584245106671, "p90": 3.36981280791224, "p95": 4.461054703555418, "p99": 6.017000152071114, "max": 6.855774289986584}, "TPOT": {"unit": "ms", "min": 7.493464060209126, "p50": 8.269836832345584, "p90": 64.52415772612984, "p95": 68.9693217206797, "p99": 76.99410927085167, "max": 80.16138307164479}, "Input Tokens per Minute": {"unit": "tokens/min", "min": 28860.141509433965, "p50": 28860.141509433965, "p90": 28860.141509433965, "p95": 28860.141509433965,