{"target_qps": 3.5, "actual_qps": 3.499239658845576, "success_rate": 100.0, "input_tokens": 4190, "output_tokens": 174, "model": "meta-llama/Llama-3.1-8B-Instruct", "input_tokens_per_minute": 880098.0927835051, "output_tokens_per_minute": 36690.46391752577, "Latency": {"unit": "s", "min": 0.44252915494143963, "p50": 2.8714935514726676, "p90": 6.732376937638038, "p95": 7.476258809032151, "p99": 9.181361335846589, "max": 10.343616224010475}, "Throughput": {"unit": "tokens/s", "min": 6.97723546878695, "p50": 62.0924717551523, "p90": 81.76775709055187, "p95": 84.2248230950975, "p99": 88.36569073560675, "max": 93.14357622030371}, "TTFT": {"unit": "s", "min": 0.05212014901917428, "p50": 0.3468881960725412, "p90": 1.6140574499149807, "p95": 2.1865896773291746, "p99": 3.055178167177358, "max": 4.339833238977008}, "TPOT": {"unit": "ms", "min": 9.656487925288578, "p50": 13.169922194446542, "p90": 27.484667403670265, "p95": 30.11519230586879, "p99": 39.50587083438419, "max": 48.32451672342386}, "Input Tokens per Minute": {"unit": "tokens/min", "min": 880098.0927835051, "p50": 880098.0927835051, "p90": 880098.0927835051, "p95": 880098.0927835051, "p99": 880098.0927835051, "max": 880098.0927835051}, "Output Tokens per Minute": {"unit": "tokens/min", "min": 36690.46391752577, "p50": 36690.46391752577, "p90": 36690.46391752577, "p95": 36690.46391752577, "p99": 36690.46391752577, "max": 36690.46391752577}}
{"target_qps": 3.5, "actual_qps": 3.4981304387630763, "success_rate": 100.0, "input_tokens": 4154, "output_tokens": 171, "model": "meta-llama/Llama-3.1-8B-Instruct", "input_tokens_per_minute": 872481.4736842106, "output_tokens_per_minute": 35919.94736842105, "Latency": {"unit": "s", "min": 0.6577686630189419, "p50": 3.027842278475873, "p90": 6.832193021907005, "p95": 7.605827219592173, "p99": 8.898342586251667, "max": 10.3766787040513}, "Throughput": {"unit": "tokens/s", "min": 5.457511411649162, "p50": 56.661218928214886, "p90": 80.64537617951044, "p95": 82.63067845906615, "p99": 88.3091239979362, "max": 93.90353758456247}, "TTFT": {"unit": "s", "min": 0.051087250001728535, "p50": 0.5356833940022625, "p90": 1.682844459777698, "p95": 2.2808455359714563, "p99": 3.9485023657302363, "max": 4.287191883078776}, "TPOT": {"unit": "ms", "min": 5.972239702446934, "p50": 13.466596831544186, "p90": 28.617532606168815, "p95": 30.720996141290968, "p99": 35.76993741975491, "max": 37.98085108899292}, "Input Tokens per Minute": {"unit": "tokens/min", "min": 872481.4736842106, "p50": 872481.4736842106, "p90": 872481.4736842106, "p95": 872481.4736842106, "p99": 872481.4736842106, "max": 872481.4736842106}, "Output Tokens per Minute": {"unit": "tokens/min", "min": 35919.94736842105, "p50": 35919.94736842105, "p90": 35919.94736842105, "p95": 35919.94736842105, "p99": 35919.94736842105, "max": 35919.94736842105}}
{"target_qps": 3.5, "actual_qps": 3.499758301442537, "success_rate": 100.0, "input_tokens": 4323, "output_tokens": 178, "model": "meta-llama/Llama-3.1-8B-Instruct", "input_tokens_per_minute": 942026.5378421035, "output_tokens_per_minute": 38879.22116225248, "Latency": {"unit": "s", "min": 0.5851605189964175, "p50": 2.9847008705255575, "p90": 7.679853969614488, "p95": 9.11661205543787, "p99": 11.539989568345463, "max": 13.235652348957956}, "Throughput": {"unit": "tokens/s", "min": 7.121334182016821, "p50": 60.22434767072647, "p90": 78.62719595465848, "p95": 84.63572879094814, "p99": 94.03002776227774, "max": 96.47316048302432}, "TTFT": {"unit": "s", "min": 0.033251623972319067, "p50": 0.4362224914948456, "p90": 2.0009437652421185, "p95": 2.6728129332303037, "p99": 3.5761845382535777, "max": 3.744395865011029}, "TPOT": {"unit": "ms", "min": 8.938862188231377, "p50": 13.434774700690285, "p90": 31.345915083647213, "p95": 37.034129171957424, "p99": 55.80661678230431, "max": 56.71923009540661}, "Input Tokens per Minute": {"unit": "tokens/min", "min": 942026.5378421035, "p50": 942026.5378421035, "p90": 942026.5378421035, "p95": 942026.5378421035, "p99": 942026.5378421035, "max": 942026.5378421035}, "Output Tokens per Minute": {"unit": "tokens/min", "min": 38879.22116225248, "p50": 38879.22116225248, "p90": 38879.22116225248, "p95": 38879.22116225248, "p99": 38879.22116225248, "max": 38879.22116225248}}
{"target_qps": 3.5, "actual_qps": 3.4992569645082297, "success_rate": 100.0, "input_tokens": 4280, "output_tokens": 175, "model": "meta-llama/Llama-3.1-8B-Instruct", "input_tokens_per_minute": 920214.0489590548, "output_tokens_per_minute": 37787.78918449354, "Latency": {"unit": "s", "min": 0.34230508003383875, "p50": 2.8981609200127423, "p90": 7.11935120341368, "p95": 8.328292385255917, "p99": 11.106399866726708, "max": 11.976948858937249}, "Throughput": {"unit": "tokens/s", "min": 5.695981199470983, "p50": 62.359787311781346, "p90": 82.18085852770619, "p95": 85.87311551874454, "p99": 92.44502393583063, "max": 95.83728229501475}, "TTFT": {"unit": "s", "min": 0.08832038403488696, "p50": 0.3749433889752254, "p90": 1.714357226388529, "p95": 2.353463068592827, "p99": 3.0951942009106257, "max": 3.262847505044192}, "TPOT": {"unit": "ms", "min": 9.790266995042114, "p50": 13.334737819193595, "p90": 31.009779684369807, "p95": 39.8990868370368, "p99": 56.13531728679935, "max": 76.72753099838948}, "Input Tokens per Minute": {"unit": "tokens/min", "min": 920214.0489590548, "p50": 920214.0489590548, "p90": 920214.0489590548, "p95": 920214.0489590548, "p99": 920214.0489590548, "max": 920214.0489590548}, "Output Tokens per Minute": {"unit": "tokens/min", "min": 37787.78918449354, "p50": 37787.78918449354, "p90": 37787.78918449354, "p95": 37787.78918449354, "p99": 37787.78918449354, "max": 37787.78918449354}}
{"target_qps": 3.5, "actual_qps": 3.4995290163546464, "success_rate": 100.0, "input_tokens": 4060, "output_tokens": 178, "model": "meta-llama/Llama-3.1-8B-Instruct", "input_tokens_per_minute": 852741.3461538461, "output_tokens_per_minute": 37557.692307692305, "Latency": {"unit": "s", "min": 0.3785783899948001, "p50": 2.919637812534347, "p90": 6.120610641397072, "p95": 7.127689931174971, "p99": 15.227297117364367, "max": 15.625765595003031}, "Throughput": {"unit": "tokens/s", "min": 2.9553836264887217, "p50": 63.202305002163286, "p90": 82.19121771227199, "p95": 86.91953131756956, "p99": 92.54920890378777, "max": 95.80448492267719}, "TTFT": {"unit": "s", "min": 0.07615215901751071, "p50": 0.37334115646081045, "p90": 1.4068714037537575, "p95": 2.054417811240997, "p99": 3.8435611932002947, "max": 5.524436794919893}, "TPOT": {"unit": "ms", "min": 9.196464294184219, "p50": 13.00143859268461, "p90": 23.826780774940325, "p95": 30.2800206569592, "p99": 67.75520400850844, "max": 77.21685058315607}, "Input Tokens per Minute": {"unit": "tokens/min", "min": 852741.3461538461, "p50": 852741.3461538461, "p90": 852741.3461538461, "p95": 852741.3461538461, "p99": 852741.3461538461, "max": 852741.3461538461}, "Output Tokens per Minute": {"unit": "tokens/min", "min": 37557.692307692305, "p50": 37557.692307692305, "p90": 37557.692307692305, "p95": 37557.692307692305, "p99": 37557.692307692305, "max": 37557.692307692305}}
{"target_qps": 3.5, "actual_qps": 3.4986547234067924, "success_rate": 100.0, "input_tokens": 4073, "output_tokens": 181, "model": "meta-llama/Llama-3.1-8B-Instruct", "input_tokens_per_minute": 855360.4347826086, "output_tokens_per_minute": 38172.318840579705, "Latency": {"unit": "s", "min": 0.4989927290007472, "p50": 2.8809005460934713, "p90": 6.116780022811145, "p95": 7.355883378023279, "p99": 14.591010357704937, "max": 15.832064075977542}, "Throughput": {"unit": "tokens/s", "min": 12.632591621674012, "p50": 65.97561707204912, "p90": 82.70073420770667, "p95": 84.4236090278285, "p99": 90.08705717009795, "max": 92.99360136598945}, "TTFT": {"unit": "s", "min": 0.07573971198871732, "p50": 0.3429855570429936, "p90": 1.4042728023836388, "p95": 1.7385250443709073, "p99": 3.198224509016145, "max": 5.353546156082302}, "TPOT": {"unit": "ms", "min": 9.547480145684588, "p50": 13.112891879606636,