{"target_qps": 5.0, "actual_qps": 4.997695873035438, "success_rate": 100.0, "input_tokens": 4121, "output_tokens": 172, "model": "meta-llama/Llama-3.1-8B-Instruct", "input_tokens_per_minute": 1236358.9473684211, "output_tokens_per_minute": 51725.26315789474, "Latency": {"unit": "s", "min": 0.691946504986845, "p50": 3.0337916050339118, "p90": 8.997838810365646, "p95": 10.168648800579831, "p99": 12.438537041090907, "max": 16.541895844973624}, "Throughput": {"unit": "tokens/s", "min": 7.377873360191018, "p50": 55.59497025961677, "p90": 85.52428706287422, "p95": 91.80801779221686, "p99": 101.23919973735595, "max": 127.62796208200923}, "TTFT": {"unit": "s", "min": 0.047692907974123955, "p50": 0.6322951599722728, "p90": 3.1050597373745403, "p95": 3.9623529614065784, "p99": 7.153454310016257, "max": 9.606362719961908}, "TPOT": {"unit": "ms", "min": 6.210063642356545, "p50": 13.696799833269324, "p90": 33.403375934711164, "p95": 36.412561638979106, "p99": 42.940994549322554, "max": 53.336695000045715}, "Input Tokens per Minute": {"unit": "tokens/min", "min": 1236358.9473684211, "p50": 1236358.9473684211, "p90": 1236358.9473684211, "p95": 1236358.9473684211, "p99": 1236358.9473684211, "max": 1236358.9473684211}, "Output Tokens per Minute": {"unit": "tokens/min", "min": 51725.26315789474, "p50": 51725.26315789474, "p90": 51725.26315789474, "p95": 51725.26315789474, "p99": 51725.26315789474, "max": 51725.26315789474}}
{"target_qps": 5.0, "actual_qps": 4.994859396600313, "success_rate": 100.0, "input_tokens": 4267, "output_tokens": 178, "model": "meta-llama/Llama-3.1-8B-Instruct", "input_tokens_per_minute": 1280230.4347826086, "output_tokens_per_minute": 53615.71906354515, "Latency": {"unit": "s", "min": 0.6535499210003763, "p50": 3.2610165869700722, "p90": 9.412676304567139, "p95": 10.77394167871098, "p99": 11.913868231807125, "max": 17.279128977970686}, "Throughput": {"unit": "tokens/s", "min": 2.4954064222441743, "p50": 54.52449190106446, "p90": 88.6322459850413, "p95": 96.24655316774701, "p99": 105.66104473816182, "max": 108.46791847288169}, "TTFT": {"unit": "s", "min": 0.06390884699067101, "p50": 0.678733203036245, "p90": 2.8173997985897583, "p95": 4.3569633466191435, "p99": 7.1895265254529654, "max": 11.084010693011805}, "TPOT": {"unit": "ms", "min": 7.488702804121615, "p50": 14.52227368343612, "p90": 34.791877016595414, "p95": 38.8741828973997, "p99": 44.165885036576135, "max": 49.842006999396666}, "Input Tokens per Minute": {"unit": "tokens/min", "min": 1280230.4347826086, "p50": 1280230.4347826086, "p90": 1280230.4347826086, "p95": 1280230.4347826086, "p99": 1280230.4347826086, "max": 1280230.4347826086}, "Output Tokens per Minute": {"unit": "tokens/min", "min": 53615.71906354515, "p50": 53615.71906354515, "p90": 53615.71906354515, "p95": 53615.71906354515, "p99": 53615.71906354515, "max": 53615.71906354515}}
{"target_qps": 5.0, "actual_qps": 4.993121250394406, "success_rate": 100.0, "input_tokens": 4220, "output_tokens": 175, "model": "meta-llama/Llama-3.1-8B-Instruct", "input_tokens_per_minute": 1266276.6101694915, "output_tokens_per_minute": 52743.05084745763, "Latency": {"unit": "s", "min": 0.3686078669852577, "p50": 3.1187527570291422, "p90": 10.347843922569892, "p95": 11.822987063607433, "p99": 13.831598788334524, "max": 17.648458268027753}, "Throughput": {"unit": "tokens/s", "min": 5.378120462124407, "p50": 52.743980965071295, "p90": 85.85243211390986, "p95": 93.97715976663264, "p99": 102.50152214601243, "max": 115.65017119583194}, "TTFT": {"unit": "s", "min": 0.09350269997958094, "p50": 0.6223247309681028, "p90": 3.0951292412006333, "p95": 4.661195904912894, "p99": 7.23887039124151, "max": 11.202159481006674}, "TPOT": {"unit": "ms", "min": 7.290084047285331, "p50": 14.26971423610502, "p90": 37.882457055378445, "p95": 44.493300023567095, "p99": 52.042271793322115, "max": 88.7279476205706}, "Input Tokens per Minute": {"unit": "tokens/min", "min": 1266276.6101694915, "p50": 1266276.6101694915, "p90": 1266276.6101694915, "p95": 1266276.6101694915, "p99": 1266276.6101694915, "max": 1266276.6101694915}, "Output Tokens per Minute": {"unit": "tokens/min", "min": 52743.05084745763, "p50": 52743.05084745763, "p90": 52743.05084745763, "p95": 52743.05084745763, "p99": 52743.05084745763, "max": 52743.05084745763}}
{"target_qps": 5.0, "actual_qps": 4.9970581702268415, "success_rate": 100.0, "input_tokens": 4294, "output_tokens": 177, "model": "meta-llama/Llama-3.1-8B-Instruct", "input_tokens_per_minute": 1295098.81331505, "output_tokens_per_minute": 53435.384997470865, "Latency": {"unit": "s", "min": 0.28897777397651225, "p50": 3.2697831355035305, "p90": 9.562824461190031, "p95": 10.724303153107757, "p99": 13.521660180081977, "max": 14.709460815996863}, "Throughput": {"unit": "tokens/s", "min": 2.731852491971563, "p50": 52.55405813180883, "p90": 83.3270560988082, "p95": 90.56018021070591, "p99": 102.32098583614653, "max": 108.69312098552174}, "TTFT": {"unit": "s", "min": 0.05588757595978677, "p50": 0.7344677660148591, "p90": 2.9954067812941507, "p95": 5.014301235994201, "p99": 8.389778605497565, "max": 10.598894449009094}, "TPOT": {"unit": "ms", "min": 7.2472259990819206, "p50": 14.402320369377254, "p90": 35.58743037993708, "p95": 40.669074748989594, "p99": 46.349321049163876, "max": 84.37410328770056}, "Input Tokens per Minute": {"unit": "tokens/min", "min": 1295098.81331505, "p50": 1295098.81331505, "p90": 1295098.81331505, "p95": 1295098.81331505, "p99": 1295098.81331505, "max": 1295098.81331505}, "Output Tokens per Minute": {"unit": "tokens/min", "min": 53435.384997470865, "p50": 53435.384997470865, "p90": 53435.384997470865, "p95": 53435.384997470865, "p99": 53435.384997470865, "max": 53435.384997470865}}
{"target_qps": 5.0, "actual_qps": 4.987482623753367, "success_rate": 100.0, "input_tokens": 4298, "output_tokens": 177, "model": "meta-llama/Llama-3.1-8B-Instruct", "input_tokens_per_minute": 1289530.0, "output_tokens_per_minute": 53266.0, "Latency": {"unit": "s", "min": 0.2438265509554185, "p50": 3.5036483210278675, "p90": 10.622860923432746, "p95": 11.892437755831638, "p99": 15.366291616798843, "max": 17.05926222598646}, "Throughput": {"unit": "tokens/s", "min": 7.796644184026977, "p50": 47.80382814652549, "p90": 78.10134448575982, "p95": 85.59680886882856, "p99": 94.99696121962769, "max": 104.0053490615007}, "TTFT": {"unit": "s", "min": 0.10147724900161847, "p50": 0.8560091655235738, "p90": 3.55687766178162, "p95": 4.495984744504677, "p99": 8.661775241016874, "max": 11.91295434301719}, "TPOT": {"unit": "ms", "min": 5.212180811213329, "p50": 14.790658457517228, "p90": 37.82543760765903, "p95": 46.74327976420218, "p99": 50.50115540319271, "max": 55.33373496837157}, "Input Tokens per Minute": {"unit": "tokens/min", "min": 1289530.0, "p50": 1289530.0, "p90": 1289530.0, "p95": 1289530.0, "p99": 1289530.0, "max": 1289530.0}, "Output Tokens per Minute": {"unit": "tokens/min", "min": 53266.0, "p50": 53266.0, "p90": 53266.0, "p95": 53266.0, "p99": 53266.0, "max": 53266.0}}
{"target_qps": 5.0, "actual_qps": 4.999960821477432, "success_rate": 100.0, "input_tokens": 4240, "output_tokens": 173, "model": "meta-llama/Llama-3.1-8B-Instruct", "input_tokens_per_minute": 1272011.186440678, "output_tokens_per_minute": 51995.59322033899, "Latency": {"unit": "s", "min": 0.17519157502101734, "p50": 2.7127108720014803, "p90": 7.759130135388114, "p95": 9.060619781917193, "p99": 10.565981307426702, "max": 15.189226922986563}, "Throughput": {"unit": "tokens/s", "min": 3.02799682872444, "p50": 69.32940765048315, "p90": 93.34428970701691, "p95": 101.35649178111096, "p99": 112.85258060806001, "max": 120.36369394515394}, "TTFT": {"unit": "s", "min": 0.018234118004329503, "p50": 0.3508507510414347, "p90": 2.6104758204077374, "p95": 3.8354935249954, "p99": 5.700393326780761, "max": 7.9480603209813125}, "TPOT": {"unit": "ms", "min": 1.2009999999362562, "p50": 12.619100482408987, "p90": 32.136038281362815, "p95": 35.18800908394261, "p99": 43.356062322186844,