{"actual_qps": 6.500497922252853, "success_rate": 100.0, "input_tokens": 4212, "output_tokens": 172, "model": "meta-llama/Llama-3.1-8B-Instruct", "input_tokens_per_minute": 1480470.2531948271, "output_tokens_per_minute": 60760.51705126262, "Latency": {"unit": "s", "min": 0.45567786297760904, "p50": 4.2320143659599125, "p90": 14.744265239639208, "p95": 18.60793169622775, "p99": 22.42185882768593, "max": 23.715504187974147}, "Throughput": {"unit": "tokens/s", "min": 1.4154542178146672, "p50": 37.19226496028635, "p90": 64.3505721950548, "p95": 71.20087210233908, "p99": 85.41721649712842, "max": 90.85187743579903}, "TTFT": {"unit": "s", "min": 0.1121778670931235, "p50": 1.4675320119131356, "p90": 6.157741968403573, "p95": 9.475347673462245, "p99": 11.796817204442338, "max": 12.88944212696515}, "TPOT": {"unit": "ms", "min": 7.9439783129414705, "p50": 16.866907542314024, "p90": 52.671675209363165, "p95": 54.42759209251616, "p99": 55.642577451864376, "max": 56.21423800029371}, "Input Tokens per Minute": {"unit": "tokens/min", "min": 1480470.2531948271, "p50": 1480470.2531948271, "p90": 1480470.2531948271, "p95": 1480470.2531948271, "p99": 1480470.2531948271, "max": 1480470.2531948271}, "Output Tokens per Minute": {"unit": "tokens/min", "min": 60760.51705126262, "p50": 60760.51705126262, "p90": 60760.51705126262, "p95": 60760.51705126262, "p99": 60760.51705126262, "max": 60760.51705126262}}
{"actual_qps": 6.092976413845143, "success_rate": 100.0, "input_tokens": 4241, "output_tokens": 175, "model": "meta-llama/Llama-3.1-8B-Instruct", "input_tokens_per_minute": 1554661.2587797076, "output_tokens_per_minute": 64189.50651985858, "Latency": {"unit": "s", "min": 0.6432330689858645, "p50": 3.8162009390071034, "p90": 8.922678788588383, "p95": 9.824520732788368, "p99": 11.833660404500533, "max": 19.163548015989363}, "Throughput": {"unit": "tokens/s", "min": 7.919546322530234, "p50": 43.09567989850142, "p90": 71.52445810920042, "p95": 76.1258212249876, "p99": 84.9985456006864, "max": 93.20647620919277}, "TTFT": {"unit": "s", "min": 0.11058442201465368, "p50": 1.0672362359473482, "p90": 2.7390723695978525, "p95": 3.4844755946425705, "p99": 5.600311731179234, "max": 12.63780897099059}, "TPOT": {"unit": "ms", "min": 3.98908882155357, "p50": 15.692790824540857, "p90": 32.87242209648798, "p95": 36.333364034984164, "p99": 42.30801138627123, "max": 48.55092843718012}, "Input Tokens per Minute": {"unit": "tokens/min", "min": 1554661.2587797076, "p50": 1554661.2587797076, "p90": 1554661.2587797076, "p95": 1554661.2587797076, "p99": 1554661.2587797076, "max": 1554661.2587797076}, "Output Tokens per Minute": {"unit": "tokens/min", "min": 64189.50651985858, "p50": 64189.50651985858, "p90": 64189.50651985858, "p95": 64189.50651985858, "p99": 64189.50651985858, "max": 64189.50651985858}}
{"actual_qps": 5.891657984645152, "success_rate": 100.0, "input_tokens": 4293, "output_tokens": 179, "model": "meta-llama/Llama-3.1-8B-Instruct", "input_tokens_per_minute": 1501995.3395870663, "output_tokens_per_minute": 62830.37968431861, "Latency": {"unit": "s", "min": 0.6115320809185505, "p50": 3.4876213879906572, "p90": 11.255009272950701, "p95": 12.688916579500074, "p99": 13.505164529761531, "max": 13.949000483029522}, "Throughput": {"unit": "tokens/s", "min": 5.1172801319716585, "p50": 51.65086009973706, "p90": 71.0151918593929, "p95": 77.5720945911684, "p99": 86.99626966592977, "max": 97.66747804041589}, "TTFT": {"unit": "s", "min": 0.15220243099611253, "p50": 1.0091320700012147, "p90": 3.460720678034704, "p95": 4.032887981476961, "p99": 5.108133214811095, "max": 6.704003321006894}, "TPOT": {"unit": "ms", "min": 9.26277116081448, "p50": 13.81266157448377, "p90": 44.10500291456473, "p95": 50.24758489330384, "p99": 54.99744094736284, "max": 64.9312778696185}, "Input Tokens per Minute": {"unit": "tokens/min", "min": 1501995.3395870663, "p50": 1501995.3395870663, "p90": 1501995.3395870663, "p95": 1501995.3395870663, "p99": 1501995.3395870663, "max": 1501995.3395870663}, "Output Tokens per Minute": {"unit": "tokens/min", "min": 62830.37968431861, "p50": 62830.37968431861, "p90": 62830.37968431861, "p95": 62830.37968431861, "p99": 62830.37968431861, "max": 62830.37968431861}}
{"actual_qps": 6.198388134969437, "success_rate": 100.0, "input_tokens": 4381, "output_tokens": 173, "model": "meta-llama/Llama-3.1-8B-Instruct", "input_tokens_per_minute": 1662227.8436754872, "output_tokens_per_minute": 65945.65956042975, "Latency": {"unit": "s", "min": 0.6643396670697257, "p50": 4.279855155502446, "p90": 10.398288383556064, "p95": 11.630168349744054, "p99": 13.285990464122731, "max": 14.812364106066525}, "Throughput": {"unit": "tokens/s", "min": 5.794809867642891, "p50": 36.43210524864364, "p90": 67.12647697821848, "p95": 71.31233620324393, "p99": 83.57321426413452, "max": 98.50226255912841}, "TTFT": {"unit": "s", "min": 0.15708111296407878, "p50": 1.2901520949671976, "p90": 3.4467119550681673, "p95": 3.977022793784272, "p99": 4.864798669802257, "max": 4.991319085005671}, "TPOT": {"unit": "ms", "min": 8.473254350786933, "p50": 18.703645686271948, "p90": 40.79905583905805, "p95": 46.83635921241486, "p99": 53.522943326631, "max": 105.6376454510669}, "Input Tokens per Minute": {"unit": "tokens/min", "min": 1662227.8436754872, "p50": 1662227.8436754872, "p90": 1662227.8436754872, "p95": 1662227.8436754872, "p99": 1662227.8436754872, "max": 1662227.8436754872}, "Output Tokens per Minute": {"unit": "tokens/min", "min": 65945.65956042975, "p50": 65945.65956042975, "p90": 65945.65956042975, "p95": 65945.65956042975, "p99": 65945.65956042975, "max": 65945.65956042975}}
{"actual_qps": 6.235952686207438, "success_rate": 100.0, "input_tokens": 4211, "output_tokens": 180, "model": "meta-llama/Llama-3.1-8B-Instruct", "input_tokens_per_minute": 1609887.2108042948, "output_tokens_per_minute": 68834.90966634986, "Latency": {"unit": "s", "min": 1.088504490093328, "p50": 4.238273753086105, "p90": 10.753021014644764, "p95": 12.49746793862432, "p99": 13.952454279623927, "max": 15.860510373022407}, "Throughput": {"unit": "tokens/s", "min": 2.639331486222633, "p50": 43.79149006780478, "p90": 66.30333268420063, "p95": 74.52140220184553, "p99": 83.68509820377648, "max": 85.20256332591107}, "TTFT": {"unit": "s", "min": 0.12474320200271904, "p50": 1.2998939759563655, "p90": 3.9575924454722555, "p95": 4.791069058189168, "p99": 6.535018982756883, "max": 8.080439787940122}, "TPOT": {"unit": "ms", "min": 8.066654430124265, "p50": 15.93441445200269, "p90": 36.3954872584401, "p95": 45.22814049756725, "p99": 51.42460886791498, "max": 57.40625905923034}, "Input Tokens per Minute": {"unit": "tokens/min", "min": 1609887.2108042948, "p50": 1609887.2108042948, "p90": 1609887.2108042948, "p95": 1609887.2108042948, "p99": 1609887.2108042948, "max": 1609887.2108042948}, "Output Tokens per Minute": {"unit": "tokens/min", "min": 68834.90966634986, "p50": 68834.90966634986, "p90": 68834.90966634986, "p95": 68834.90966634986, "p99": 68834.90966634986, "max": 68834.90966634986}}
{"actual_qps": 6.344353444613652, "success_rate": 100.0, "input_tokens": 4257, "output_tokens": 175, "model": "meta-llama/Llama-3.1-8B-Instruct", "input_tokens_per_minute": 1577407.7155659753, "output_tokens_per_minute": 65027.78214582792, "Latency": {"unit": "s", "min": 0.3129228580510244, "p50": 3.625266948947683, "p90": 9.102261647372508, "p95": 10.119127410650252, "p99": 11.549343565604651, "max": 13.494517398998141}, "Throughput": {"unit": "tokens/s", "min": 5.482458454922405, "p50": 49.09511692206861, "p90": 70.99730102016464, "p95": 74.93833782450835, "p99": 86.5166445722735, "max": 96.50223722946818}, "TTFT": {"unit": "s", "min": 0.04424545308575034, "p50": 0.8026311970315874, "p90": 2.8784965585684406, "p95": 3.422442989400588, "p99": 4.263335161954165, "max": 4.5908047169214115}, "TPOT": {"unit": "ms", "min": 8.090596235192875, "p50": 15.302866046485587, "p90": 35.759591724695504, "p95": 40.567311802153576, "p99": 44.57472069953732, "max": 45.897547894475714},