{"actual_qps": 10.041952434022196, "success_rate": 100.0, "input_tokens": 4153, "output_tokens": 175, "model": "meta-llama/Llama-3.1-8B-Instruct", "input_tokens_per_minute": 1672324.7345381994, "output_tokens_per_minute": 70832.19135005833, "Latency": {"unit": "s", "min": 1.6406952359247953, "p50": 11.936354961013421, "p90": 22.043688889197067, "p95": 27.518199698603713, "p99": 36.294005862218334, "max": 41.81227105506696}, "Throughput": {"unit": "tokens/s", "min": 0.6604439615327842, "p50": 14.740881875848851, "p90": 34.97252503565528, "p95": 40.14241459381225, "p99": 48.947373436788986, "max": 67.54949814463897}, "TTFT": {"unit": "s", "min": 0.295241157989949, "p50": 5.638069869950414, "p90": 15.984496393008158, "p95": 18.976228162250482, "p99": 28.068446259954946, "max": 36.40856251493096}, "TPOT": {"unit": "ms", "min": 10.077007649028126, "p50": 32.97592808045541, "p90": 54.59241096718123, "p95": 56.442380900817675, "p99": 63.99937040333043, "max": 93.12889139012744}, "Input Tokens per Minute": {"unit": "tokens/min", "min": 1672324.7345381994, "p50": 1672324.7345381994, "p90": 1672324.7345381994, "p95": 1672324.7345381994, "p99": 1672324.7345381994, "max": 1672324.7345381994}, "Output Tokens per Minute": {"unit": "tokens/min", "min": 70832.19135005833, "p50": 70832.19135005833, "p90": 70832.19135005833, "p95": 70832.19135005833, "p99": 70832.19135005833, "max": 70832.19135005833}}
{"actual_qps": 9.197757972909898, "success_rate": 100.0, "input_tokens": 4235, "output_tokens": 183, "model": "meta-llama/Llama-3.1-8B-Instruct", "input_tokens_per_minute": 2130801.8869751696, "output_tokens_per_minute": 92326.89208456878, "Latency": {"unit": "s", "min": 3.8486156800063327, "p50": 10.921661043073982, "p90": 41.66760346002411, "p95": 61.42657590750605, "p99": 71.7930484833545, "max": 85.13155183405615}, "Throughput": {"unit": "tokens/s", "min": 0.47421069361414997, "p50": 16.754612689893847, "p90": 23.375468765102077, "p95": 25.52880524220059, "p99": 29.629147221177007, "max": 33.81087091231644}, "TTFT": {"unit": "s", "min": 2.383524927077815, "p50": 4.833358125062659, "p90": 33.5619801399298, "p95": 49.7299046444823, "p99": 60.592008891794826, "max": 74.16039760306012}, "TPOT": {"unit": "ms", "min": 10.362765276172764, "p50": 34.36829803052859, "p90": 55.752293351831746, "p95": 58.586205585143674, "p99": 62.843391293690225, "max": 108.69199476506122}, "Input Tokens per Minute": {"unit": "tokens/min", "min": 2130801.8869751696, "p50": 2130801.8869751696, "p90": 2130801.8869751696, "p95": 2130801.8869751696, "p99": 2130801.8869751696, "max": 2130801.8869751696}, "Output Tokens per Minute": {"unit": "tokens/min", "min": 92326.89208456878, "p50": 92326.89208456878, "p90": 92326.89208456878, "p95": 92326.89208456878, "p99": 92326.89208456878, "max": 92326.89208456878}}
{"actual_qps": 9.1385196371079, "success_rate": 100.0, "input_tokens": 4281, "output_tokens": 180, "model": "meta-llama/Llama-3.1-8B-Instruct", "input_tokens_per_minute": 2280277.333460731, "output_tokens_per_minute": 96130.03544266954, "Latency": {"unit": "s", "min": 4.19046414992772, "p50": 12.201716704992577, "p90": 84.47286861995235, "p95": 93.07895689702127, "p99": 98.58365555366036, "max": 101.88155437400565}, "Throughput": {"unit": "tokens/s", "min": 0.21293274849657703, "p50": 15.035325305933387, "p90": 23.163492857713447, "p95": 26.076043832206675, "p99": 29.2023043651729, "max": 32.26639735482457}, "TTFT": {"unit": "s", "min": 2.480734382988885, "p50": 5.872817821917124, "p90": 73.7398949440103, "p95": 82.76969011302572, "p99": 87.41744450798726, "max": 90.70611816702876}, "TPOT": {"unit": "ms", "min": 7.6711830202181215, "p50": 36.31230879366753, "p90": 57.45363929786552, "p95": 59.91878584389991, "p99": 69.76837131099774, "max": 166.57254856079817}, "Input Tokens per Minute": {"unit": "tokens/min", "min": 2280277.333460731, "p50": 2280277.333460731, "p90": 2280277.333460731, "p95": 2280277.333460731, "p99": 2280277.333460731, "max": 2280277.333460731}, "Output Tokens per Minute": {"unit": "tokens/min", "min": 96130.03544266954, "p50": 96130.03544266954, "p90": 96130.03544266954, "p95": 96130.03544266954, "p99": 96130.03544266954, "max": 96130.03544266954}}
{"actual_qps": 9.556288853922833, "success_rate": 100.0, "input_tokens": 4334, "output_tokens": 177, "model": "meta-llama/Llama-3.1-8B-Instruct", "input_tokens_per_minute": 2244842.03993546, "output_tokens_per_minute": 92140.8206129972, "Latency": {"unit": "s", "min": 4.631795029970817, "p50": 13.604336609016173, "p90": 97.24595422949642, "p95": 102.12107627547812, "p99": 112.81258312452701, "max": 114.24190901895054}, "Throughput": {"unit": "tokens/s", "min": 0.1967347973133297, "p50": 13.234891567690614, "p90": 19.171247862169878, "p95": 21.68041207024187, "p99": 27.12345076463562, "max": 31.974712034313796}, "TTFT": {"unit": "s", "min": 2.593125472893007, "p50": 6.365766450006049, "p90": 86.675250123546, "p95": 93.49338837849791, "p99": 101.57170352200046, "max": 102.76548799697775}, "TPOT": {"unit": "ms", "min": 10.974602286479245, "p50": 43.46755356059863, "p90": 59.62931568121266, "p95": 62.559728886687594, "p99": 73.57783453229838, "max": 89.90994866730438}, "Input Tokens per Minute": {"unit": "tokens/min", "min": 2244842.03993546, "p50": 2244842.03993546, "p90": 2244842.03993546, "p95": 2244842.03993546, "p99": 2244842.03993546, "max": 2244842.03993546}, "Output Tokens per Minute": {"unit": "tokens/min", "min": 92140.8206129972, "p50": 92140.8206129972, "p90": 92140.8206129972, "p95": 92140.8206129972, "p99": 92140.8206129972, "max": 92140.8206129972}}
{"actual_qps": 10.040850630811349, "success_rate": 100.0, "input_tokens": 4318, "output_tokens": 178, "model": "meta-llama/Llama-3.1-8B-Instruct", "input_tokens_per_minute": 2266262.902784426, "output_tokens_per_minute": 93696.33873513003, "Latency": {"unit": "s", "min": 4.8673207219690084, "p50": 13.062321666046046, "p90": 119.20149534745141, "p95": 126.49620154281146, "p99": 134.0406297424808, "max": 135.4774690310005}, "Throughput": {"unit": "tokens/s", "min": 0.16064360704385183, "p50": 13.652542540379564, "p90": 21.506740476721966, "p95": 22.71571489917797, "p99": 24.888405227876028, "max": 26.860741764616687}, "TTFT": {"unit": "s", "min": 2.367788604926318, "p50": 6.054712845012546, "p90": 109.15469801125582, "p95": 117.01852387753314, "p99": 122.80788770422339, "max": 124.32808169699274}, "TPOT": {"unit": "ms", "min": 13.158428261580703, "p50": 40.12393252280583, "p90": 59.75260048324658, "p95": 61.744340273341344, "p99": 73.74611943627865, "max": 108.34861500188708}, "Input Tokens per Minute": {"unit": "tokens/min", "min": 2266262.902784426, "p50": 2266262.902784426, "p90": 2266262.902784426, "p95": 2266262.902784426, "p99": 2266262.902784426, "max": 2266262.902784426}, "Output Tokens per Minute": {"unit": "tokens/min", "min": 93696.33873513003, "p50": 93696.33873513003, "p90": 93696.33873513003, "p95": 93696.33873513003, "p99": 93696.33873513003, "max": 93696.33873513003}}
{"actual_qps": 9.436227693651036, "success_rate": 100.0, "input_tokens": 4226, "output_tokens": 175, "model": "meta-llama/Llama-3.1-8B-Instruct", "input_tokens_per_minute": 2276068.573984707, "output_tokens_per_minute": 94364.81772559092, "Latency": {"unit": "s", "min": 1.9762528239516541, "p50": 12.015692800981924, "p90": 140.49626291280148, "p95": 144.91860563083318, "p99": 147.0162744912016, "max": 148.26422225299757}, "Throughput": {"unit": "tokens/s", "min": 0.11968424851228575, "p50": 14.611839816937144, "p90": 22.292968804882907, "p95": 23.84814577579004, "p99": 27.988586830440937, "max": 31.895307730172618}, "TTFT": {"unit": "s", "min": 0.6124457609839737, "p50": 5.0950986470561475, "p90": 129.87825119507033, "p95": 133.85175028943922, "p99": 135.8526148336893, "max": 137.51116353401449}, "TPOT": {"unit": "ms", "min": 12.539309833839948, "p50": 41.338610151038516, "p90": 57.934869253123416, "p95": 59.59586415588434, "p99": 71.05368906325371, "max": 268.4334731756655},