{"actual_qps": 8.413392496009797, "success_rate": 100.0, "input_tokens": 4271, "output_tokens": 173, "model": "meta-llama/Llama-3.1-8B-Instruct", "input_tokens_per_minute": 1615155.5804616301, "output_tokens_per_minute": 65701.66671766332, "Latency": {"unit": "s", "min": 1.3057719980133697, "p50": 12.241950036550406, "p90": 26.93759521071334, "p95": 36.45507356504676, "p99": 46.271605427544564, "max": 46.734557208023034}, "Throughput": {"unit": "tokens/s", "min": 0.4760265187283125, "p50": 14.834913185235614, "p90": 29.296604055724565, "p95": 41.486095328648695, "p99": 63.496730165140484, "max": 68.00063327769982}, "TTFT": {"unit": "s", "min": 0.5990211670286953, "p50": 4.400076148973312, "p90": 17.45465921923751, "p95": 28.043587924964953, "p99": 37.08485136288335, "max": 39.904750534915365}, "TPOT": {"unit": "ms", "min": 6.160213497359699, "p50": 47.85689743979829, "p90": 59.36468393590932, "p95": 64.01943284395178, "p99": 78.35901567876739, "max": 111.4934631760287}, "Input Tokens per Minute": {"unit": "tokens/min", "min": 1615155.5804616301, "p50": 1615155.5804616301, "p90": 1615155.5804616301, "p95": 1615155.5804616301, "p99": 1615155.5804616301, "max": 1615155.5804616301}, "Output Tokens per Minute": {"unit": "tokens/min", "min": 65701.66671766332, "p50": 65701.66671766332, "p90": 65701.66671766332, "p95": 65701.66671766332, "p99": 65701.66671766332, "max": 65701.66671766332}}
{"actual_qps": 7.853028081917778, "success_rate": 100.0, "input_tokens": 4242, "output_tokens": 176, "model": "meta-llama/Llama-3.1-8B-Instruct", "input_tokens_per_minute": 1780407.476624727, "output_tokens_per_minute": 74065.56866957893, "Latency": {"unit": "s", "min": 1.406686972011812, "p50": 12.761738849047106, "p90": 33.19511709628859, "p95": 43.07287839325144, "p99": 53.72345529364189, "max": 61.49167454300914}, "Throughput": {"unit": "tokens/s", "min": 0.47977772514774025, "p50": 13.027068749421398, "p90": 27.926221197399506, "p95": 34.08114891765232, "p99": 56.632474035187364, "max": 65.3151426768187}, "TTFT": {"unit": "s", "min": 0.5936908780131489, "p50": 5.40259207150666, "p90": 25.582608583627735, "p95": 31.891061402211196, "p99": 45.78953264525508, "max": 50.603356529027224}, "TPOT": {"unit": "ms", "min": 8.622808658035856, "p50": 36.920335283619934, "p90": 58.233252317228136, "p95": 60.679948184377125, "p99": 68.63259958776224, "max": 78.24572035358013}, "Input Tokens per Minute": {"unit": "tokens/min", "min": 1780407.476624727, "p50": 1780407.476624727, "p90": 1780407.476624727, "p95": 1780407.476624727, "p99": 1780407.476624727, "max": 1780407.476624727}, "Output Tokens per Minute": {"unit": "tokens/min", "min": 74065.56866957893, "p50": 74065.56866957893, "p90": 74065.56866957893, "p95": 74065.56866957893, "p99": 74065.56866957893, "max": 74065.56866957893}}
{"actual_qps": 7.689832280176338, "success_rate": 100.0, "input_tokens": 4357, "output_tokens": 180, "model": "meta-llama/Llama-3.1-8B-Instruct", "input_tokens_per_minute": 2109487.607485106, "output_tokens_per_minute": 87319.03141733566, "Latency": {"unit": "s", "min": 2.3739549120655283, "p50": 14.988973447936587, "p90": 50.842196319950745, "p95": 59.263155007502064, "p99": 71.67475981001044, "max": 77.36557296302635}, "Throughput": {"unit": "tokens/s", "min": 0.3478508277947569, "p50": 12.597019959769685, "p90": 22.170910694328366, "p95": 25.470246020281063, "p99": 33.214870418442565, "max": 45.59095459656732}, "TTFT": {"unit": "s", "min": 1.240650821942836, "p50": 6.808613631990738, "p90": 40.87939894001465, "p95": 50.75489517551614, "p99": 61.138209981587714, "max": 66.19961552100722}, "TPOT": {"unit": "ms", "min": 10.373520728635915, "p50": 46.822048421836826, "p90": 58.57267244841511, "p95": 60.213572309403936, "p99": 66.0448047809769, "max": 91.64066111449809}, "Input Tokens per Minute": {"unit": "tokens/min", "min": 2109487.607485106, "p50": 2109487.607485106, "p90": 2109487.607485106, "p95": 2109487.607485106, "p99": 2109487.607485106, "max": 2109487.607485106}, "Output Tokens per Minute": {"unit": "tokens/min", "min": 87319.03141733566, "p50": 87319.03141733566, "p90": 87319.03141733566, "p95": 87319.03141733566, "p99": 87319.03141733566, "max": 87319.03141733566}}
{"actual_qps": 8.14320182964506, "success_rate": 100.0, "input_tokens": 4405, "output_tokens": 176, "model": "meta-llama/Llama-3.1-8B-Instruct", "input_tokens_per_minute": 1919726.2078327548, "output_tokens_per_minute": 77038.31718429991, "Latency": {"unit": "s", "min": 1.3693485159892589, "p50": 17.42708745750133, "p90": 41.993829475401434, "p95": 54.56981819512439, "p99": 64.96390474634126, "max": 69.195684936014}, "Throughput": {"unit": "tokens/s", "min": 0.2648800636812878, "p50": 10.498743702762074, "p90": 22.20159952444004, "p95": 31.242383459674425, "p99": 59.11549955757504, "max": 87.2631516683585}, "TTFT": {"unit": "s", "min": 0.4234062449540943, "p50": 8.322142662014812, "p90": 34.36123452095781, "p95": 42.1831222038425, "p99": 55.38221958772858, "max": 66.9184838529909}, "TPOT": {"unit": "ms", "min": 8.782093894630483, "p50": 51.59670503016786, "p90": 59.41652479930334, "p95": 61.44644098569526, "p99": 72.78578709160833, "max": 85.49668941208544}, "Input Tokens per Minute": {"unit": "tokens/min", "min": 1919726.2078327548, "p50": 1919726.2078327548, "p90": 1919726.2078327548, "p95": 1919726.2078327548, "p99": 1919726.2078327548, "max": 1919726.2078327548}, "Output Tokens per Minute": {"unit": "tokens/min", "min": 77038.31718429991, "p50": 77038.31718429991, "p90": 77038.31718429991, "p95": 77038.31718429991, "p99": 77038.31718429991, "max": 77038.31718429991}}
{"actual_qps": 8.504613389315743, "success_rate": 100.0, "input_tokens": 4266, "output_tokens": 179, "model": "meta-llama/Llama-3.1-8B-Instruct", "input_tokens_per_minute": 2168565.313545689, "output_tokens_per_minute": 91015.09434246794, "Latency": {"unit": "s", "min": 5.468443911056966, "p50": 20.97558383201249, "p90": 49.36553446822804, "p95": 81.69200150596443, "p99": 90.41846607289277, "max": 93.74998629605398}, "Throughput": {"unit": "tokens/s", "min": 0.2464619113050841, "p50": 9.042666290736411, "p90": 16.304503511110997, "p95": 19.534199351112687, "p99": 21.024179451327818, "max": 22.5160015006418}, "TTFT": {"unit": "s", "min": 2.5786118330433965, "p50": 11.78189432900399, "p90": 39.83773641800508, "p95": 71.76526347675826, "p99": 80.02528585159683, "max": 83.73415581695735}, "TPOT": {"unit": "ms", "min": 8.219351135568703, "p50": 51.47661711089313, "p90": 60.291979348272584, "p95": 62.721789426525774, "p99": 74.11188042198279, "max": 85.1105114664225}, "Input Tokens per Minute": {"unit": "tokens/min", "min": 2168565.313545689, "p50": 2168565.313545689, "p90": 2168565.313545689, "p95": 2168565.313545689, "p99": 2168565.313545689, "max": 2168565.313545689}, "Output Tokens per Minute": {"unit": "tokens/min", "min": 91015.09434246794, "p50": 91015.09434246794, "p90": 91015.09434246794, "p95": 91015.09434246794, "p99": 91015.09434246794, "max": 91015.09434246794}}
{"actual_qps": 8.112668976351252, "success_rate": 100.0, "input_tokens": 4272, "output_tokens": 179, "model": "meta-llama/Llama-3.1-8B-Instruct", "input_tokens_per_minute": 2133812.4153408166, "output_tokens_per_minute": 89635.6755464899, "Latency": {"unit": "s", "min": 3.597168395994231, "p50": 22.601480607991107, "p90": 43.64937243333552, "p95": 47.62115241545834, "p99": 54.25078863636358, "max": 58.21401352796238}, "Throughput": {"unit": "tokens/s", "min": 0.38213751986796696, "p50": 7.871181985412678, "p90": 16.46976555610483, "p95": 18.019366821087733, "p99": 21.05904916080048, "max": 21.083717736408182}, "TTFT": {"unit": "s", "min": 1.6938915160717443, "p50": 13.574688315507956, "p90": 34.36099464610452, "p95": 38.99297058571828, "p99": 49.50980088824407, "max": 55.203926432994194}, "TPOT": {"unit": "ms", "min": 8.199326738471811, "p50": 49.903248344026224, "p90": 56.91127182246565, "p95": 60.57281542517848, "p99": 71.59972036516417, "max": 122.07915012122076},