{"target_qps": 4.0, "actual_qps": 3.9941602684818966, "success_rate": 100.0, "input_tokens": 4214, "output_tokens": 175, "model": "meta-llama/Llama-3.1-8B-Instruct", "input_tokens_per_minute": 1011373.2, "output_tokens_per_minute": 42075.6, "Latency": {"unit": "s", "min": 0.2552620740025304, "p50": 2.9855532109795604, "p90": 19.443660299992178, "p95": 23.839812206866917, "p99": 25.481214357710556, "max": 27.151097143010702}, "Throughput": {"unit": "tokens/s", "min": 1.3618270305121338, "p50": 57.60530918717468, "p90": 82.84545953137057, "p95": 92.60821038816863, "p99": 106.40912318146007, "max": 119.96594068527368}, "TTFT": {"unit": "s", "min": 0.053779222012963146, "p50": 0.8040933024894912, "p90": 12.318894157168687, "p95": 16.401885740784923, "p99": 21.00861188372946, "max": 24.160414991958532}, "TPOT": {"unit": "ms", "min": 7.729949231023184, "p50": 12.96053824878424, "p90": 53.02383353379731, "p95": 56.484812504352156, "p99": 57.90046020031668, "max": 61.17248312511947}, "Input Tokens per Minute": {"unit": "tokens/min", "min": 1011373.2, "p50": 1011373.2, "p90": 1011373.2, "p95": 1011373.2, "p99": 1011373.2, "max": 1011373.2}, "Output Tokens per Minute": {"unit": "tokens/min", "min": 42075.6, "p50": 42075.6, "p90": 42075.6, "p95": 42075.6, "p99": 42075.6, "max": 42075.6}}
{"target_qps": 4.0, "actual_qps": 3.999491224056096, "success_rate": 100.0, "input_tokens": 4179, "output_tokens": 178, "model": "meta-llama/Llama-3.1-8B-Instruct", "input_tokens_per_minute": 1118447.754000502, "output_tokens_per_minute": 47754.18016996956, "Latency": {"unit": "s", "min": 0.42862181802047417, "p50": 3.0767279640131164, "p90": 13.637279891927028, "p95": 15.371216773369811, "p99": 18.48985839151195, "max": 20.394198135007173}, "Throughput": {"unit": "tokens/s", "min": 3.978719211931465, "p50": 58.32156512506835, "p90": 80.5489494835853, "p95": 84.26011233996233, "p99": 95.8635002802538, "max": 108.23267619823397}, "TTFT": {"unit": "s", "min": 0.06581820803694427, "p50": 0.5657279294973705, "p90": 4.935444104915953, "p95": 8.299561963145946, "p99": 13.167076784438686, "max": 17.270936995977536}, "TPOT": {"unit": "ms", "min": 8.21780871036395, "p50": 13.631926708645304, "p90": 48.23861327841317, "p95": 54.477520546006225, "p99": 57.23727739938658, "max": 63.0572090001526}, "Input Tokens per Minute": {"unit": "tokens/min", "min": 1118447.754000502, "p50": 1118447.754000502, "p90": 1118447.754000502, "p95": 1118447.754000502, "p99": 1118447.754000502, "max": 1118447.754000502}, "Output Tokens per Minute": {"unit": "tokens/min", "min": 47754.18016996956, "p50": 47754.18016996956, "p90": 47754.18016996956, "p95": 47754.18016996956, "p99": 47754.18016996956, "max": 47754.18016996956}}
{"target_qps": 4.0, "actual_qps": 3.996991785704628, "success_rate": 100.0, "input_tokens": 4319, "output_tokens": 179, "model": "meta-llama/Llama-3.1-8B-Instruct", "input_tokens_per_minute": 1036581.0731707318, "output_tokens_per_minute": 43095.80487804878, "Latency": {"unit": "s", "min": 0.5155292230192572, "p50": 3.491263218980748, "p90": 19.233360532403456, "p95": 22.4045198009815, "p99": 24.554977922937837, "max": 25.996991546009667}, "Throughput": {"unit": "tokens/s", "min": 1.5422842531745196, "p50": 26.563112169521617, "p90": 87.0395190975798, "p95": 95.7318303892806, "p99": 104.41706286806216, "max": 107.01588730003596}, "TTFT": {"unit": "s", "min": 0.06002726103179157, "p50": 0.9951331620104611, "p90": 10.44301238558255, "p95": 13.658972128201269, "p99": 20.146379564972605, "max": 22.927492023038212}, "TPOT": {"unit": "ms", "min": 8.423718954635381, "p50": 15.813858040408896, "p90": 53.57382655323478, "p95": 55.613458091358005, "p99": 57.69471592302505, "max": 67.2958492952468}, "Input Tokens per Minute": {"unit": "tokens/min", "min": 1036581.0731707318, "p50": 1036581.0731707318, "p90": 1036581.0731707318, "p95": 1036581.0731707318, "p99": 1036581.0731707318, "max": 1036581.0731707318}, "Output Tokens per Minute": {"unit": "tokens/min", "min": 43095.80487804878, "p50": 43095.80487804878, "p90": 43095.80487804878, "p95": 43095.80487804878, "p99": 43095.80487804878, "max": 43095.80487804878}}
{"target_qps": 4.0, "actual_qps": 3.9949530978493426, "success_rate": 100.0, "input_tokens": 4170, "output_tokens": 178, "model": "meta-llama/Llama-3.1-8B-Instruct", "input_tokens_per_minute": 1049526.5214877126, "output_tokens_per_minute": 44817.47383256824, "Latency": {"unit": "s", "min": 0.5369571319897659, "p50": 3.184705038496759, "p90": 20.02142540669884, "p95": 21.065631683025277, "p99": 22.632542032272323, "max": 24.743631092016585}, "Throughput": {"unit": "tokens/s", "min": 1.503725659466662, "p50": 45.23551894278717, "p90": 82.12294076110372, "p95": 85.88128485364278, "p99": 98.89728247140704, "max": 107.21418497978081}, "TTFT": {"unit": "s", "min": 0.104219600034412, "p50": 0.6476290930004325, "p90": 11.26407378712902, "p95": 14.475030543730828, "p99": 18.132316216748443, "max": 21.597810644016135}, "TPOT": {"unit": "ms", "min": 7.806055082861955, "p50": 13.929909180260914, "p90": 55.58177334067515, "p95": 57.27021224735639, "p99": 59.93680494830443, "max": 61.80902541382238}, "Input Tokens per Minute": {"unit": "tokens/min", "min": 1049526.5214877126, "p50": 1049526.5214877126, "p90": 1049526.5214877126, "p95": 1049526.5214877126, "p99": 1049526.5214877126, "max": 1049526.5214877126}, "Output Tokens per Minute": {"unit": "tokens/min", "min": 44817.47383256824, "p50": 44817.47383256824, "p90": 44817.47383256824, "p95": 44817.47383256824, "p99": 44817.47383256824, "max": 44817.47383256824}}
{"target_qps": 4.0, "actual_qps": 3.999932712598599, "success_rate": 100.0, "input_tokens": 4277, "output_tokens": 171, "model": "meta-llama/Llama-3.1-8B-Instruct", "input_tokens_per_minute": 1042126.3410502828, "output_tokens_per_minute": 41722.99816456189, "Latency": {"unit": "s", "min": 0.4042296929983422, "p50": 2.7235552750062197, "p90": 12.476293365180027, "p95": 13.727045230593648, "p99": 15.3336354223988, "max": 17.358522830007132}, "Throughput": {"unit": "tokens/s", "min": 2.10396063450594, "p50": 64.10682919770397, "p90": 85.60322635190175, "p95": 89.834243908346, "p99": 103.9566792897148, "max": 108.80501197569187}, "TTFT": {"unit": "s", "min": 0.08424667699728161, "p50": 0.45444173051510006, "p90": 5.728420781769098, "p95": 7.433449045891757, "p99": 10.745904543502256, "max": 14.2868152600131}, "TPOT": {"unit": "ms", "min": 7.911424778797313, "p50": 12.547495630575607, "p90": 51.88163001448311, "p95": 53.87435631201265, "p99": 59.368606121759484, "max": 161.42792859574075}, "Input Tokens per Minute": {"unit": "tokens/min", "min": 1042126.3410502828, "p50": 1042126.3410502828, "p90": 1042126.3410502828, "p95": 1042126.3410502828, "p99": 1042126.3410502828, "max": 1042126.3410502828}, "Output Tokens per Minute": {"unit": "tokens/min", "min": 41722.99816456189, "p50": 41722.99816456189, "p90": 41722.99816456189, "p95": 41722.99816456189, "p99": 41722.99816456189, "max": 41722.99816456189}}
{"target_qps": 4.0, "actual_qps": 3.9999597912738056, "success_rate": 100.0, "input_tokens": 4286, "output_tokens": 177, "model": "meta-llama/Llama-3.1-8B-Instruct", "input_tokens_per_minute": 1061419.1336871176, "output_tokens_per_minute": 43898.8169708174, "Latency": {"unit": "s", "min": 0.3740066280006431, "p50": 2.7872552984918, "p90": 15.95739942912478, "p95": 18.05128832443151, "p99": 19.280294775518705, "max": 19.554857712995727}, "Throughput": {"unit": "tokens/s", "min": 2.4068072340354782, "p50": 67.04141088162518, "p90": 87.7121108788744, "p95": 91.66461881045329, "p99": 107.60454122001416, "max": 119.57675644309373}, "TTFT": {"unit": "s", "min": 0.020773185999132693, "p50": 0.3234108079923317, "p90": 6.090284819691443, "p95": 10.919870198762506, "p99": 14.570346122107587, "max": 18.106792735983618}, "TPOT": {"unit": "ms", "min": 7.816839130740407, "p50": 13.179681356879296, "p90": 54.40841642950719, "p95": 56.18239970900874, "p99": 77.197245197662, "max": 118.81334930225167},