{"target_qps": 5.0, "actual_qps": 4.9147526357498315, "success_rate": 100.0, "input_tokens": 176, "output_tokens": 350, "model": "meta-llama/Llama-3.1-8B-Instruct", "input_tokens_per_minute": 52828.125, "output_tokens_per_minute": 105000.0, "Latency": {"unit": "s", "min": 2.684037906001322, "p50": 3.0212882720225025, "p90": 5.246032643585932, "p95": 5.346986663225106, "p99": 5.97633746673353, "max": 6.041492785036098}, "Throughput": {"unit": "tokens/s", "min": 57.93270180954271, "p50": 115.84462400424736, "p90": 124.4788143545127, "p95": 126.70009974534972, "p99": 128.80510821742214, "max": 130.40054286022726}, "TTFT": {"unit": "s", "min": 0.01586065796436742, "p50": 0.032888343528611585, "p90": 0.09833371771383101, "p95": 0.1502857607818438, "p99": 0.3892518362688132, "max": 0.6117644550395198}, "TPOT": {"unit": "ms", "min": 7.637436862435876, "p50": 8.480431683452261, "p90": 14.762169743749983, "p95": 15.048250390300433, "p99": 16.925143166465208, "max": 16.962658203464468}, "Input Tokens per Minute": {"unit": "tokens/min", "min": 52828.125, "p50": 52828.125, "p90": 52828.125, "p95": 52828.125, "p99": 52828.125, "max": 52828.125}, "Output Tokens per Minute": {"unit": "tokens/min", "min": 105000.0, "p50": 105000.0, "p90": 105000.0, "p95": 105000.0, "p99": 105000.0, "max": 105000.0}}
{"target_qps": 5.0, "actual_qps": 5.338064367079417, "success_rate": 100.0, "input_tokens": 152, "output_tokens": 350, "model": "meta-llama/Llama-3.1-8B-Instruct", "input_tokens_per_minute": 48087.20089439932, "output_tokens_per_minute": 110364.06762649024, "Latency": {"unit": "s", "min": 2.6748723259661347, "p50": 2.8912768205045722, "p90": 5.258291085914243, "p95": 5.363859044970013, "p99": 7.601426782698254, "max": 8.057580444961786}, "Throughput": {"unit": "tokens/s", "min": 43.43735720551778, "p50": 121.05378413974276, "p90": 124.9648699731809, "p95": 125.49323642074279, "p99": 126.98011621819344, "max": 130.84736665836334}, "TTFT": {"unit": "s", "min": 0.016162059968337417, "p50": 0.029737144010141492, "p90": 0.07879642109037377, "p95": 0.12384417353896422, "p99": 0.30265560563595395, "max": 1.1169495829963125}, "TPOT": {"unit": "ms", "min": 7.591224441312809, "p50": 8.190148833850238, "p90": 14.840889468196684, "p95": 15.121075288538703, "p99": 21.59872157482349, "max": 21.660272005670585}, "Input Tokens per Minute": {"unit": "tokens/min", "min": 48087.20089439932, "p50": 48087.20089439932, "p90": 48087.20089439932, "p95": 48087.20089439932, "p99": 48087.20089439932, "max": 48087.20089439932}, "Output Tokens per Minute": {"unit": "tokens/min", "min": 110364.06762649024, "p50": 110364.06762649024, "p90": 110364.06762649024, "p95": 110364.06762649024, "p99": 110364.06762649024, "max": 110364.06762649024}}
{"target_qps": 5.0, "actual_qps": 4.676160777780458, "success_rate": 100.0, "input_tokens": 89, "output_tokens": 348, "model": "meta-llama/Llama-3.1-8B-Instruct", "input_tokens_per_minute": 26934.172661870503, "output_tokens_per_minute": 104674.10071942446, "Latency": {"unit": "s", "min": 1.5119246229878627, "p50": 2.892865694477223, "p90": 5.139689361682395, "p95": 5.241830791212851, "p99": 5.3312354017898915, "max": 5.593869109987281}, "Throughput": {"unit": "tokens/s", "min": 62.568500105787386, "p50": 120.98729986798236, "p90": 126.39854687244969, "p95": 127.02458549348155, "p99": 128.34268687795947, "max": 129.16311127029599}, "TTFT": {"unit": "s", "min": 0.014743901963811368, "p50": 0.02766252149012871, "p90": 0.06148336051846855, "p95": 0.11215469696908194, "p99": 0.20923717011290163, "max": 0.8812351389788091}, "TPOT": {"unit": "ms", "min": 7.68121773357714, "p50": 8.212751391034221, "p90": 14.55820437164158, "p95": 14.869399025287734, "p99": 15.080725730052897, "max": 15.303150805068285}, "Input Tokens per Minute": {"unit": "tokens/min", "min": 26934.172661870503, "p50": 26934.172661870503, "p90": 26934.172661870503, "p95": 26934.172661870503, "p99": 26934.172661870503, "max": 26934.172661870503}, "Output Tokens per Minute": {"unit": "tokens/min", "min": 104674.10071942446, "p50": 104674.10071942446, "p90": 104674.10071942446, "p95": 104674.10071942446, "p99": 104674.10071942446, "max": 104674.10071942446}}
{"target_qps": 5.0, "actual_qps": 4.335338301017273, "success_rate": 100.0, "input_tokens": 92, "output_tokens": 348, "model": "meta-llama/Llama-3.1-8B-Instruct", "input_tokens_per_minute": 27653.932584269663, "output_tokens_per_minute": 104674.15730337078, "Latency": {"unit": "s", "min": 1.506160983000882, "p50": 2.8764410089934245, "p90": 5.028244367998559, "p95": 5.209036606113659, "p99": 5.286010759753408, "max": 5.30214642197825}, "Throughput": {"unit": "tokens/s", "min": 66.0110023648524, "p50": 121.55838516613315, "p90": 126.08153611938054, "p95": 126.9997312086534, "p99": 129.59289929622454, "max": 131.04044562111295}, "TTFT": {"unit": "s", "min": 0.014608774043153971, "p50": 0.026186030998360366, "p90": 0.06377073520561681, "p95": 0.08582959796767681, "p99": 0.1767562919144969, "max": 0.23299369198502973}, "TPOT": {"unit": "ms", "min": 7.583719398359365, "p50": 8.157390432651114, "p90": 14.308502199428482, "p95": 14.75976155708907, "p99": 14.931622757763202, "max": 14.998292306606208}, "Input Tokens per Minute": {"unit": "tokens/min", "min": 27653.932584269663, "p50": 27653.932584269663, "p90": 27653.932584269663, "p95": 27653.932584269663, "p99": 27653.932584269663, "max": 27653.932584269663}, "Output Tokens per Minute": {"unit": "tokens/min", "min": 104674.15730337078, "p50": 104674.15730337078, "p90": 104674.15730337078, "p95": 104674.15730337078, "p99": 104674.15730337078, "max": 104674.15730337078}}
{"target_qps": 5.0, "actual_qps": 5.309824379958621, "success_rate": 100.0, "input_tokens": 118, "output_tokens": 350, "model": "meta-llama/Llama-3.1-8B-Instruct", "input_tokens_per_minute": 35790.01048396943, "output_tokens_per_minute": 105417.17342473578, "Latency": {"unit": "s", "min": 2.7371496930136345, "p50": 2.8806282884906977, "p90": 6.464060849213275, "p95": 21.047811703418848, "p99": 29.42167686924688, "max": 32.19849067402538}, "Throughput": {"unit": "tokens/s", "min": 10.87007473559455, "p50": 121.50127161180916, "p90": 125.53924807945182, "p95": 125.87861685997709, "p99": 127.21858652623885, "max": 127.87024432509054}, "TTFT": {"unit": "s", "min": 0.015327037952374667, "p50": 0.02692661850596778, "p90": 0.10433723292080699, "p95": 0.19001584062061716, "p99": 2.580825690349454, "max": 5.3446273320005275}, "TPOT": {"unit": "ms", "min": 7.791257773614075, "p50": 8.17733391978308, "p90": 17.87099122062438, "p95": 58.880742920301095, "p99": 82.69351650848499, "max": 87.80935923782387}, "Input Tokens per Minute": {"unit": "tokens/min", "min": 35790.01048396943, "p50": 35790.01048396943, "p90": 35790.01048396943, "p95": 35790.01048396943, "p99": 35790.01048396943, "max": 35790.01048396943}, "Output Tokens per Minute": {"unit": "tokens/min", "min": 105417.17342473578, "p50": 105417.17342473578, "p90": 105417.17342473578, "p95": 105417.17342473578, "p99": 105417.17342473578, "max": 105417.17342473578}}
{"target_qps": 5.0, "actual_qps": 4.507534107974768, "success_rate": 100.0, "input_tokens": 112, "output_tokens": 348, "model": "meta-llama/Llama-3.1-8B-Instruct", "input_tokens_per_minute": 33625.65055762082, "output_tokens_per_minute": 104431.22676579926, "Latency": {"unit": "s", "min": 1.4570032639894634, "p50": 2.870896228007041, "p90": 21.345071137405466, "p95": 23.60061314823106, "p99": 27.762211904758587, "max": 28.616405237000436}, "Throughput": {"unit": "tokens/s", "min": 12.230746563074842, "p50": 121.55221471148994, "p90": 125.27222128260166, "p95": 126.23579680274723, "p99": 127.95962215262115, "max": 128.5514234201237}, "TTFT": {"unit": "s", "min": 0.014796095958445221, "p50": 0.02920947299571708, "p90": 1.4283102871850135, "p95": 2.341429059032816, "p99": 3.797958779409526, "max": 4.613011308014393}, "TPOT": {"unit": "ms", "min": 7.745821280791865, "p50": 8.13726065340145, "p90": 55.36229859368428, "p95": 61.9304476309178,