{"actual_qps": 8.374403814125802, "success_rate": 100.0, "input_tokens": 4228, "output_tokens": 175, "model": "meta-llama/Llama-3.1-8B-Instruct", "input_tokens_per_minute": 1728974.4853445224, "output_tokens_per_minute": 71692.77844074192, "Latency": {"unit": "s", "min": 1.3151797220343724, "p50": 7.204427213058807, "p90": 14.964364400831984, "p95": 17.136075058893756, "p99": 20.009056543346965, "max": 22.7340315929614}, "Throughput": {"unit": "tokens/s", "min": 1.4402631391992065, "p50": 22.767280849617894, "p90": 42.05507289322481, "p95": 46.78677394651049, "p99": 51.41363074382739, "max": 55.69069065627203}, "TTFT": {"unit": "s", "min": 0.3682481499854475, "p50": 3.4110136600211263, "p90": 8.372447581845336, "p95": 10.442255361587739, "p99": 12.990944909404508, "max": 14.786845814087428}, "TPOT": {"unit": "ms", "min": 6.603773501410615, "p50": 21.711355512821346, "p90": 46.77733789704506, "p95": 49.58652854640662, "p99": 55.382508478152374, "max": 62.3923386484685}, "Input Tokens per Minute": {"unit": "tokens/min", "min": 1728974.4853445224, "p50": 1728974.4853445224, "p90": 1728974.4853445224, "p95": 1728974.4853445224, "p99": 1728974.4853445224, "max": 1728974.4853445224}, "Output Tokens per Minute": {"unit": "tokens/min", "min": 71692.77844074192, "p50": 71692.77844074192, "p90": 71692.77844074192, "p95": 71692.77844074192, "p99": 71692.77844074192, "max": 71692.77844074192}}
{"actual_qps": 7.864519137694913, "success_rate": 100.0, "input_tokens": 4263, "output_tokens": 179, "model": "meta-llama/Llama-3.1-8B-Instruct", "input_tokens_per_minute": 1970077.5120491167, "output_tokens_per_minute": 82810.04580998846, "Latency": {"unit": "s", "min": 1.790217524045147, "p50": 9.146002218010835, "p90": 17.89800940635614, "p95": 21.402645158371886, "p99": 25.335000951951365, "max": 30.884791570948437}, "Throughput": {"unit": "tokens/s", "min": 1.6974000586888147, "p50": 16.915493581487485, "p90": 39.88626917017736, "p95": 43.91191556658144, "p99": 51.65299026586383, "max": 61.77622259599811}, "TTFT": {"unit": "s", "min": 0.47920761501882225, "p50": 4.129575916100293, "p90": 10.303276998410002, "p95": 12.134129320364444, "p99": 15.718673769743164, "max": 27.757968074991368}, "TPOT": {"unit": "ms", "min": 10.718130551715742, "p50": 23.72525337345033, "p90": 52.16695526006383, "p95": 54.33064817738253, "p99": 56.40508264027631, "max": 86.20026182782436}, "Input Tokens per Minute": {"unit": "tokens/min", "min": 1970077.5120491167, "p50": 1970077.5120491167, "p90": 1970077.5120491167, "p95": 1970077.5120491167, "p99": 1970077.5120491167, "max": 1970077.5120491167}, "Output Tokens per Minute": {"unit": "tokens/min", "min": 82810.04580998846, "p50": 82810.04580998846, "p90": 82810.04580998846, "p95": 82810.04580998846, "p99": 82810.04580998846, "max": 82810.04580998846}}
{"actual_qps": 7.6826104146631655, "success_rate": 100.0, "input_tokens": 4374, "output_tokens": 178, "model": "meta-llama/Llama-3.1-8B-Instruct", "input_tokens_per_minute": 2029386.1647846042, "output_tokens_per_minute": 82778.15731788929, "Latency": {"unit": "s", "min": 1.2586171459406614, "p50": 8.103735207929276, "p90": 17.370741090970114, "p95": 20.2137040005764, "p99": 24.449882410082502, "max": 30.793679728056304}, "Throughput": {"unit": "tokens/s", "min": 1.2397405774681918, "p50": 18.730356376092566, "p90": 38.086882021792505, "p95": 44.45077536190696, "p99": 58.302250578092, "max": 67.69508603739827}, "TTFT": {"unit": "s", "min": 0.3866610119584948, "p50": 4.401211539981887, "p90": 9.554016272886656, "p95": 10.865963230549823, "p99": 15.523093002405954, "max": 23.50535730505362}, "TPOT": {"unit": "ms", "min": 8.509894956409097, "p50": 22.12316752294425, "p90": 51.93999581432073, "p95": 54.7113545698901, "p99": 58.3131329109161, "max": 89.03904965308567}, "Input Tokens per Minute": {"unit": "tokens/min", "min": 2029386.1647846042, "p50": 2029386.1647846042, "p90": 2029386.1647846042, "p95": 2029386.1647846042, "p99": 2029386.1647846042, "max": 2029386.1647846042}, "Output Tokens per Minute": {"unit": "tokens/min", "min": 82778.15731788929, "p50": 82778.15731788929, "p90": 82778.15731788929, "p95": 82778.15731788929, "p99": 82778.15731788929, "max": 82778.15731788929}}
{"actual_qps": 8.182789502002286, "success_rate": 100.0, "input_tokens": 4373, "output_tokens": 177, "model": "meta-llama/Llama-3.1-8B-Instruct", "input_tokens_per_minute": 2098054.9125909484, "output_tokens_per_minute": 85008.08423824793, "Latency": {"unit": "s", "min": 1.5878909290768206, "p50": 9.674334954004735, "p90": 25.147280316171237, "p95": 27.757190397579688, "p99": 31.598166066319667, "max": 36.97121564892586}, "Throughput": {"unit": "tokens/s", "min": 0.8890777677770625, "p50": 16.978123272209995, "p90": 28.641968925202928, "p95": 37.03153582021447, "p99": 46.495848667372194, "max": 66.2534284869177}, "TTFT": {"unit": "s", "min": 0.4102468689670786, "p50": 4.764606171986088, "p90": 15.616031717555604, "p95": 17.62063583373092, "p99": 20.35483594152377, "max": 25.32547165697906}, "TPOT": {"unit": "ms", "min": 10.692061412372817, "p50": 28.378970075712246, "p90": 56.68995697577788, "p95": 58.28057409851488, "p99": 63.91755439935912, "max": 85.67178041181144}, "Input Tokens per Minute": {"unit": "tokens/min", "min": 2098054.9125909484, "p50": 2098054.9125909484, "p90": 2098054.9125909484, "p95": 2098054.9125909484, "p99": 2098054.9125909484, "max": 2098054.9125909484}, "Output Tokens per Minute": {"unit": "tokens/min", "min": 85008.08423824793, "p50": 85008.08423824793, "p90": 85008.08423824793, "p95": 85008.08423824793, "p99": 85008.08423824793, "max": 85008.08423824793}}
{"actual_qps": 8.457331196824377, "success_rate": 100.0, "input_tokens": 4345, "output_tokens": 178, "model": "meta-llama/Llama-3.1-8B-Instruct", "input_tokens_per_minute": 2071729.1675700361, "output_tokens_per_minute": 84891.86013197481, "Latency": {"unit": "s", "min": 1.6331830500857905, "p50": 11.361969454039354, "p90": 22.383449635165743, "p95": 23.708778374589738, "p99": 28.22684386716577, "max": 35.79642980895005}, "Throughput": {"unit": "tokens/s", "min": 1.0920925857979418, "p50": 15.142966147335216, "p90": 33.10392810523754, "p95": 39.86890439009096, "p99": 50.932024388805075, "max": 58.719717925821485}, "TTFT": {"unit": "s", "min": 0.4711702649947256, "p50": 5.689213787030894, "p90": 12.713066487212199, "p95": 14.788355199684155, "p99": 19.13650122692111, "max": 24.983261900022626}, "TPOT": {"unit": "ms", "min": 11.587583914459987, "p50": 28.846890326582326, "p90": 54.49570847941965, "p95": 57.1583553958841, "p99": 61.14965672887602, "max": 68.2704810685457}, "Input Tokens per Minute": {"unit": "tokens/min", "min": 2071729.1675700361, "p50": 2071729.1675700361, "p90": 2071729.1675700361, "p95": 2071729.1675700361, "p99": 2071729.1675700361, "max": 2071729.1675700361}, "Output Tokens per Minute": {"unit": "tokens/min", "min": 84891.86013197481, "p50": 84891.86013197481, "p90": 84891.86013197481, "p95": 84891.86013197481, "p99": 84891.86013197481, "max": 84891.86013197481}}
{"actual_qps": 8.15754061585609, "success_rate": 100.0, "input_tokens": 4322, "output_tokens": 175, "model": "meta-llama/Llama-3.1-8B-Instruct", "input_tokens_per_minute": 2137035.295894886, "output_tokens_per_minute": 86686.43912883587, "Latency": {"unit": "s", "min": 1.0634689870057628, "p50": 12.022225553460885, "p90": 29.987322263489485, "p95": 32.85629106409615, "p99": 38.85011831990793, "max": 41.412334443069994}, "Throughput": {"unit": "tokens/s", "min": 0.6584797240420405, "p50": 13.047759608923705, "p90": 25.018203274548902, "p95": 28.711663714279233, "p99": 38.13300105222594, "max": 57.14354531489838}, "TTFT": {"unit": "s", "min": 0.35346629191190004, "p50": 5.718357761448715, "p90": 20.223790155979813, "p95": 23.05804557541851, "p99": 29.496783237425845, "max": 33.19536916306242}, "TPOT": {"unit": "ms", "min": 8.321765998844057, "p50": 35.70553161858922, "p90": 56.03921363421543, "p95": 58.41149778404011, "p99": 67.22989712974488,