{"target_qps": 6.0, "actual_qps": 4.893431434769095, "success_rate": 100.0, "input_tokens": 269, "output_tokens": 299, "model": "meta-llama/Llama-3.1-8B-Instruct", "input_tokens_per_minute": 97087.58893280633, "output_tokens_per_minute": 107945.92885375494, "Latency": {"unit": "s", "min": 2.4995874040178023, "p50": 2.7560174810350873, "p90": 17.306178266799545, "p95": 19.24686890017474, "p99": 21.618550753910093, "max": 22.317930789024103}, "Throughput": {"unit": "tokens/s", "min": 13.442106386831309, "p50": 108.6139995537923, "p90": 114.73207688213553, "p95": 116.29827390805777, "p99": 118.2248951445279, "max": 120.01980787620555}, "TTFT": {"unit": "s", "min": 0.025796334026381373, "p50": 0.16939273197203875, "p90": 1.641683583403939, "p95": 2.6103971443837426, "p99": 3.563779330155811, "max": 4.141869298007805}, "TPOT": {"unit": "ms", "min": 7.979616799226721, "p50": 8.66663730103697, "p90": 52.29082454115084, "p95": 59.02014849641295, "p99": 70.2445165417235, "max": 72.33327426083298}, "Input Tokens per Minute": {"unit": "tokens/min", "min": 97087.58893280633, "p50": 97087.58893280633, "p90": 97087.58893280633, "p95": 97087.58893280633, "p99": 97087.58893280633, "max": 97087.58893280633}, "Output Tokens per Minute": {"unit": "tokens/min", "min": 107945.92885375494, "p50": 107945.92885375494, "p90": 107945.92885375494, "p95": 107945.92885375494, "p99": 107945.92885375494, "max": 107945.92885375494}}
{"target_qps": 6.0, "actual_qps": 4.756343858172011, "success_rate": 100.0, "input_tokens": 272, "output_tokens": 298, "model": "meta-llama/Llama-3.1-8B-Instruct", "input_tokens_per_minute": 98276.97478991597, "output_tokens_per_minute": 107561.34453781512, "Latency": {"unit": "s", "min": 1.3573424310307018, "p50": 2.730978649982717, "p90": 17.454844688106096, "p95": 18.8420457162807, "p99": 21.008531399817436, "max": 22.2981482159812}, "Throughput": {"unit": "tokens/s", "min": 13.454032016209688, "p50": 109.73844151711467, "p90": 116.27464105733206, "p95": 117.03882893125729, "p99": 119.14402228302814, "max": 120.43775626996968}, "TTFT": {"unit": "s", "min": 0.026761615998111665, "p50": 0.15531875099986792, "p90": 1.3267791758058596, "p95": 2.1137633941951206, "p99": 3.6809303340082944, "max": 3.966317607962992}, "TPOT": {"unit": "ms", "min": 7.552161495073584, "p50": 8.628769949807422, "p90": 54.21497533312006, "p95": 58.80343796320128, "p99": 64.04960632980661, "max": 74.15647824749624}, "Input Tokens per Minute": {"unit": "tokens/min", "min": 98276.97478991597, "p50": 98276.97478991597, "p90": 98276.97478991597, "p95": 98276.97478991597, "p99": 98276.97478991597, "max": 98276.97478991597}, "Output Tokens per Minute": {"unit": "tokens/min", "min": 107561.34453781512, "p50": 107561.34453781512, "p90": 107561.34453781512, "p95": 107561.34453781512, "p99": 107561.34453781512, "max": 107561.34453781512}}
{"target_qps": 6.0, "actual_qps": 4.7746165061635235, "success_rate": 100.0, "input_tokens": 239, "output_tokens": 299, "model": "meta-llama/Llama-3.1-8B-Instruct", "input_tokens_per_minute": 86225.60553633218, "output_tokens_per_minute": 107936.47058823529, "Latency": {"unit": "s", "min": 2.5053870599949732, "p50": 2.787739856983535, "p90": 22.53591685378924, "p95": 25.520341998781067, "p99": 29.303107253068596, "max": 29.89574841101421}, "Throughput": {"unit": "tokens/s", "min": 10.034871710703646, "p50": 107.61405848127237, "p90": 114.72788857446625, "p95": 115.96590908427137, "p99": 118.47523129881431, "max": 119.74197711414774}, "TTFT": {"unit": "s", "min": 0.024903545971028507, "p50": 0.19086669804528356, "p90": 3.589389652397949, "p95": 4.095315235806629, "p99": 6.655932873154529, "max": 7.914261534053367}, "TPOT": {"unit": "ms", "min": 8.089827588544441, "p50": 8.64914598011172, "p90": 65.87889405087346, "p95": 73.49748451968992, "p99": 83.82777844811089, "max": 98.03846538791831}, "Input Tokens per Minute": {"unit": "tokens/min", "min": 86225.60553633218, "p50": 86225.60553633218, "p90": 86225.60553633218, "p95": 86225.60553633218, "p99": 86225.60553633218, "max": 86225.60553633218}, "Output Tokens per Minute": {"unit": "tokens/min", "min": 107936.47058823529, "p50": 107936.47058823529, "p90": 107936.47058823529, "p95": 107936.47058823529, "p99": 107936.47058823529, "max": 107936.47058823529}}
{"target_qps": 6.0, "actual_qps": 5.2383634134330395, "success_rate": 100.0, "input_tokens": 231, "output_tokens": 298, "model": "meta-llama/Llama-3.1-8B-Instruct", "input_tokens_per_minute": 83218.02631578948, "output_tokens_per_minute": 107599.73684210527, "Latency": {"unit": "s", "min": 2.540686771972105, "p50": 2.77296663299785, "p90": 21.899513085908257, "p95": 25.4979348879482, "p99": 27.844199437337807, "max": 29.812358190014493}, "Throughput": {"unit": "tokens/s", "min": 8.160715236592516, "p50": 108.18739359469214, "p90": 114.83553991967717, "p95": 116.17306464084234, "p99": 117.7871593310297, "max": 118.07830989222539}, "TTFT": {"unit": "s", "min": 0.024509467009920627, "p50": 0.2034188615216408, "p90": 3.5631077519210512, "p95": 4.117938060505547, "p99": 5.316010903043203, "max": 6.655593711999245}, "TPOT": {"unit": "ms", "min": 8.080652224041684, "p50": 8.61601194475441, "p90": 64.9072453177559, "p95": 77.32098130104335, "p99": 88.65162061300757, "max": 110.30737324035726}, "Input Tokens per Minute": {"unit": "tokens/min", "min": 83218.02631578948, "p50": 83218.02631578948, "p90": 83218.02631578948, "p95": 83218.02631578948, "p99": 83218.02631578948, "max": 83218.02631578948}, "Output Tokens per Minute": {"unit": "tokens/min", "min": 107599.73684210527, "p50": 107599.73684210527, "p90": 107599.73684210527, "p95": 107599.73684210527, "p99": 107599.73684210527, "max": 107599.73684210527}}
{"target_qps": 6.0, "actual_qps": 5.467580053656451, "success_rate": 100.0, "input_tokens": 256, "output_tokens": 299, "model": "meta-llama/Llama-3.1-8B-Instruct", "input_tokens_per_minute": 92445.4054054054, "output_tokens_per_minute": 107644.32432432432, "Latency": {"unit": "s", "min": 1.9349269330268726, "p50": 2.805214789987076, "p90": 23.158718947588934, "p95": 25.451733684598, "p99": 28.671447070259607, "max": 30.39002008299576}, "Throughput": {"unit": "tokens/s", "min": 9.8716617883336, "p50": 106.66904657207759, "p90": 113.78063930998412, "p95": 114.70319314321466, "p99": 116.5142472851253, "max": 119.91493498354446}, "TTFT": {"unit": "s", "min": 0.020856407994870096, "p50": 0.19161706895101815, "p90": 4.447011463402307, "p95": 6.244871830206824, "p99": 10.438279052427971, "max": 12.630497411009856}, "TPOT": {"unit": "ms", "min": 8.078344612083333, "p50": 8.856470729138726, "p90": 67.07757444562465, "p95": 72.8252237919643, "p99": 88.24672527946876, "max": 95.15309045157461}, "Input Tokens per Minute": {"unit": "tokens/min", "min": 92445.4054054054, "p50": 92445.4054054054, "p90": 92445.4054054054, "p95": 92445.4054054054, "p99": 92445.4054054054, "max": 92445.4054054054}, "Output Tokens per Minute": {"unit": "tokens/min", "min": 107644.32432432432, "p50": 107644.32432432432, "p90": 107644.32432432432, "p95": 107644.32432432432, "p99": 107644.32432432432, "max": 107644.32432432432}}
{"target_qps": 6.0, "actual_qps": 5.307366901742982, "success_rate": 100.0, "input_tokens": 233, "output_tokens": 298, "model": "meta-llama/Llama-3.1-8B-Instruct", "input_tokens_per_minute": 84188.8821752266, "output_tokens_per_minute": 107439.87915407856, "Latency": {"unit": "s", "min": 1.2152935600024648, "p50": 2.833992534026038, "p90": 24.54321890498977, "p95": 25.94320119547774, "p99": 29.639125957223584, "max": 30.46912419499131}, "Throughput": {"unit": "tokens/s", "min": 9.84603292435021, "p50": 105.76199831229307, "p90": 113.97595261326832, "p95": 115.23139480782555, "p99": 116.64001645811939, "max": 118.09452639215286}, "TTFT": {"unit": "s", "min": 0.021049975999630988, "p50": 0.1939589329995215, "p90": 3.4099017750122584, "p95": 4.645999655505875, "p99": 9.510841752501436, "max": 12.414120889035985}, "TPOT": {"unit": "ms", "min": 8.132132043381436,