{"target_qps": 5.5, "actual_qps": 5.495072095092466, "success_rate": 100.0, "input_tokens": 4334, "output_tokens": 179, "model": "meta-llama/Llama-3.1-8B-Instruct", "input_tokens_per_minute": 1430257.3357664233, "output_tokens_per_minute": 59245.83941605839, "Latency": {"unit": "s", "min": 1.8852079849457368, "p50": 9.599900837929454, "p90": 16.534312020940707, "p95": 19.41563687912421, "p99": 22.683544194698303, "max": 26.260336589068174}, "Throughput": {"unit": "tokens/s", "min": 1.7323546356021966, "p50": 19.29205207913771, "p90": 25.55213315698647, "p95": 27.319678994498595, "p99": 31.322997819239387, "max": 33.33457875734584}, "TTFT": {"unit": "s", "min": 0.4428462228970602, "p50": 2.0350606114952825, "p90": 7.279765850573315, "p95": 9.288721813185836, "p99": 12.458696715855014, "max": 15.567586765973829}, "TPOT": {"unit": "ms", "min": 24.023673471585823, "p50": 41.41819569336054, "p90": 53.83775752674245, "p95": 56.24697043613965, "p99": 69.68911251244202, "max": 219.32217658364348}, "Input Tokens per Minute": {"unit": "tokens/min", "min": 1430257.3357664233, "p50": 1430257.3357664233, "p90": 1430257.3357664233, "p95": 1430257.3357664233, "p99": 1430257.3357664233, "max": 1430257.3357664233}, "Output Tokens per Minute": {"unit": "tokens/min", "min": 59245.83941605839, "p50": 59245.83941605839, "p90": 59245.83941605839, "p95": 59245.83941605839, "p99": 59245.83941605839, "max": 59245.83941605839}}
{"target_qps": 5.5, "actual_qps": 5.496955156741893, "success_rate": 100.0, "input_tokens": 4353, "output_tokens": 174, "model": "meta-llama/Llama-3.1-8B-Instruct", "input_tokens_per_minute": 1436714.9438202248, "output_tokens_per_minute": 57658.5393258427, "Latency": {"unit": "s", "min": 2.128339007962495, "p50": 9.92577580199577, "p90": 16.356554226134904, "p95": 17.958199253806377, "p99": 22.121694573375848, "max": 24.86814356292598}, "Throughput": {"unit": "tokens/s", "min": 1.9694386426142299, "p50": 18.88049616742012, "p90": 25.13278495041474, "p95": 27.854749250614578, "p99": 30.691090344318923, "max": 33.94563587035414}, "TTFT": {"unit": "s", "min": 0.36012659198604524, "p50": 2.046372698037885, "p90": 6.73206718035508, "p95": 8.891540100460405, "p99": 11.874795452575194, "max": 14.565716138924472}, "TPOT": {"unit": "ms", "min": 26.19095418654452, "p50": 42.90320828613175, "p90": 54.15059276692682, "p95": 55.54436380131376, "p99": 61.63705025169558, "max": 119.05009841190322}, "Input Tokens per Minute": {"unit": "tokens/min", "min": 1436714.9438202248, "p50": 1436714.9438202248, "p90": 1436714.9438202248, "p95": 1436714.9438202248, "p99": 1436714.9438202248, "max": 1436714.9438202248}, "Output Tokens per Minute": {"unit": "tokens/min", "min": 57658.5393258427, "p50": 57658.5393258427, "p90": 57658.5393258427, "p95": 57658.5393258427, "p99": 57658.5393258427, "max": 57658.5393258427}}
{"target_qps": 5.5, "actual_qps": 5.495015503210114, "success_rate": 100.0, "input_tokens": 4096, "output_tokens": 179, "model": "meta-llama/Llama-3.1-8B-Instruct", "input_tokens_per_minute": 1351726.7076923077, "output_tokens_per_minute": 59288.307692307695, "Latency": {"unit": "s", "min": 0.9933109970297664, "p50": 9.265463144984096, "p90": 18.883264272799718, "p95": 20.808019048604184, "p99": 24.036044956701808, "max": 29.125088458065875}, "Throughput": {"unit": "tokens/s", "min": 1.3022162489739426, "p50": 19.34245942345716, "p90": 30.9804469451645, "p95": 32.718632964638225, "p99": 42.63071231177286, "max": 45.33943613769201}, "TTFT": {"unit": "s", "min": 0.39323375502135605, "p50": 1.748052446055226, "p90": 9.451437936746519, "p95": 11.633219218277373, "p99": 14.453010715246199, "max": 20.732753547024913}, "TPOT": {"unit": "ms", "min": 18.251932425128697, "p50": 42.26391876394855, "p90": 54.850524231023975, "p95": 59.03587805437177, "p99": 60.7386017166518, "max": 77.12929089191472}, "Input Tokens per Minute": {"unit": "tokens/min", "min": 1351726.7076923077, "p50": 1351726.7076923077, "p90": 1351726.7076923077, "p95": 1351726.7076923077, "p99": 1351726.7076923077, "max": 1351726.7076923077}, "Output Tokens per Minute": {"unit": "tokens/min", "min": 59288.307692307695, "p50": 59288.307692307695, "p90": 59288.307692307695, "p95": 59288.307692307695, "p99": 59288.307692307695, "max": 59288.307692307695}}
{"target_qps": 5.5, "actual_qps": 5.497026367545922, "success_rate": 100.0, "input_tokens": 4095, "output_tokens": 180, "model": "meta-llama/Llama-3.1-8B-Instruct", "input_tokens_per_minute": 1367116.73419512, "output_tokens_per_minute": 60132.691629187764, "Latency": {"unit": "s", "min": 1.6534375990740955, "p50": 9.255606807477307, "p90": 19.314782323420513, "p95": 21.426625504845276, "p99": 27.55615066711325, "max": 30.72934710397385}, "Throughput": {"unit": "tokens/s", "min": 1.757479743872427, "p50": 19.5552538522161, "p90": 30.20064840964848, "p95": 32.487194870742556, "p99": 40.916055778138364, "max": 44.146554297580344}, "TTFT": {"unit": "s", "min": 0.39604015194345266, "p50": 1.679293825989589, "p90": 9.537891073781065, "p95": 12.88987692430963, "p99": 16.594930849410627, "max": 20.63701658998616}, "TPOT": {"unit": "ms", "min": 18.621423059170517, "p50": 43.00262270601766, "p90": 56.59483628472886, "p95": 59.49679268199373, "p99": 62.34252077570635, "max": 80.04211009324838}, "Input Tokens per Minute": {"unit": "tokens/min", "min": 1367116.73419512, "p50": 1367116.73419512, "p90": 1367116.73419512, "p95": 1367116.73419512, "p99": 1367116.73419512, "max": 1367116.73419512}, "Output Tokens per Minute": {"unit": "tokens/min", "min": 60132.691629187764, "p50": 60132.691629187764, "p90": 60132.691629187764, "p95": 60132.691629187764, "p99": 60132.691629187764, "max": 60132.691629187764}}
{"target_qps": 5.5, "actual_qps": 5.492829207872434, "success_rate": 100.0, "input_tokens": 4285, "output_tokens": 176, "model": "meta-llama/Llama-3.1-8B-Instruct", "input_tokens_per_minute": 1433808.1885742357, "output_tokens_per_minute": 59124.81359353888, "Latency": {"unit": "s", "min": 0.956937134033069, "p50": 8.311681214021519, "p90": 17.760198920941914, "p95": 19.186184093437625, "p99": 22.45569295831027, "max": 23.30526875797659}, "Throughput": {"unit": "tokens/s", "min": 1.0629283957583913, "p50": 21.177044517601317, "p90": 34.737884193957235, "p95": 38.24548227984278, "p99": 45.37677930877364, "max": 48.11821325723345}, "TTFT": {"unit": "s", "min": 0.3417859630426392, "p50": 1.6575513399438933, "p90": 7.558850153395907, "p95": 9.566260945273099, "p99": 12.769428288287024, "max": 13.501138536026701}, "TPOT": {"unit": "ms", "min": 9.925062757578086, "p50": 38.40969228150613, "p90": 54.01623882782307, "p95": 58.75085915944711, "p99": 63.38415705612932, "max": 67.84423262078015}, "Input Tokens per Minute": {"unit": "tokens/min", "min": 1433808.1885742357, "p50": 1433808.1885742357, "p90": 1433808.1885742357, "p95": 1433808.1885742357, "p99": 1433808.1885742357, "max": 1433808.1885742357}, "Output Tokens per Minute": {"unit": "tokens/min", "min": 59124.81359353888, "p50": 59124.81359353888, "p90": 59124.81359353888, "p95": 59124.81359353888, "p99": 59124.81359353888, "max": 59124.81359353888}}
{"target_qps": 5.5, "actual_qps": 5.494424556588995, "success_rate": 100.0, "input_tokens": 4297, "output_tokens": 181, "model": "meta-llama/Llama-3.1-8B-Instruct", "input_tokens_per_minute": 1468381.9657895598, "output_tokens_per_minute": 61907.17995851273, "Latency": {"unit": "s", "min": 1.034722872893326, "p50": 8.126608004444279, "p90": 17.534547951503193, "p95": 18.915994695329573, "p99": 21.1641046319087, "max": 23.129769345978275}, "Throughput": {"unit": "tokens/s", "min": 2.4530171593389043, "p50": 22.062262796158688, "p90": 35.71114688547668, "p95": 41.072919604150705, "p99": 47.145146228867155, "max": 49.02420820091381}, "TTFT": {"unit": "s", "min": 0.2910850360058248, "p50": 1.6069603160140105, "p90": 7.4305645645712515, "p95": 9.3841351978539, "p99": 11.918312700028762, "max": 14.379197388072498}, "TPOT": {"unit": "ms", "min": 13.179301705403143,