{"target_qps": 4.0, "actual_qps": 3.9983644126622044, "success_rate": 100.0, "input_tokens": 4183, "output_tokens": 178, "model": "meta-llama/Llama-3.1-8B-Instruct", "input_tokens_per_minute": 1004001.4285714285, "output_tokens_per_minute": 42728.57142857143, "Latency": {"unit": "s", "min": 0.3648176870192401, "p50": 2.4856864454923198, "p90": 7.17398759382777, "p95": 7.603702455610619, "p99": 8.131329710471912, "max": 8.8078834360349}, "Throughput": {"unit": "tokens/s", "min": 8.453861730806038, "p50": 69.56035133233158, "p90": 99.17314564729143, "p95": 103.43036976826448, "p99": 110.36426307421402, "max": 112.3165568544864}, "TTFT": {"unit": "s", "min": 0.045979373971931636, "p50": 0.4065749860019423, "p90": 2.347486860415666, "p95": 2.7685997749533264, "p99": 3.581951639262261, "max": 4.391214100003708}, "TPOT": {"unit": "ms", "min": 6.409762268259119, "p50": 11.004849816549356, "p90": 25.666827042663154, "p95": 26.57387607017808, "p99": 28.204719702647086, "max": 29.648024376760233}, "Input Tokens per Minute": {"unit": "tokens/min", "min": 1004001.4285714285, "p50": 1004001.4285714285, "p90": 1004001.4285714285, "p95": 1004001.4285714285, "p99": 1004001.4285714285, "max": 1004001.4285714285}, "Output Tokens per Minute": {"unit": "tokens/min", "min": 42728.57142857143, "p50": 42728.57142857143, "p90": 42728.57142857143, "p95": 42728.57142857143, "p99": 42728.57142857143, "max": 42728.57142857143}}
{"target_qps": 4.0, "actual_qps": 3.999557244213871, "success_rate": 100.0, "input_tokens": 4217, "output_tokens": 174, "model": "meta-llama/Llama-3.1-8B-Instruct", "input_tokens_per_minute": 1024469.9261322385, "output_tokens_per_minute": 42463.62965357577, "Latency": {"unit": "s", "min": 0.3107866069767624, "p50": 2.6409168720128946, "p90": 6.689950107818004, "p95": 7.26680889436393, "p99": 7.837702651681608, "max": 8.290788227983285}, "Throughput": {"unit": "tokens/s", "min": 5.503462943817069, "p50": 50.11876647883421, "p90": 102.84849017802597, "p95": 109.21224572382692, "p99": 117.07224683476538, "max": 121.90308920026331}, "TTFT": {"unit": "s", "min": 0.04927264200523496, "p50": 0.3677484290092252, "p90": 2.2860582553898, "p95": 2.5818354877468646, "p99": 3.152403827061641, "max": 3.461117771046702}, "TPOT": {"unit": "ms", "min": 7.404399224065451, "p50": 13.912932070360599, "p90": 24.949116804098814, "p95": 26.05404754831141, "p99": 26.96124817778578, "max": 29.017540633988876}, "Input Tokens per Minute": {"unit": "tokens/min", "min": 1024469.9261322385, "p50": 1024469.9261322385, "p90": 1024469.9261322385, "p95": 1024469.9261322385, "p99": 1024469.9261322385, "max": 1024469.9261322385}, "Output Tokens per Minute": {"unit": "tokens/min", "min": 42463.62965357577, "p50": 42463.62965357577, "p90": 42463.62965357577, "p95": 42463.62965357577, "p99": 42463.62965357577, "max": 42463.62965357577}}
{"target_qps": 4.0, "actual_qps": 3.9968275615537103, "success_rate": 100.0, "input_tokens": 4247, "output_tokens": 180, "model": "meta-llama/Llama-3.1-8B-Instruct", "input_tokens_per_minute": 1027107.7443887435, "output_tokens_per_minute": 43668.338730645446, "Latency": {"unit": "s", "min": 0.28622710204217583, "p50": 2.357994090038119, "p90": 6.368654674728169, "p95": 7.028304032282904, "p99": 8.224872883245698, "max": 9.404035950952675}, "Throughput": {"unit": "tokens/s", "min": 7.199867309374516, "p50": 77.15680024334407, "p90": 99.93386192805792, "p95": 104.5514283339914, "p99": 114.85178226451676, "max": 118.05282367119841}, "TTFT": {"unit": "s", "min": 0.05742822395404801, "p50": 0.3438627879950218, "p90": 2.0158507844957056, "p95": 2.714620622171783, "p99": 3.3036623008677273, "max": 4.644037820980884}, "TPOT": {"unit": "ms", "min": 6.567556127265561, "p50": 10.85480632674038, "p90": 24.295988129711354, "p95": 24.885840482229423, "p99": 26.348031621070078, "max": 26.726065738531457}, "Input Tokens per Minute": {"unit": "tokens/min", "min": 1027107.7443887435, "p50": 1027107.7443887435, "p90": 1027107.7443887435, "p95": 1027107.7443887435, "p99": 1027107.7443887435, "max": 1027107.7443887435}, "Output Tokens per Minute": {"unit": "tokens/min", "min": 43668.338730645446, "p50": 43668.338730645446, "p90": 43668.338730645446, "p95": 43668.338730645446, "p99": 43668.338730645446, "max": 43668.338730645446}}
{"target_qps": 4.0, "actual_qps": 3.998045288491108, "success_rate": 100.0, "input_tokens": 4281, "output_tokens": 181, "model": "meta-llama/Llama-3.1-8B-Instruct", "input_tokens_per_minute": 1027517.2881355933, "output_tokens_per_minute": 43618.98305084746, "Latency": {"unit": "s", "min": 0.32415765803307295, "p50": 2.5027004454750568, "p90": 5.6881294714985415, "p95": 6.62806738751533, "p99": 7.250801207337646, "max": 7.877002785040531}, "Throughput": {"unit": "tokens/s", "min": 10.594896583040029, "p50": 74.30187020206247, "p90": 100.37818910278628, "p95": 105.73555274133379, "p99": 111.40434021783598, "max": 116.48732723363044}, "TTFT": {"unit": "s", "min": 0.04307701799552888, "p50": 0.33349092601565644, "p90": 1.6848479305335786, "p95": 2.2649696124717593, "p99": 2.75919626079849, "max": 3.0566209730459377}, "TPOT": {"unit": "ms", "min": 7.968495884528805, "p50": 11.304856910565729, "p90": 22.538440896960992, "p95": 23.364461924624514, "p99": 24.681137470574114, "max": 26.19612664826701}, "Input Tokens per Minute": {"unit": "tokens/min", "min": 1027517.2881355933, "p50": 1027517.2881355933, "p90": 1027517.2881355933, "p95": 1027517.2881355933, "p99": 1027517.2881355933, "max": 1027517.2881355933}, "Output Tokens per Minute": {"unit": "tokens/min", "min": 43618.98305084746, "p50": 43618.98305084746, "p90": 43618.98305084746, "p95": 43618.98305084746, "p99": 43618.98305084746, "max": 43618.98305084746}}
{"target_qps": 4.0, "actual_qps": 3.999084340656565, "success_rate": 100.0, "input_tokens": 4212, "output_tokens": 171, "model": "meta-llama/Llama-3.1-8B-Instruct", "input_tokens_per_minute": 1010963.0379746835, "output_tokens_per_minute": 41111.898734177215, "Latency": {"unit": "s", "min": 0.2841415299917571, "p50": 2.3303811029763892, "p90": 5.947028890019283, "p95": 6.495102727774064, "p99": 8.139683062853283, "max": 8.891491578018758}, "Throughput": {"unit": "tokens/s", "min": 5.405998396847105, "p50": 67.97948145039236, "p90": 102.28387091213996, "p95": 106.60647022777718, "p99": 110.89452737683887, "max": 114.44957900846077}, "TTFT": {"unit": "s", "min": 0.04974831797881052, "p50": 0.34472184896003455, "p90": 1.7602457388071344, "p95": 2.159607296611648, "p99": 3.4306613781373, "max": 3.8559152830275707}, "TPOT": {"unit": "ms", "min": 4.003564649097183, "p50": 10.989586542765306, "p90": 24.028590926549505, "p95": 25.824944474336565, "p99": 27.155528676014008, "max": 29.55052976304775}, "Input Tokens per Minute": {"unit": "tokens/min", "min": 1010963.0379746835, "p50": 1010963.0379746835, "p90": 1010963.0379746835, "p95": 1010963.0379746835, "p99": 1010963.0379746835, "max": 1010963.0379746835}, "Output Tokens per Minute": {"unit": "tokens/min", "min": 41111.898734177215, "p50": 41111.898734177215, "p90": 41111.898734177215, "p95": 41111.898734177215, "p99": 41111.898734177215, "max": 41111.898734177215}}
{"target_qps": 4.0, "actual_qps": 3.999983360334446, "success_rate": 100.0, "input_tokens": 4278, "output_tokens": 180, "model": "meta-llama/Llama-3.1-8B-Instruct", "input_tokens_per_minute": 1064568.0107094056, "output_tokens_per_minute": 44909.35368850787, "Latency": {"unit": "s", "min": 0.23332237801514566, "p50": 2.383443650964182, "p90": 6.288762295420748, "p95": 6.877956479822751, "p99": 7.411587058836596, "max": 8.224236298003234}, "Throughput": {"unit": "tokens/s", "min": 6.0866449860921925, "p50": 75.44730552100431, "p90": 105.5057978311261, "p95": 112.23224381508783, "p99": 119.35375583424499, "max": 124.2665655253919}, "TTFT": {"unit": "s", "min": 0.017644787032622844, "p50": 0.25440304196672514, "p90": 1.777457819820848, "p95": 2.3431359456269987, "p99": 3.151209546185565, "max": 3.9596283409628086}, "TPOT": {"unit": "ms",