{"target_qps": 3.0, "actual_qps": 3.0260034774466993, "success_rate": 100.0, "input_tokens": 189, "output_tokens": 299, "model": "meta-llama/Llama-3.1-8B-Instruct", "input_tokens_per_minute": 34289.22418737156, "output_tokens_per_minute": 54161.18637181691, "Latency": {"unit": "s", "min": 2.2527709970017895, "p50": 2.3932100830134004, "p90": 4.316153279796708, "p95": 4.495291643979726, "p99": 4.724481747907123, "max": 4.9550067679956555}, "Throughput": {"unit": "tokens/s", "min": 60.54482143953815, "p50": 125.3546448468311, "p90": 128.61911762184542, "p95": 129.4000273653981, "p99": 131.10774486548056, "max": 132.00386520556452}, "TTFT": {"unit": "s", "min": 0.01574944896856323, "p50": 0.02785759698599577, "p90": 0.08355857843998833, "p95": 0.15371206672280108, "p99": 0.4568536511179992, "max": 1.0422236219746992}, "TPOT": {"unit": "ms", "min": 7.525385073604168, "p50": 7.919979177377993, "p90": 14.324346159929005, "p95": 14.699919559536534, "p99": 15.243221366003992, "max": 15.252493752515484}, "Input Tokens per Minute": {"unit": "tokens/min", "min": 34289.22418737156, "p50": 34289.22418737156, "p90": 34289.22418737156, "p95": 34289.22418737156, "p99": 34289.22418737156, "max": 34289.22418737156}, "Output Tokens per Minute": {"unit": "tokens/min", "min": 54161.18637181691, "p50": 54161.18637181691, "p90": 54161.18637181691, "p95": 54161.18637181691, "p99": 54161.18637181691, "max": 54161.18637181691}}
{"target_qps": 3.0, "actual_qps": 3.2381774374778627, "success_rate": 100.0, "input_tokens": 256, "output_tokens": 299, "model": "meta-llama/Llama-3.1-8B-Instruct", "input_tokens_per_minute": 48824.37801518962, "output_tokens_per_minute": 57071.68096457289, "Latency": {"unit": "s", "min": 2.2750261169858277, "p50": 2.4912981369998306, "p90": 4.311826846620534, "p95": 4.407845398894278, "p99": 4.878050911780448, "max": 5.102996549976524}, "Throughput": {"unit": "tokens/s", "min": 58.78898742374814, "p50": 120.41914837269451, "p90": 127.08023390136191, "p95": 129.1706782602463, "p99": 131.64230436958462, "max": 131.86661804017825}, "TTFT": {"unit": "s", "min": 0.014633536979090422, "p50": 0.02530854899669066, "p90": 0.12030930261826153, "p95": 0.21115503210457967, "p99": 0.45611437752144485, "max": 0.6732973990147002}, "TPOT": {"unit": "ms", "min": 7.469421274217163, "p50": 8.205391331124165, "p90": 14.288728008627654, "p95": 14.435044790222543, "p99": 15.5505348248197, "max": 15.596558812563387}, "Input Tokens per Minute": {"unit": "tokens/min", "min": 48824.37801518962, "p50": 48824.37801518962, "p90": 48824.37801518962, "p95": 48824.37801518962, "p99": 48824.37801518962, "max": 48824.37801518962}, "Output Tokens per Minute": {"unit": "tokens/min", "min": 57071.68096457289, "p50": 57071.68096457289, "p90": 57071.68096457289, "p95": 57071.68096457289, "p99": 57071.68096457289, "max": 57071.68096457289}}
{"target_qps": 3.0, "actual_qps": 2.2993135613191877, "success_rate": 99.3103448275862, "input_tokens": 200, "output_tokens": 300, "model": "meta-llama/Llama-3.1-8B-Instruct", "input_tokens_per_minute": 36118.75, "output_tokens_per_minute": 54000.0, "Latency": {"unit": "s", "min": 2.287487673049327, "p50": 2.409765542979585, "p90": 4.0256105527689225, "p95": 4.279784509830643, "p99": 4.319575595921488, "max": 4.372404226043727}, "Throughput": {"unit": "tokens/s", "min": 68.61213750848657, "p50": 124.49343919853553, "p90": 128.6164946478014, "p95": 129.33621736909768, "p99": 130.7837140565349, "max": 131.14824771933573}, "TTFT": {"unit": "s", "min": 0.014433943026233464, "p50": 0.024200259504141286, "p90": 0.05644595599733303, "p95": 0.09330372461990918, "p99": 0.25681062612857186, "max": 0.2740338720032014}, "TPOT": {"unit": "ms", "min": 7.518445364710405, "p50": 7.964555520146157, "p90": 12.83336300371732, "p95": 14.213036492700146, "p99": 14.31308732982055, "max": 14.317072712447196}, "Input Tokens per Minute": {"unit": "tokens/min", "min": 36118.75, "p50": 36118.75, "p90": 36118.75, "p95": 36118.75, "p99": 36118.75, "max": 36118.75}, "Output Tokens per Minute": {"unit": "tokens/min", "min": 54000.0, "p50": 54000.0, "p90": 54000.0, "p95": 54000.0, "p99": 54000.0, "max": 54000.0}, "exceptions": {"Error code: 400 - {'object': 'error', 'message': \"This model's maximum context length is 10000 tokens. However, you requested 12624 tokens (12324 in the messages, 300 in the completion). Please reduce the length of the messages or completion.\", 'type': 'BadRequestError', 'param': None, 'code': 400}": 1}}
{"target_qps": 3.0, "actual_qps": 2.250994293911265, "success_rate": 100.0, "input_tokens": 255, "output_tokens": 300, "model": "meta-llama/Llama-3.1-8B-Instruct", "input_tokens_per_minute": 45905.41353383458, "output_tokens_per_minute": 54000.0, "Latency": {"unit": "s", "min": 2.285866606980562, "p50": 2.3844065360026434, "p90": 4.3560506528127005, "p95": 4.419872489408589, "p99": 4.646054487067741, "max": 4.805259137996472}, "Throughput": {"unit": "tokens/s", "min": 62.43159658712671, "p50": 125.8174709179154, "p90": 128.59646497329996, "p95": 129.60982702205902, "p99": 131.09767644079614, "max": 131.24125401012563}, "TTFT": {"unit": "s", "min": 0.014385594986379147, "p50": 0.02589330601040274, "p90": 0.10533458619611334, "p95": 0.1268184197950175, "p99": 0.22525502758333477, "max": 0.4213632559985854}, "TPOT": {"unit": "ms", "min": 7.252622003290167, "p50": 7.866300515173296, "p90": 14.352659146452517, "p95": 14.543203661610749, "p99": 14.850331751028557, "max": 15.065922541816386}, "Input Tokens per Minute": {"unit": "tokens/min", "min": 45905.41353383458, "p50": 45905.41353383458, "p90": 45905.41353383458, "p95": 45905.41353383458, "p99": 45905.41353383458, "max": 45905.41353383458}, "Output Tokens per Minute": {"unit": "tokens/min", "min": 54000.0, "p50": 54000.0, "p90": 54000.0, "p95": 54000.0, "p99": 54000.0, "max": 54000.0}}
{"target_qps": 3.0, "actual_qps": 2.5477052398354667, "success_rate": 100.0, "input_tokens": 277, "output_tokens": 299, "model": "meta-llama/Llama-3.1-8B-Instruct", "input_tokens_per_minute": 49981.1320754717, "output_tokens_per_minute": 53996.60377358491, "Latency": {"unit": "s", "min": 2.2814955529756844, "p50": 2.429396182007622, "p90": 4.3989747742074545, "p95": 4.593484625621931, "p99": 5.0355518803838635, "max": 5.211983193003107}, "Throughput": {"unit": "tokens/s", "min": 57.5596637385053, "p50": 123.48747488031525, "p90": 128.78832366470243, "p95": 129.24667372451518, "p99": 130.46243733000006, "max": 131.49269548595842}, "TTFT": {"unit": "s", "min": 0.015064132981933653, "p50": 0.025064652028959244, "p90": 0.14563328039366755, "p95": 0.2069423480890691, "p99": 0.64491176441661, "max": 0.6896507969941013}, "TPOT": {"unit": "ms", "min": 7.550474662173315, "p50": 8.006839675596762, "p90": 14.56226676657335, "p95": 14.780835944082257, "p99": 15.25191791507845, "max": 15.91800416727865}, "Input Tokens per Minute": {"unit": "tokens/min", "min": 49981.1320754717, "p50": 49981.1320754717, "p90": 49981.1320754717, "p95": 49981.1320754717, "p99": 49981.1320754717, "max": 49981.1320754717}, "Output Tokens per Minute": {"unit": "tokens/min", "min": 53996.60377358491, "p50": 53996.60377358491, "p90": 53996.60377358491, "p95": 53996.60377358491, "p99": 53996.60377358491, "max": 53996.60377358491}}
{"target_qps": 3.0, "actual_qps": 2.7445208620105612, "success_rate": 100.0, "input_tokens": 202, "output_tokens": 300, "model": "meta-llama/Llama-3.1-8B-Instruct", "input_tokens_per_minute": 36488.57142857143, "output_tokens_per_minute": 54000.0, "Latency": {"unit": "s", "min": 2.2851022059912793, "p50": 2.4009874685143586, "p90": 4.3712246866140045, "p95": 4.5290387720830045, "p99": 4.821248470622819, "max": 5.199456361995544}, "Throughput": {"unit": "tokens/s", "min": 57.69833980967587, "p50": 124.9485948657581, "p90": 128.24800540123263, "p95": 128.78781679656103, "p99": 130.45259647681738, "max": 131.28515617963782}, "TTFT": {"unit": "s", "min": 0.014488768996670842, "p50": 0.026933401473797858, "p90": 0.127971440786496,