{
    "latency_based": {
        "qps": [
            2,
            3,
            4,
            5
        ],
        "p50": [
            5.2694091796875,
            5.788390040397644,
            7.613229513168335,
            13.321666479110718
        ],
        "p90": [
            19.86057448387146,
            31.617915821075446,
            120.64647698402405,
            194.6521349906922
        ],
        "p95": [
            25.219691157341003,
            36.7840979218483,
            152.4130140542984,
            246.32890815734865
        ],
        "p99": [
            32.5372944355011,
            43.735942175388324,
            178.8788241147995,
            275.58791440010066
        ],
        "slo_attainment": [
            63.45177664974619,
            57.88834951456311,
            57.37392959086585,
            34.43396226415094
        ]
    },
    "least_loaded": {
        "qps": [
            2,
            3,
            4,
            5
        ],
        "p50": [
            3.372389554977417,
            4.092677116394043,
            6.492288589477539,
            13.630139112472534
        ],
        "p90": [
            10.370891571044922,
            11.524005270004272,
            17.704620122909546,
            29.23831391334534
        ],
        "p95": [
            11.305337309837341,
            12.868926668167111,
            19.999945044517517,
            33.56751229763031
        ],
        "p99": [
            13.073759269714362,
            15.69214367866516,
            25.568557739257812,
            40.89785367965698
        ],
        "slo_attainment": [
            87.9864636209814,
            84.24242424242424,
            69.07706945765936,
            29.176470588235293
        ]
    },
    "sla_elrar": {
        "qps": [
            2,
            3,
            4,
            5
        ],
        "p50": [
            3.0871670246124268,
            4.133973479270935,
            5.933563470840454,
            10.965479850769043
        ],
        "p90": [
            7.289648771286011,
            10.724913716316223,
            17.475112271308898,
            26.688919806480413
        ],
        "p95": [
            8.430319547653198,
            11.992779910564423,
            20.556073808670018,
            36.05941278934478
        ],
        "p99": [
            10.148072457313537,
            13.386741936206818,
            25.26315411806107,
            50.79722731113433
        ],
        "slo_attainment": [
            98.81556683587141,
            87.65133171912834,
            70.30360531309297,
            45.368916797488225
        ]
    },
    "weight_based": {
        "qps": [
            2,
            3,
            4,
            5
        ],
        "p50": [
            3.220698118209839,
            4.172051668167114,
            6.3383694887161255,
            11.871653437614441
        ],
        "p90": [
            8.571717500686646,
            13.737332391738892,
            16.55004026889801,
            47.331646418571474
        ],
        "p95": [
            10.420503497123718,
            17.788493633270246,
            19.978986430168135,
            54.47916127443313
        ],
        "p99": [
            12.533653354644782,
            25.863781690597534,
            25.496720988750482,
            61.74776126861572
        ],
        "slo_attainment": [
            93.57021996615906,
            80.84848484848484,
            73.00380228136882,
            41.287284144427
        ]
    }
}