{"actual_qps": 3.7201842597873696, "success_rate": 100.0, "input_tokens": 4077, "output_tokens": 177, "model": "meta-llama/Llama-3.1-8B-Instruct", "input_tokens_per_minute": 869423.005159136, "output_tokens_per_minute": 37752.56273204579, "Latency": {"unit": "s", "min": 0.7165583589812741, "p50": 6.863944319949951, "p90": 13.663886923494283, "p95": 14.834099447447805, "p99": 16.917139569119325, "max": 17.572578003979288}, "Throughput": {"unit": "tokens/s", "min": 3.8708470014064313, "p50": 22.572270582437238, "p90": 81.45657497059523, "p95": 88.47511652269762, "p99": 100.89277760793298, "max": 118.3827590665262}, "TTFT": {"unit": "s", "min": 0.08098354400135577, "p50": 1.4219577364856377, "p90": 5.677700086904224, "p95": 8.682717107643832, "p99": 12.585797488082907, "max": 14.498630751972087}, "TPOT": {"unit": "ms", "min": 7.336783749956845, "p50": 25.157612876851935, "p90": 50.05389156794625, "p95": 51.42913523683531, "p99": 56.55011492831861, "max": 57.32377147411599}, "Input Tokens per Minute": {"unit": "tokens/min", "min": 869423.005159136, "p50": 869423.005159136, "p90": 869423.005159136, "p95": 869423.005159136, "p99": 869423.005159136, "max": 869423.005159136}, "Output Tokens per Minute": {"unit": "tokens/min", "min": 37752.56273204579, "p50": 37752.56273204579, "p90": 37752.56273204579, "p95": 37752.56273204579, "p99": 37752.56273204579, "max": 37752.56273204579}}
{"actual_qps": 3.2947884351568253, "success_rate": 100.0, "input_tokens": 4064, "output_tokens": 178, "model": "meta-llama/Llama-3.1-8B-Instruct", "input_tokens_per_minute": 695521.9705101189, "output_tokens_per_minute": 30605.14224633137, "Latency": {"unit": "s", "min": 0.36505112797021866, "p50": 2.829644469486084, "p90": 13.383897328085732, "p95": 14.455660271050872, "p99": 16.415546888274854, "max": 17.85536023590248}, "Throughput": {"unit": "tokens/s", "min": 5.760424431432145, "p50": 46.54838803354201, "p90": 93.34408314703339, "p95": 98.2338175828266, "p99": 118.75876543234068, "max": 119.40842090651775}, "TTFT": {"unit": "s", "min": 0.10435889195650816, "p50": 0.7028064514743164, "p90": 4.758293690229767, "p95": 6.79207421839237, "p99": 10.995246969801379, "max": 12.807133899070323}, "TPOT": {"unit": "ms", "min": 7.375968588005994, "p50": 12.562912219168876, "p90": 55.1698123691627, "p95": 58.654417349315914, "p99": 77.88683438599732, "max": 131.6475035423147}, "Input Tokens per Minute": {"unit": "tokens/min", "min": 695521.9705101189, "p50": 695521.9705101189, "p90": 695521.9705101189, "p95": 695521.9705101189, "p99": 695521.9705101189, "max": 695521.9705101189}, "Output Tokens per Minute": {"unit": "tokens/min", "min": 30605.14224633137, "p50": 30605.14224633137, "p90": 30605.14224633137, "p95": 30605.14224633137, "p99": 30605.14224633137, "max": 30605.14224633137}}
{"actual_qps": 3.426417224297188, "success_rate": 100.0, "input_tokens": 4225, "output_tokens": 181, "model": "meta-llama/Llama-3.1-8B-Instruct", "input_tokens_per_minute": 947527.0604096302, "output_tokens_per_minute": 40807.184168087115, "Latency": {"unit": "s", "min": 0.6234487490728498, "p50": 4.225610551016871, "p90": 14.959528431552462, "p95": 20.544077089021446, "p99": 22.27647367920377, "max": 23.15848296007607}, "Throughput": {"unit": "tokens/s", "min": 1.219579377762848, "p50": 34.99504933994297, "p90": 86.8562545169077, "p95": 94.19215760234837, "p99": 101.66503721035434, "max": 123.31013121663761}, "TTFT": {"unit": "s", "min": 0.10218430706299841, "p50": 1.1004737969487906, "p90": 7.305988148623147, "p95": 11.465194929263061, "p99": 17.297912697200662, "max": 20.098069399944507}, "TPOT": {"unit": "ms", "min": 7.496876215641785, "p50": 17.02144092455478, "p90": 53.651933846398535, "p95": 54.20509578166389, "p99": 56.60586529584437, "max": 60.04461988858464}, "Input Tokens per Minute": {"unit": "tokens/min", "min": 947527.0604096302, "p50": 947527.0604096302, "p90": 947527.0604096302, "p95": 947527.0604096302, "p99": 947527.0604096302, "max": 947527.0604096302}, "Output Tokens per Minute": {"unit": "tokens/min", "min": 40807.184168087115, "p50": 40807.184168087115, "p90": 40807.184168087115, "p95": 40807.184168087115, "p99": 40807.184168087115, "max": 40807.184168087115}}
{"actual_qps": 3.4249346961380596, "success_rate": 100.0, "input_tokens": 4276, "output_tokens": 169, "model": "meta-llama/Llama-3.1-8B-Instruct", "input_tokens_per_minute": 878774.0050194142, "output_tokens_per_minute": 34810.446310642634, "Latency": {"unit": "s", "min": 0.46745066007133573, "p50": 4.3392093140864745, "p90": 14.327660635788925, "p95": 16.208703642059117, "p99": 18.306223793695676, "max": 18.681890968000516}, "Throughput": {"unit": "tokens/s", "min": 4.230096635437374, "p50": 36.482066537435685, "p90": 91.03022668648198, "p95": 98.56239809042567, "p99": 106.38015994552315, "max": 115.42925023298224}, "TTFT": {"unit": "s", "min": 0.07341638102661818, "p50": 0.9621333349496126, "p90": 6.410846592835152, "p95": 8.327728684269822, "p99": 11.365236009862251, "max": 13.611785302986391}, "TPOT": {"unit": "ms", "min": 7.827993195700511, "p50": 18.54692465840984, "p90": 47.99453446140803, "p95": 55.793820114797164, "p99": 58.4543700209449, "max": 59.17823194975417}, "Input Tokens per Minute": {"unit": "tokens/min", "min": 878774.0050194142, "p50": 878774.0050194142, "p90": 878774.0050194142, "p95": 878774.0050194142, "p99": 878774.0050194142, "max": 878774.0050194142}, "Output Tokens per Minute": {"unit": "tokens/min", "min": 34810.446310642634, "p50": 34810.446310642634, "p90": 34810.446310642634, "p95": 34810.446310642634, "p99": 34810.446310642634, "max": 34810.446310642634}}
{"actual_qps": 3.3460050689525893, "success_rate": 100.0, "input_tokens": 4107, "output_tokens": 177, "model": "meta-llama/Llama-3.1-8B-Instruct", "input_tokens_per_minute": 755222.6813694669, "output_tokens_per_minute": 32577.519986739422, "Latency": {"unit": "s", "min": 0.7638449399964884, "p50": 4.760171744041145, "p90": 12.999030828871765, "p95": 13.432203037652652, "p99": 14.841159301949663, "max": 15.701601670007221}, "Throughput": {"unit": "tokens/s", "min": 3.944504548687983, "p50": 33.47941957008894, "p90": 92.03861594674727, "p95": 98.8834901777607, "p99": 106.22259671770867, "max": 119.78086814460859}, "TTFT": {"unit": "s", "min": 0.03937566000968218, "p50": 1.0713831150205806, "p90": 3.9697384386090566, "p95": 4.86069666808471, "p99": 9.907233629003152, "max": 11.445339214988053}, "TPOT": {"unit": "ms", "min": 7.708865763671022, "p50": 17.674351728816127, "p90": 51.66899404317684, "p95": 54.81908809745815, "p99": 56.211662724309065, "max": 101.98954929497135}, "Input Tokens per Minute": {"unit": "tokens/min", "min": 755222.6813694669, "p50": 755222.6813694669, "p90": 755222.6813694669, "p95": 755222.6813694669, "p99": 755222.6813694669, "max": 755222.6813694669}, "Output Tokens per Minute": {"unit": "tokens/min", "min": 32577.519986739422, "p50": 32577.519986739422, "p90": 32577.519986739422, "p95": 32577.519986739422, "p99": 32577.519986739422, "max": 32577.519986739422}}
{"actual_qps": 3.6393627467369263, "success_rate": 100.0, "input_tokens": 4231, "output_tokens": 170, "model": "meta-llama/Llama-3.1-8B-Instruct", "input_tokens_per_minute": 981931.0715974106, "output_tokens_per_minute": 39460.16387371543, "Latency": {"unit": "s", "min": 0.39402532298117876, "p50": 3.2083730319864117, "p90": 15.099060974549502, "p95": 16.744986700592563, "p99": 19.719856774777874, "max": 20.08992087689694}, "Throughput": {"unit": "tokens/s", "min": 1.3340772323753491, "p50": 34.29119517662282, "p90": 93.34215976497997, "p95": 102.61209326419986, "p99": 111.24952873927108, "max": 123.27133950804404}, "TTFT": {"unit": "s", "min": 0.030121427960693836, "p50": 0.6461843444849364, "p90": 7.455218500515912, "p95": 10.696446243033279, "p99": 12.151603164081463, "max": 13.865185886970721}, "TPOT": {"unit": "ms", "min": 7.690533000076639, "p50": 15.165862836624488, "p90": 52.690991039923745, "p95": 54.85608777253741, "p99": 57.531058280605905,