{"actual_qps": 6.511673640998424, "success_rate": 100.0, "input_tokens": 4198, "output_tokens": 172, "model": "meta-llama/Llama-3.1-8B-Instruct", "input_tokens_per_minute": 1357220.8650734995, "output_tokens_per_minute": 55910.81648229658, "Latency": {"unit": "s", "min": 1.0922882469603792, "p50": 7.520920571521856, "p90": 21.96672926848987, "p95": 24.522299076255877, "p99": 30.719623997283634, "max": 33.62837347004097}, "Throughput": {"unit": "tokens/s", "min": 0.7806750829176864, "p50": 23.075545165998182, "p90": 51.75985916090738, "p95": 61.37769679562021, "p99": 95.99642159002323, "max": 101.43483314440257}, "TTFT": {"unit": "s", "min": 0.15526481403503567, "p50": 2.3632090684841387, "p90": 13.381551076483447, "p95": 18.772355093504302, "p99": 23.722227129503153, "max": 26.14816557103768}, "TPOT": {"unit": "ms", "min": 7.682614151924623, "p50": 26.901291894501814, "p90": 54.636468192583244, "p95": 55.82301801520437, "p99": 57.984317246141565, "max": 64.50623351747146}, "Input Tokens per Minute": {"unit": "tokens/min", "min": 1357220.8650734995, "p50": 1357220.8650734995, "p90": 1357220.8650734995, "p95": 1357220.8650734995, "p99": 1357220.8650734995, "max": 1357220.8650734995}, "Output Tokens per Minute": {"unit": "tokens/min", "min": 55910.81648229658, "p50": 55910.81648229658, "p90": 55910.81648229658, "p95": 55910.81648229658, "p99": 55910.81648229658, "max": 55910.81648229658}}
{"actual_qps": 6.116949615655035, "success_rate": 100.0, "input_tokens": 4246, "output_tokens": 178, "model": "meta-llama/Llama-3.1-8B-Instruct", "input_tokens_per_minute": 1515881.925109041, "output_tokens_per_minute": 63885.46817075992, "Latency": {"unit": "s", "min": 1.1487034340389073, "p50": 7.982394138991367, "p90": 32.385596849024296, "p95": 40.10811278613401, "p99": 48.48542790766923, "max": 50.14861727494281}, "Throughput": {"unit": "tokens/s", "min": 0.4723226061043282, "p50": 21.35406781769821, "p90": 58.34458727480411, "p95": 68.33750185781199, "p99": 82.02448480056826, "max": 96.85518737127951}, "TTFT": {"unit": "s", "min": 0.12225431902334094, "p50": 2.7829063405515626, "p90": 23.593415500712585, "p95": 29.96724814147457, "p99": 41.24585778363052, "max": 43.71044737799093}, "TPOT": {"unit": "ms", "min": 6.434812492150213, "p50": 28.99097515554744, "p90": 55.85565633890737, "p95": 58.041391764467946, "p99": 60.56918737632995, "max": 76.48549600066069}, "Input Tokens per Minute": {"unit": "tokens/min", "min": 1515881.925109041, "p50": 1515881.925109041, "p90": 1515881.925109041, "p95": 1515881.925109041, "p99": 1515881.925109041, "max": 1515881.925109041}, "Output Tokens per Minute": {"unit": "tokens/min", "min": 63885.46817075992, "p50": 63885.46817075992, "p90": 63885.46817075992, "p95": 63885.46817075992, "p99": 63885.46817075992, "max": 63885.46817075992}}
{"actual_qps": 5.809353288781629, "success_rate": 100.0, "input_tokens": 4272, "output_tokens": 176, "model": "meta-llama/Llama-3.1-8B-Instruct", "input_tokens_per_minute": 1531418.9255507917, "output_tokens_per_minute": 63369.0181293229, "Latency": {"unit": "s", "min": 0.6444811549736187, "p50": 7.268200530088507, "p90": 26.630919437715786, "p95": 37.233233560214245, "p99": 41.61158996975515, "max": 49.409616807010025}, "Throughput": {"unit": "tokens/s", "min": 0.6805394636095665, "p50": 20.94478339409854, "p90": 49.12505507028518, "p95": 62.771161087185995, "p99": 79.32755095171329, "max": 90.39763996282416}, "TTFT": {"unit": "s", "min": 0.07000497495755553, "p50": 2.3728477120166644, "p90": 19.623690436966722, "p95": 28.065606797393393, "p99": 32.912071227657144, "max": 43.07342909602448}, "TPOT": {"unit": "ms", "min": 5.748712497496575, "p50": 26.120865086405562, "p90": 55.511506242990784, "p95": 56.408117513762434, "p99": 59.43138280919135, "max": 90.77796376282897}, "Input Tokens per Minute": {"unit": "tokens/min", "min": 1531418.9255507917, "p50": 1531418.9255507917, "p90": 1531418.9255507917, "p95": 1531418.9255507917, "p99": 1531418.9255507917, "max": 1531418.9255507917}, "Output Tokens per Minute": {"unit": "tokens/min", "min": 63369.0181293229, "p50": 63369.0181293229, "p90": 63369.0181293229, "p95": 63369.0181293229, "p99": 63369.0181293229, "max": 63369.0181293229}}
{"actual_qps": 6.286227748919678, "success_rate": 100.0, "input_tokens": 4393, "output_tokens": 174, "model": "meta-llama/Llama-3.1-8B-Instruct", "input_tokens_per_minute": 1475428.533366022, "output_tokens_per_minute": 58720.91721345941, "Latency": {"unit": "s", "min": 0.5697282010223716, "p50": 9.597364227985963, "p90": 31.14757466199808, "p95": 44.59250125603285, "p99": 52.747061274363666, "max": 54.951874434016645}, "Throughput": {"unit": "tokens/s", "min": 0.6383358555912801, "p50": 18.79934092112193, "p90": 57.03360313157473, "p95": 65.09432806667849, "p99": 87.33655940479565, "max": 93.73998612415566}, "TTFT": {"unit": "s", "min": 0.17316262202803046, "p50": 3.399248040979728, "p90": 21.327072381973267, "p95": 36.16111089405604, "p99": 43.226347005669986, "max": 47.5296211510431}, "TPOT": {"unit": "ms", "min": 7.050841974782472, "p50": 31.52733278898382, "p90": 56.660605671807936, "p95": 58.48532669882678, "p99": 64.96525133760387, "max": 73.17916061191892}, "Input Tokens per Minute": {"unit": "tokens/min", "min": 1475428.533366022, "p50": 1475428.533366022, "p90": 1475428.533366022, "p95": 1475428.533366022, "p99": 1475428.533366022, "max": 1475428.533366022}, "Output Tokens per Minute": {"unit": "tokens/min", "min": 58720.91721345941, "p50": 58720.91721345941, "p90": 58720.91721345941, "p95": 58720.91721345941, "p99": 58720.91721345941, "max": 58720.91721345941}}
{"actual_qps": 6.215608476257464, "success_rate": 100.0, "input_tokens": 4277, "output_tokens": 179, "model": "meta-llama/Llama-3.1-8B-Instruct", "input_tokens_per_minute": 1727046.6985338114, "output_tokens_per_minute": 72483.32443922742, "Latency": {"unit": "s", "min": 1.7447147639468312, "p50": 7.318033014016692, "p90": 32.7288901706459, "p95": 51.068102629785415, "p99": 59.696350951839705, "max": 60.941737378016114}, "Throughput": {"unit": "tokens/s", "min": 0.6391315057849631, "p50": 20.0275537214169, "p90": 46.8638766750277, "p95": 51.33227572255027, "p99": 65.47220444868952, "max": 72.29975337408509}, "TTFT": {"unit": "s", "min": 0.4088125970447436, "p50": 2.7741242595366202, "p90": 26.218202638893857, "p95": 42.098203279054694, "p99": 50.124037658305596, "max": 52.517843925976194}, "TPOT": {"unit": "ms", "min": 9.305094798732005, "p50": 25.40081922176583, "p90": 55.130375192287715, "p95": 55.71014396232042, "p99": 58.22492785031301, "max": 65.01606023735611}, "Input Tokens per Minute": {"unit": "tokens/min", "min": 1727046.6985338114, "p50": 1727046.6985338114, "p90": 1727046.6985338114, "p95": 1727046.6985338114, "p99": 1727046.6985338114, "max": 1727046.6985338114}, "Output Tokens per Minute": {"unit": "tokens/min", "min": 72483.32443922742, "p50": 72483.32443922742, "p90": 72483.32443922742, "p95": 72483.32443922742, "p99": 72483.32443922742, "max": 72483.32443922742}}
{"actual_qps": 6.244463502029905, "success_rate": 100.0, "input_tokens": 4235, "output_tokens": 177, "model": "meta-llama/Llama-3.1-8B-Instruct", "input_tokens_per_minute": 1730985.8490814373, "output_tokens_per_minute": 72379.92173735224, "Latency": {"unit": "s", "min": 0.884968313970603, "p50": 8.765456010005437, "p90": 27.155917434371077, "p95": 35.00746503835544, "p99": 39.401655241411646, "max": 40.42585343797691}, "Throughput": {"unit": "tokens/s", "min": 1.2279538585162364, "p50": 18.479686330718188, "p90": 39.780211835871846, "p95": 55.60119175855762, "p99": 77.96748658202743, "max": 82.74032768060606}, "TTFT": {"unit": "s", "min": 0.057810117956250906, "p50": 2.0922377669485286, "p90": 16.830964660597967, "p95": 27.135806256416227, "p99": 33.24071096436819, "max": 35.67168805398978}, "TPOT": {"unit": "ms", "min": 5.5770480539649725, "p50": 34.792786949646455, "p90": 53.537365054154776, "p95": 54.418925603035014, "p99": 55.37344972384233, "max": 56.19576296469729},