{"target_qps": 5.0, "actual_qps": 4.2659030399484, "success_rate": 100.0, "input_tokens": 264, "output_tokens": 299, "model": "meta-llama/Llama-3.1-8B-Instruct", "input_tokens_per_minute": 79240.09216589862, "output_tokens_per_minute": 89836.866359447, "Latency": {"unit": "s", "min": 2.3182077020173892, "p50": 2.8158279370400123, "p90": 5.223723991191946, "p95": 7.160618428199083, "p99": 23.48215896048816, "max": 25.30043061199831}, "Throughput": {"unit": "tokens/s", "min": 11.857505692323276, "p50": 106.54060074258616, "p90": 120.02843183064991, "p95": 123.88340313511945, "p99": 127.42387091293521, "max": 129.41031976510519}, "TTFT": {"unit": "s", "min": 0.026774488971568644, "p50": 0.1534522679867223, "p90": 0.4929680990171619, "p95": 0.6830235392437313, "p99": 2.5381329293106716, "max": 6.435466145048849}, "TPOT": {"unit": "ms", "min": 7.629066230698075, "p50": 8.42729511372527, "p90": 16.56054421803014, "p95": 21.43499667302276, "p99": 70.95302370959351, "max": 76.4517879162613}, "Input Tokens per Minute": {"unit": "tokens/min", "min": 79240.09216589862, "p50": 79240.09216589862, "p90": 79240.09216589862, "p95": 79240.09216589862, "p99": 79240.09216589862, "max": 79240.09216589862}, "Output Tokens per Minute": {"unit": "tokens/min", "min": 89836.866359447, "p50": 89836.866359447, "p90": 89836.866359447, "p95": 89836.866359447, "p99": 89836.866359447, "max": 89836.866359447}}
{"target_qps": 5.0, "actual_qps": 4.481573953742214, "success_rate": 100.0, "input_tokens": 200, "output_tokens": 297, "model": "meta-llama/Llama-3.1-8B-Instruct", "input_tokens_per_minute": 60220.36363636364, "output_tokens_per_minute": 89371.63636363637, "Latency": {"unit": "s", "min": 0.6650189410429448, "p50": 2.6731000849977136, "p90": 16.76032476041, "p95": 20.54810408299091, "p99": 35.318415191075765, "max": 37.15147263498511}, "Throughput": {"unit": "tokens/s", "min": 8.075050024194558, "p50": 112.06938734608529, "p90": 120.97931813472576, "p95": 122.91588359527775, "p99": 126.08424566651338, "max": 128.74796268252715}, "TTFT": {"unit": "s", "min": 0.024667873978614807, "p50": 0.1643344199983403, "p90": 0.46430816578213124, "p95": 0.7002136183960831, "p99": 7.840993379326499, "max": 26.546266318997368}, "TPOT": {"unit": "ms", "min": 7.477492013444694, "p50": 8.292562170592713, "p90": 50.04341951298857, "p95": 65.4957186564045, "p99": 111.32871412251603, "max": 116.90078651159534}, "Input Tokens per Minute": {"unit": "tokens/min", "min": 60220.36363636364, "p50": 60220.36363636364, "p90": 60220.36363636364, "p95": 60220.36363636364, "p99": 60220.36363636364, "max": 60220.36363636364}, "Output Tokens per Minute": {"unit": "tokens/min", "min": 89371.63636363637, "p50": 89371.63636363637, "p90": 89371.63636363637, "p95": 89371.63636363637, "p99": 89371.63636363637, "max": 89371.63636363637}}
{"target_qps": 5.0, "actual_qps": 4.501866115492248, "success_rate": 100.0, "input_tokens": 234, "output_tokens": 300, "model": "meta-llama/Llama-3.1-8B-Instruct", "input_tokens_per_minute": 70298.63013698629, "output_tokens_per_minute": 90000.0, "Latency": {"unit": "s", "min": 2.371161443996243, "p50": 2.655305041495012, "p90": 20.08346125500397, "p95": 28.2611316024675, "p99": 48.71471016271563, "max": 49.1794175709947}, "Throughput": {"unit": "tokens/s", "min": 6.100112909367508, "p50": 112.98137102602837, "p90": 118.88042350742624, "p95": 120.74909096394184, "p99": 124.08537458552249, "max": 126.52027585873454}, "TTFT": {"unit": "s", "min": 0.02987765398574993, "p50": 0.15548218099866062, "p90": 0.5780334161303485, "p95": 1.341189080697949, "p99": 8.295963698996312, "max": 25.498066452972125}, "TPOT": {"unit": "ms", "min": 7.616662986640411, "p50": 8.339971632160944, "p90": 60.025571573628454, "p95": 80.47169760842169, "p99": 153.49676603111263, "max": 160.89205612700252}, "Input Tokens per Minute": {"unit": "tokens/min", "min": 70298.63013698629, "p50": 70298.63013698629, "p90": 70298.63013698629, "p95": 70298.63013698629, "p99": 70298.63013698629, "max": 70298.63013698629}, "Output Tokens per Minute": {"unit": "tokens/min", "min": 90000.0, "p50": 90000.0, "p90": 90000.0, "p95": 90000.0, "p99": 90000.0, "max": 90000.0}}
{"target_qps": 5.0, "actual_qps": 4.027158506113305, "success_rate": 100.0, "input_tokens": 257, "output_tokens": 298, "model": "meta-llama/Llama-3.1-8B-Instruct", "input_tokens_per_minute": 77190.12875536481, "output_tokens_per_minute": 89654.9356223176, "Latency": {"unit": "s", "min": 0.8897557960008271, "p50": 2.6489733859780245, "p90": 15.463176717213354, "p95": 16.4589131998131, "p99": 29.586183537440377, "max": 31.031047840951942}, "Throughput": {"unit": "tokens/s", "min": 9.667736698342729, "p50": 113.25142094216902, "p90": 122.13647324673533, "p95": 123.85056479387913, "p99": 125.53008895891801, "max": 129.99302916279163}, "TTFT": {"unit": "s", "min": 0.01718603097833693, "p50": 0.09302477998426184, "p90": 0.5495255498099146, "p95": 1.5479351580026548, "p99": 7.0086649296223245, "max": 12.838688178977463}, "TPOT": {"unit": "ms", "min": 7.66096998669556, "p50": 8.312530404643583, "p90": 47.79013026560997, "p95": 53.56721609035027, "p99": 92.27128250104687, "max": 95.0173493145722}, "Input Tokens per Minute": {"unit": "tokens/min", "min": 77190.12875536481, "p50": 77190.12875536481, "p90": 77190.12875536481, "p95": 77190.12875536481, "p99": 77190.12875536481, "max": 77190.12875536481}, "Output Tokens per Minute": {"unit": "tokens/min", "min": 89654.9356223176, "p50": 89654.9356223176, "p90": 89654.9356223176, "p95": 89654.9356223176, "p99": 89654.9356223176, "max": 89654.9356223176}}
{"target_qps": 5.0, "actual_qps": 5.882465277255926, "success_rate": 100.0, "input_tokens": 198, "output_tokens": 298, "model": "meta-llama/Llama-3.1-8B-Instruct", "input_tokens_per_minute": 70832.7190100884, "output_tokens_per_minute": 106574.28552224812, "Latency": {"unit": "s", "min": 1.3453149679698981, "p50": 2.533438891492551, "p90": 9.194226658524713, "p95": 17.233921861989074, "p99": 47.657351764320666, "max": 52.013187291973736}, "Throughput": {"unit": "tokens/s", "min": 1.82494467905337, "p50": 118.39291450490205, "p90": 123.74028909209801, "p95": 125.36103824845303, "p99": 127.00574335310105, "max": 127.3982843825919}, "TTFT": {"unit": "s", "min": 0.015376807015854865, "p50": 0.029227545514004305, "p90": 0.12133700450067408, "p95": 0.2613549442321528, "p99": 6.608421553619023, "max": 10.948952946986537}, "TPOT": {"unit": "ms", "min": 7.467009936596414, "p50": 8.36075797985015, "p90": 19.45584950831183, "p95": 56.496802988239445, "p99": 158.22316659560914, "max": 554.2070670510183}, "Input Tokens per Minute": {"unit": "tokens/min", "min": 70832.7190100884, "p50": 70832.7190100884, "p90": 70832.7190100884, "p95": 70832.7190100884, "p99": 70832.7190100884, "max": 70832.7190100884}, "Output Tokens per Minute": {"unit": "tokens/min", "min": 106574.28552224812, "p50": 106574.28552224812, "p90": 106574.28552224812, "p95": 106574.28552224812, "p99": 106574.28552224812, "max": 106574.28552224812}}
{"target_qps": 5.0, "actual_qps": 4.898549293072609, "success_rate": 100.0, "input_tokens": 271, "output_tokens": 298, "model": "meta-llama/Llama-3.1-8B-Instruct", "input_tokens_per_minute": 81442.60563380281, "output_tokens_per_minute": 89680.98591549296, "Latency": {"unit": "s", "min": 0.4803223449853249, "p50": 2.655055048002396, "p90": 16.436589413980265, "p95": 34.77332764798484, "p99": 42.52094428193706, "max": 57.04521822097013}, "Throughput": {"unit": "tokens/s", "min": 5.258985930037487, "p50": 112.98392515269268, "p90": 122.92540529746142, "p95": 125.35966565358228, "p99": 129.28877511939783, "max": 130.4423913699342}, "TTFT": {"unit": "s", "min": 0.015656466013751924, "p50": 0.03626437648199499, "p90": 0.29667737601557753, "p95": 2.1635139292164074, "p99": 11.216021515758497, "max": 25.5682101790444}, "TPOT": {"unit": "ms", "min": 7.423950735725662, "p50": 8.7008309916766, "p90": 48.61648656481603, "p95": 114.8379466016729, "p99": 133.0971750071472,