{"target_qps": 5.0, "actual_qps": 4.93099996877747, "success_rate": 100.0, "input_tokens": 159, "output_tokens": 350, "model": "meta-llama/Llama-3.1-8B-Instruct", "input_tokens_per_minute": 47811.25, "output_tokens_per_minute": 105000.0, "Latency": {"unit": "s", "min": 2.7213083340320736, "p50": 2.8982839949894696, "p90": 12.659952883841466, "p95": 20.88297128442208, "p99": 37.97793234578217, "max": 38.24423969502095}, "Throughput": {"unit": "tokens/s", "min": 9.151705009462296, "p50": 120.76111293167307, "p90": 124.53189874763895, "p95": 126.17798389444627, "p99": 127.0589576720562, "max": 128.6146062991019}, "TTFT": {"unit": "s", "min": 0.015979813993908465, "p50": 0.03118729597190395, "p90": 0.128856992983492, "p95": 0.3768547280720667, "p99": 0.8692354899726329, "max": 32.5028252209886}, "TPOT": {"unit": "ms", "min": 7.741351083206562, "p50": 8.207278024357873, "p90": 35.8675625352696, "p95": 51.32398356661522, "p99": 107.07975699297782, "max": 108.6080576016976}, "Input Tokens per Minute": {"unit": "tokens/min", "min": 47811.25, "p50": 47811.25, "p90": 47811.25, "p95": 47811.25, "p99": 47811.25, "max": 47811.25}, "Output Tokens per Minute": {"unit": "tokens/min", "min": 105000.0, "p50": 105000.0, "p90": 105000.0, "p95": 105000.0, "p99": 105000.0, "max": 105000.0}}
{"target_qps": 5.0, "actual_qps": 5.325236187632621, "success_rate": 100.0, "input_tokens": 166, "output_tokens": 348, "model": "meta-llama/Llama-3.1-8B-Instruct", "input_tokens_per_minute": 59506.518951438986, "output_tokens_per_minute": 125081.8101932088, "Latency": {"unit": "s", "min": 0.45208413898944855, "p50": 3.0987453520065174, "p90": 16.951804895186786, "p95": 25.254994908708593, "p99": 40.84675266692299, "max": 41.29519793600775}, "Throughput": {"unit": "tokens/s", "min": 8.475561747939077, "p50": 112.90734685083874, "p90": 122.64350281529353, "p95": 123.4973288024153, "p99": 125.51660752537643, "max": 130.17250620863865}, "TTFT": {"unit": "s", "min": 0.017511255980934948, "p50": 0.03611812996678054, "p90": 0.21192175218602638, "p95": 0.7473637407936589, "p99": 10.33302620781599, "max": 35.88309894199483}, "TPOT": {"unit": "ms", "min": 5.1330408663488925, "p50": 8.76036370496658, "p90": 36.94005044704876, "p95": 71.35697369729596, "p99": 101.12920944083602, "max": 114.36286960467616}, "Input Tokens per Minute": {"unit": "tokens/min", "min": 59506.518951438986, "p50": 59506.518951438986, "p90": 59506.518951438986, "p95": 59506.518951438986, "p99": 59506.518951438986, "max": 59506.518951438986}, "Output Tokens per Minute": {"unit": "tokens/min", "min": 125081.8101932088, "p50": 125081.8101932088, "p90": 125081.8101932088, "p95": 125081.8101932088, "p99": 125081.8101932088, "max": 125081.8101932088}}
{"target_qps": 5.0, "actual_qps": 4.287976442835373, "success_rate": 100.0, "input_tokens": 79, "output_tokens": 348, "model": "meta-llama/Llama-3.1-8B-Instruct", "input_tokens_per_minute": 23800.42372881356, "output_tokens_per_minute": 104475.0, "Latency": {"unit": "s", "min": 2.1206332789734006, "p50": 2.9277998974721413, "p90": 16.3340652550105, "p95": 23.689945009260555, "p99": 47.035983692959434, "max": 55.903649388987105}, "Throughput": {"unit": "tokens/s", "min": 5.804748670339499, "p50": 119.45539780380989, "p90": 125.08444400873039, "p95": 126.80905337911825, "p99": 128.75953865402738, "max": 129.31709024249895}, "TTFT": {"unit": "s", "min": 0.015855585981626064, "p50": 0.02698347601108253, "p90": 0.0590898665250279, "p95": 0.10049196374893654, "p99": 0.9001969420438402, "max": 12.803198754030745}, "TPOT": {"unit": "ms", "min": 7.6777991576235, "p50": 8.294095146138872, "p90": 41.94142554725192, "p95": 67.75925818345885, "p99": 145.34002648865646, "max": 171.89551984164407}, "Input Tokens per Minute": {"unit": "tokens/min", "min": 23800.42372881356, "p50": 23800.42372881356, "p90": 23800.42372881356, "p95": 23800.42372881356, "p99": 23800.42372881356, "max": 23800.42372881356}, "Output Tokens per Minute": {"unit": "tokens/min", "min": 104475.0, "p50": 104475.0, "p90": 104475.0, "p95": 104475.0, "p99": 104475.0, "max": 104475.0}}
{"target_qps": 5.0, "actual_qps": 4.535247815453373, "success_rate": 100.0, "input_tokens": 81, "output_tokens": 349, "model": "meta-llama/Llama-3.1-8B-Instruct", "input_tokens_per_minute": 24436.294483835492, "output_tokens_per_minute": 105025.90991615028, "Latency": {"unit": "s", "min": 2.378878228017129, "p50": 2.936784268997144, "p90": 28.976070333423678, "p95": 69.06088736798843, "p99": 96.25850114065456, "max": 96.4497011139756}, "Throughput": {"unit": "tokens/s", "min": 3.628834469755395, "p50": 119.02868692707918, "p90": 124.34703654070617, "p95": 126.15649531850065, "p99": 128.25585651449734, "max": 128.68264943936668}, "TTFT": {"unit": "s", "min": 0.01696760399499908, "p50": 0.02907375298673287, "p90": 0.1389148610061971, "p95": 0.3911387409782036, "p99": 2.0773112017381705, "max": 91.42533454601653}, "TPOT": {"unit": "ms", "min": 7.737561074495155, "p50": 8.33364576218052, "p90": 72.52815630721237, "p95": 186.13976222288815, "p99": 274.68954188638446, "max": 275.7673047707793}, "Input Tokens per Minute": {"unit": "tokens/min", "min": 24436.294483835492, "p50": 24436.294483835492, "p90": 24436.294483835492, "p95": 24436.294483835492, "p99": 24436.294483835492, "max": 24436.294483835492}, "Output Tokens per Minute": {"unit": "tokens/min", "min": 105025.90991615028, "p50": 105025.90991615028, "p90": 105025.90991615028, "p95": 105025.90991615028, "p99": 105025.90991615028, "max": 105025.90991615028}}
{"target_qps": 5.0, "actual_qps": 4.584512067313837, "success_rate": 100.0, "input_tokens": 125, "output_tokens": 349, "model": "meta-llama/Llama-3.1-8B-Instruct", "input_tokens_per_minute": 37631.55737704918, "output_tokens_per_minute": 104851.22950819672, "Latency": {"unit": "s", "min": 2.298281389987096, "p50": 3.0297213754965924, "p90": 19.98497894522152, "p95": 29.777911345337632, "p99": 57.55550744158623, "max": 57.67592094501015}, "Throughput": {"unit": "tokens/s", "min": 6.068390313761958, "p50": 115.52218434109568, "p90": 123.09645487260713, "p95": 124.48541099461666, "p99": 127.47770445762218, "max": 128.6829632113179}, "TTFT": {"unit": "s", "min": 0.01577403099508956, "p50": 0.032164238014956936, "p90": 0.35073648331454055, "p95": 1.14617965753423, "p99": 23.70942480963536, "max": 52.43421404995024}, "TPOT": {"unit": "ms", "min": 7.732664507127935, "p50": 8.520899395382347, "p90": 54.37546447910142, "p95": 71.5137593604689, "p99": 156.8287462927217, "max": 161.90453633525274}, "Input Tokens per Minute": {"unit": "tokens/min", "min": 37631.55737704918, "p50": 37631.55737704918, "p90": 37631.55737704918, "p95": 37631.55737704918, "p99": 37631.55737704918, "max": 37631.55737704918}, "Output Tokens per Minute": {"unit": "tokens/min", "min": 104851.22950819672, "p50": 104851.22950819672, "p90": 104851.22950819672, "p95": 104851.22950819672, "p99": 104851.22950819672, "max": 104851.22950819672}}
{"target_qps": 5.0, "actual_qps": 4.548711954345965, "success_rate": 100.0, "input_tokens": 116, "output_tokens": 349, "model": "meta-llama/Llama-3.1-8B-Instruct", "input_tokens_per_minute": 35021.476510067114, "output_tokens_per_minute": 104728.18791946309, "Latency": {"unit": "s", "min": 1.725957608956378, "p50": 2.98824585400871, "p90": 24.572292241989636, "p95": 27.500892863442992, "p99": 34.6559302821051, "max": 34.91217891400447}, "Throughput": {"unit": "tokens/s", "min": 10.025154856765557, "p50": 117.1255709123435, "p90": 122.78289992136663, "p95": 124.0388745815835, "p99": 129.89724246645082, "max": 130.96902496462437}, "TTFT": {"unit": "s", "min": 0.016683112015016377, "p50": 0.0323001935321372, "p90": 0.2937425379001072, "p95": 1.3854251678654672, "p99": 19.649993501279337, "max": 30.05318082595477}, "TPOT": {"unit": "ms", "min": 7.609468484150624, "p50": 8.464830184777675, "p90": 61.342740043871686, "p95": 70.20880589129057, "p99": 95.86612332001512, "max": 98.41942569633872}, "Input Tokens per Minute": {"unit": "tokens/min",