{"target_qps": 4.0, "actual_qps": 3.995335416135408, "success_rate": 100.0, "input_tokens": 4174, "output_tokens": 175, "model": "meta-llama/Llama-3.1-8B-Instruct", "input_tokens_per_minute": 1001763.2286995515, "output_tokens_per_minute": 42138.83408071749, "Latency": {"unit": "s", "min": 0.6969570749788545, "p50": 3.268073257000651, "p90": 8.086800044798295, "p95": 9.394165182870344, "p99": 12.253321141105845, "max": 13.616508254955988}, "Throughput": {"unit": "tokens/s", "min": 2.2120233820272226, "p50": 56.428732126680664, "p90": 73.72275706838019, "p95": 77.09628325204902, "p99": 82.06458870122228, "max": 83.28775945144598}, "TTFT": {"unit": "s", "min": 0.04961262899450958, "p50": 0.5312809119932353, "p90": 1.8908023251802675, "p95": 2.489525980007597, "p99": 3.615430681874277, "max": 4.684798552014399}, "TPOT": {"unit": "ms", "min": 9.908564600239817, "p50": 14.637507296438756, "p90": 32.00455247734594, "p95": 41.29803712370374, "p99": 60.113101915143965, "max": 250.49254858715682}, "Input Tokens per Minute": {"unit": "tokens/min", "min": 1001763.2286995515, "p50": 1001763.2286995515, "p90": 1001763.2286995515, "p95": 1001763.2286995515, "p99": 1001763.2286995515, "max": 1001763.2286995515}, "Output Tokens per Minute": {"unit": "tokens/min", "min": 42138.83408071749, "p50": 42138.83408071749, "p90": 42138.83408071749, "p95": 42138.83408071749, "p99": 42138.83408071749, "max": 42138.83408071749}}
{"target_qps": 4.0, "actual_qps": 3.9953548458377615, "success_rate": 100.0, "input_tokens": 4177, "output_tokens": 180, "model": "meta-llama/Llama-3.1-8B-Instruct", "input_tokens_per_minute": 1002683.4080717488, "output_tokens_per_minute": 43262.421524663674, "Latency": {"unit": "s", "min": 0.4972518519498408, "p50": 3.1678947449545376, "p90": 8.238436927599833, "p95": 9.657678425504125, "p99": 12.792784111785004, "max": 13.353815537004266}, "Throughput": {"unit": "tokens/s", "min": 2.2692234181396893, "p50": 60.20918470345575, "p90": 76.77283860417839, "p95": 79.2954660660072, "p99": 81.84113723604354, "max": 84.1043039622025}, "TTFT": {"unit": "s", "min": 0.05530057498253882, "p50": 0.3015675590140745, "p90": 1.7235717607778498, "p95": 2.3679968489566785, "p99": 3.605415505000856, "max": 4.468322390981484}, "TPOT": {"unit": "ms", "min": 10.589195347046886, "p50": 14.652594916697126, "p90": 30.877925669918547, "p95": 52.71695038700346, "p99": 60.99888772509487, "max": 251.49868194164486}, "Input Tokens per Minute": {"unit": "tokens/min", "min": 1002683.4080717488, "p50": 1002683.4080717488, "p90": 1002683.4080717488, "p95": 1002683.4080717488, "p99": 1002683.4080717488, "max": 1002683.4080717488}, "Output Tokens per Minute": {"unit": "tokens/min", "min": 43262.421524663674, "p50": 43262.421524663674, "p90": 43262.421524663674, "p95": 43262.421524663674, "p99": 43262.421524663674, "max": 43262.421524663674}}
{"target_qps": 4.0, "actual_qps": 3.9987734372982664, "success_rate": 100.0, "input_tokens": 4223, "output_tokens": 176, "model": "meta-llama/Llama-3.1-8B-Instruct", "input_tokens_per_minute": 1025003.3010095389, "output_tokens_per_minute": 42764.07262660534, "Latency": {"unit": "s", "min": 0.32271600398235023, "p50": 3.184459570038598, "p90": 6.397427953581792, "p95": 8.52082216928247, "p99": 10.397761222820261, "max": 11.41996306902729}, "Throughput": {"unit": "tokens/s", "min": 4.791225212160226, "p50": 58.86412294245518, "p90": 76.94004334464374, "p95": 80.87376159135347, "p99": 87.63766692836536, "max": 90.02505213956272}, "TTFT": {"unit": "s", "min": 0.07861320103984326, "p50": 0.49223614804213867, "p90": 1.6074083718121988, "p95": 2.434299418295264, "p99": 3.5111901465721846, "max": 5.783778018027078}, "TPOT": {"unit": "ms", "min": 8.490779500183029, "p50": 14.227826974878845, "p90": 25.917855577002836, "p95": 35.122183006257984, "p99": 44.23938147462179, "max": 48.90650899752098}, "Input Tokens per Minute": {"unit": "tokens/min", "min": 1025003.3010095389, "p50": 1025003.3010095389, "p90": 1025003.3010095389, "p95": 1025003.3010095389, "p99": 1025003.3010095389, "max": 1025003.3010095389}, "Output Tokens per Minute": {"unit": "tokens/min", "min": 42764.07262660534, "p50": 42764.07262660534, "p90": 42764.07262660534, "p95": 42764.07262660534, "p99": 42764.07262660534, "max": 42764.07262660534}}
{"target_qps": 4.0, "actual_qps": 3.9961076948657, "success_rate": 100.0, "input_tokens": 4219, "output_tokens": 170, "model": "meta-llama/Llama-3.1-8B-Instruct", "input_tokens_per_minute": 1028449.2850606554, "output_tokens_per_minute": 41527.71826763769, "Latency": {"unit": "s", "min": 0.2796391180017963, "p50": 2.883068721013842, "p90": 6.939024946501014, "p95": 8.345220301224616, "p99": 10.274556349373889, "max": 10.81158143299399}, "Throughput": {"unit": "tokens/s", "min": 2.9702101745851612, "p50": 61.063169921865416, "p90": 79.56160384340144, "p95": 84.08822443376093, "p99": 87.44882883660281, "max": 88.07660739000907}, "TTFT": {"unit": "s", "min": 0.05647117301123217, "p50": 0.2832244235323742, "p90": 1.6179332387924668, "p95": 2.4978351900965197, "p99": 3.5042090346716575, "max": 5.580972168012522}, "TPOT": {"unit": "ms", "min": 9.962082877414437, "p50": 14.318416134881947, "p90": 27.06511745461423, "p95": 32.3482922921115, "p99": 44.11259272349905, "max": 45.169594532683796}, "Input Tokens per Minute": {"unit": "tokens/min", "min": 1028449.2850606554, "p50": 1028449.2850606554, "p90": 1028449.2850606554, "p95": 1028449.2850606554, "p99": 1028449.2850606554, "max": 1028449.2850606554}, "Output Tokens per Minute": {"unit": "tokens/min", "min": 41527.71826763769, "p50": 41527.71826763769, "p90": 41527.71826763769, "p95": 41527.71826763769, "p99": 41527.71826763769, "max": 41527.71826763769}}
{"target_qps": 4.0, "actual_qps": 3.9977284855443704, "success_rate": 100.0, "input_tokens": 4308, "output_tokens": 179, "model": "meta-llama/Llama-3.1-8B-Instruct", "input_tokens_per_minute": 1041365.1983724675, "output_tokens_per_minute": 43416.31113328945, "Latency": {"unit": "s", "min": 0.3738165730028413, "p50": 3.0969437815074343, "p90": 5.5365841191145595, "p95": 6.962774026571423, "p99": 8.160783569772612, "max": 9.203280775982421}, "Throughput": {"unit": "tokens/s", "min": 8.66100727868696, "p50": 58.98222538791504, "p90": 80.66005545294968, "p95": 85.42922579645511, "p99": 88.82993851186178, "max": 96.8250560603583}, "TTFT": {"unit": "s", "min": 0.07207550603197888, "p50": 0.4653686525125522, "p90": 1.4343420285265893, "p95": 1.675080788481864, "p99": 3.122225146344863, "max": 4.0538817920023575}, "TPOT": {"unit": "ms", "min": 9.273445261197736, "p50": 14.273184650705137, "p90": 21.480113638818835, "p95": 26.68271733096323, "p99": 30.17396940366218, "max": 36.55381329140003}, "Input Tokens per Minute": {"unit": "tokens/min", "min": 1041365.1983724675, "p50": 1041365.1983724675, "p90": 1041365.1983724675, "p95": 1041365.1983724675, "p99": 1041365.1983724675, "max": 1041365.1983724675}, "Output Tokens per Minute": {"unit": "tokens/min", "min": 43416.31113328945, "p50": 43416.31113328945, "p90": 43416.31113328945, "p95": 43416.31113328945, "p99": 43416.31113328945, "max": 43416.31113328945}}
{"target_qps": 4.0, "actual_qps": 3.9969038051281514, "success_rate": 100.0, "input_tokens": 4308, "output_tokens": 179, "model": "meta-llama/Llama-3.1-8B-Instruct", "input_tokens_per_minute": 1037075.2561728192, "output_tokens_per_minute": 43192.78239964058, "Latency": {"unit": "s", "min": 0.38928136602044106, "p50": 2.9793498539947905, "p90": 5.178668490960263, "p95": 6.919419607031159, "p99": 7.882366431818808, "max": 9.187099548988044}, "Throughput": {"unit": "tokens/s", "min": 3.868015595065878, "p50": 62.99168391164241, "p90": 84.29053368371909, "p95": 85.61240061118848, "p99": 92.38914738783077, "max": 100.1465953352494}, "TTFT": {"unit": "s", "min": 0.06401212397031486, "p50": 0.23307682102313265, "p90": 1.1526573050068691, "p95": 1.5332088110153563, "p99": 3.4200755499768976, "max": 3.860937704972457}, "TPOT": {"unit": "ms", "min": 9.531195693469172,