{"target_qps": 3.5, "actual_qps": 3.016568263394567, "success_rate": 100.0, "input_tokens": 257, "output_tokens": 299, "model": "meta-llama/Llama-3.1-8B-Instruct", "input_tokens_per_minute": 53991.67741935483, "output_tokens_per_minute": 62929.54838709677, "Latency": {"unit": "s", "min": 2.327599654032383, "p50": 2.756886085961014, "p90": 16.93891564239748, "p95": 26.134997695608735, "p99": 33.90401826906717, "max": 36.805175326997414}, "Throughput": {"unit": "tokens/s", "min": 8.151027602358502, "p50": 108.73906009673247, "p90": 115.15586416383255, "p95": 116.34500814463124, "p99": 121.74069503482326, "max": 127.31751759084273}, "TTFT": {"unit": "s", "min": 0.024213665979914367, "p50": 0.15338109794538468, "p90": 0.8479788818163796, "p95": 3.440447443717858, "p99": 6.327713238659788, "max": 12.230301303963643}, "TPOT": {"unit": "ms", "min": 7.638447320931295, "p50": 8.66729918054389, "p90": 53.8767908320974, "p95": 74.67047133715428, "p99": 93.10099623302686, "max": 93.89929221413507}, "Input Tokens per Minute": {"unit": "tokens/min", "min": 53991.67741935483, "p50": 53991.67741935483, "p90": 53991.67741935483, "p95": 53991.67741935483, "p99": 53991.67741935483, "max": 53991.67741935483}, "Output Tokens per Minute": {"unit": "tokens/min", "min": 62929.54838709677, "p50": 62929.54838709677, "p90": 62929.54838709677, "p95": 62929.54838709677, "p99": 62929.54838709677, "max": 62929.54838709677}}
{"target_qps": 3.5, "actual_qps": 2.4786755420908047, "success_rate": 100.0, "input_tokens": 272, "output_tokens": 299, "model": "meta-llama/Llama-3.1-8B-Instruct", "input_tokens_per_minute": 57312.25352112676, "output_tokens_per_minute": 62939.366197183095, "Latency": {"unit": "s", "min": 2.053856852988247, "p50": 2.723455097991973, "p90": 29.63171409618226, "p95": 31.65994908013672, "p99": 34.8555128265865, "max": 39.42052334797336}, "Throughput": {"unit": "tokens/s", "min": 7.610249040882489, "p50": 110.15427266892709, "p90": 118.15727857913453, "p95": 119.8216146261132, "p99": 126.54116465266263, "max": 128.8404202185211}, "TTFT": {"unit": "s", "min": 0.020963185001164675, "p50": 0.14045534501201473, "p90": 2.2920046665880367, "p95": 3.8060991005797407, "p99": 6.553273192359493, "max": 17.308717752981465}, "TPOT": {"unit": "ms", "min": 7.622861036685074, "p50": 8.52979574411684, "p90": 90.8349233073452, "p95": 93.17136856649041, "p99": 99.05696630007185, "max": 104.0017415485563}, "Input Tokens per Minute": {"unit": "tokens/min", "min": 57312.25352112676, "p50": 57312.25352112676, "p90": 57312.25352112676, "p95": 57312.25352112676, "p99": 57312.25352112676, "max": 57312.25352112676}, "Output Tokens per Minute": {"unit": "tokens/min", "min": 62939.366197183095, "p50": 62939.366197183095, "p90": 62939.366197183095, "p95": 62939.366197183095, "p99": 62939.366197183095, "max": 62939.366197183095}}
{"target_qps": 3.5, "actual_qps": 3.118618480513729, "success_rate": 100.0, "input_tokens": 211, "output_tokens": 299, "model": "meta-llama/Llama-3.1-8B-Instruct", "input_tokens_per_minute": 44409.69696969697, "output_tokens_per_minute": 62979.84848484849, "Latency": {"unit": "s", "min": 2.3819299199967645, "p50": 2.7453308290278073, "p90": 16.751815364114023, "p95": 25.04868491091765, "p99": 39.70481828803663, "max": 44.80210576200625}, "Throughput": {"unit": "tokens/s", "min": 6.696113829864008, "p50": 109.27671613617906, "p90": 115.90240469820877, "p95": 122.09810557221242, "p99": 125.14212634176245, "max": 125.94828986421544}, "TTFT": {"unit": "s", "min": 0.023201485048048198, "p50": 0.15747794052003883, "p90": 1.5828911174961837, "p95": 5.447000864657455, "p99": 10.437282792991612, "max": 19.270566790015437}, "TPOT": {"unit": "ms", "min": 7.6097268862322744, "p50": 8.644696886310147, "p90": 53.13838918422377, "p95": 73.45154926910462, "p99": 96.66103491333024, "max": 115.11138937125344}, "Input Tokens per Minute": {"unit": "tokens/min", "min": 44409.69696969697, "p50": 44409.69696969697, "p90": 44409.69696969697, "p95": 44409.69696969697, "p99": 44409.69696969697, "max": 44409.69696969697}, "Output Tokens per Minute": {"unit": "tokens/min", "min": 62979.84848484849, "p50": 62979.84848484849, "p90": 62979.84848484849, "p95": 62979.84848484849, "p99": 62979.84848484849, "max": 62979.84848484849}}
{"target_qps": 3.5, "actual_qps": 2.769927535628478, "success_rate": 100.0, "input_tokens": 246, "output_tokens": 295, "model": "meta-llama/Llama-3.1-8B-Instruct", "input_tokens_per_minute": 51669.1875, "output_tokens_per_minute": 62089.125, "Latency": {"unit": "s", "min": 0.4763831319869496, "p50": 2.700059445487568, "p90": 15.66217339943978, "p95": 16.77662487499474, "p99": 38.57645715722172, "max": 44.93352232396137}, "Throughput": {"unit": "tokens/s", "min": 3.9776849083832837, "p50": 110.71894875392047, "p90": 120.07873254796753, "p95": 123.36916614562865, "p99": 126.136739622487, "max": 128.51092715064894}, "TTFT": {"unit": "s", "min": 0.02089504897594452, "p50": 0.12442324750008993, "p90": 0.9981216317275529, "p95": 5.394282179768194, "p99": 8.453644436431922, "max": 11.160611515049823}, "TPOT": {"unit": "ms", "min": 7.657548170505609, "p50": 8.64116083849667, "p90": 34.76672727524312, "p95": 48.14548045567139, "p99": 116.16045584819236, "max": 186.85098502339972}, "Input Tokens per Minute": {"unit": "tokens/min", "min": 51669.1875, "p50": 51669.1875, "p90": 51669.1875, "p95": 51669.1875, "p99": 51669.1875, "max": 51669.1875}, "Output Tokens per Minute": {"unit": "tokens/min", "min": 62089.125, "p50": 62089.125, "p90": 62089.125, "p95": 62089.125, "p99": 62089.125, "max": 62089.125}}
{"target_qps": 3.5, "actual_qps": 3.7087697113946496, "success_rate": 100.0, "input_tokens": 294, "output_tokens": 300, "model": "meta-llama/Llama-3.1-8B-Instruct", "input_tokens_per_minute": 63271.18828392158, "output_tokens_per_minute": 64407.67851334669, "Latency": {"unit": "s", "min": 2.3588188589783385, "p50": 2.7653144159994554, "p90": 24.484475345310063, "p95": 30.86085142070369, "p99": 41.577959050227605, "max": 45.048256100039}, "Throughput": {"unit": "tokens/s", "min": 6.659525272938152, "p50": 108.48678499832107, "p90": 115.98733632858388, "p95": 117.15658722994391, "p99": 118.00563393799146, "max": 127.18229670672433}, "TTFT": {"unit": "s", "min": 0.023824086994864047, "p50": 0.1748648505017627, "p90": 8.39861731621204, "p95": 12.066070534396566, "p99": 13.37438935076061, "max": 14.554566235980019}, "TPOT": {"unit": "ms", "min": 7.6601600000342005, "p50": 8.659742220774461, "p90": 55.44127428315872, "p95": 93.98329836667986, "p99": 136.00716867510033, "max": 148.16333309367275}, "Input Tokens per Minute": {"unit": "tokens/min", "min": 63271.18828392158, "p50": 63271.18828392158, "p90": 63271.18828392158, "p95": 63271.18828392158, "p99": 63271.18828392158, "max": 63271.18828392158}, "Output Tokens per Minute": {"unit": "tokens/min", "min": 64407.67851334669, "p50": 64407.67851334669, "p90": 64407.67851334669, "p95": 64407.67851334669, "p99": 64407.67851334669, "max": 64407.67851334669}}
{"target_qps": 3.5, "actual_qps": 3.700026617018301, "success_rate": 100.0, "input_tokens": 225, "output_tokens": 299, "model": "meta-llama/Llama-3.1-8B-Instruct", "input_tokens_per_minute": 52362.96642899771, "output_tokens_per_minute": 69535.8335558306, "Latency": {"unit": "s", "min": 2.4913771839928813, "p50": 2.818382196011953, "p90": 25.160614664002782, "p95": 32.060125706565984, "p99": 38.224459270131774, "max": 43.14483329397626}, "Throughput": {"unit": "tokens/s", "min": 6.953323888306343, "p50": 106.41910317844228, "p90": 114.48824023601517, "p95": 115.89480019318657, "p99": 118.29298572632406, "max": 120.41532768602941}, "TTFT": {"unit": "s", "min": 0.03821300796698779, "p50": 0.18200257199350744, "p90": 9.136562508821948, "p95": 12.3421894878149, "p99": 15.189399052970112, "max": 16.475995755987242}, "TPOT": {"unit": "ms", "min": 8.008545601972532, "p50": 8.700104856070904, "p90": 64.97410036125889, "p95": 75.93056798327002, "p99": 92.96501448681659, "max": 97.2960701003596},