{"target_qps": 4.5, "actual_qps": 4.492755439788302, "success_rate": 100.0, "input_tokens": 4198, "output_tokens": 173, "model": "meta-llama/Llama-3.1-8B-Instruct", "input_tokens_per_minute": 1133713.125, "output_tokens_per_minute": 46735.96153846154, "Latency": {"unit": "s", "min": 0.9443450210383162, "p50": 6.307653290510643, "p90": 18.08916101131472, "p95": 27.912558496400006, "p99": 29.157053822341844, "max": 29.829477710009087}, "Throughput": {"unit": "tokens/s", "min": 1.999346450292944, "p50": 28.348052603616928, "p90": 56.68135676333021, "p95": 68.4791181027951, "p99": 88.63789866180245, "max": 91.24592370148503}, "TTFT": {"unit": "s", "min": 0.09791008697357029, "p50": 1.0229740789800417, "p90": 11.678958514600538, "p95": 17.81651991916878, "p99": 23.590133958889062, "max": 26.627064290980343}, "TPOT": {"unit": "ms", "min": 8.840583080552218, "p50": 27.98104810311422, "p90": 55.22272318748444, "p95": 56.436000621819694, "p99": 57.25870098915852, "max": 71.12830054829828}, "Input Tokens per Minute": {"unit": "tokens/min", "min": 1133713.125, "p50": 1133713.125, "p90": 1133713.125, "p95": 1133713.125, "p99": 1133713.125, "max": 1133713.125}, "Output Tokens per Minute": {"unit": "tokens/min", "min": 46735.96153846154, "p50": 46735.96153846154, "p90": 46735.96153846154, "p95": 46735.96153846154, "p99": 46735.96153846154, "max": 46735.96153846154}}
{"target_qps": 4.5, "actual_qps": 4.497480071812336, "success_rate": 100.0, "input_tokens": 4158, "output_tokens": 170, "model": "meta-llama/Llama-3.1-8B-Instruct", "input_tokens_per_minute": 1122902.8708133972, "output_tokens_per_minute": 46029.18660287082, "Latency": {"unit": "s", "min": 0.625818197033368, "p50": 6.11078746401472, "p90": 18.020854803407566, "p95": 23.924671351595304, "p99": 28.779511626639863, "max": 29.559947872010525}, "Throughput": {"unit": "tokens/s", "min": 0.8009383338240357, "p50": 29.71205981028711, "p90": 54.51213894872974, "p95": 67.10874744257131, "p99": 77.11040823998066, "max": 87.84694185641906}, "TTFT": {"unit": "s", "min": 0.11113759299041703, "p50": 0.8839722689590417, "p90": 10.490301707817709, "p95": 15.982730262400576, "p99": 21.492821678097823, "max": 26.323789930029307}, "TPOT": {"unit": "ms", "min": 8.74576929335793, "p50": 28.524774165903615, "p90": 55.7297499378296, "p95": 56.60323613553996, "p99": 57.47831621452381, "max": 60.27954442144715}, "Input Tokens per Minute": {"unit": "tokens/min", "min": 1122902.8708133972, "p50": 1122902.8708133972, "p90": 1122902.8708133972, "p95": 1122902.8708133972, "p99": 1122902.8708133972, "max": 1122902.8708133972}, "Output Tokens per Minute": {"unit": "tokens/min", "min": 46029.18660287082, "p50": 46029.18660287082, "p90": 46029.18660287082, "p95": 46029.18660287082, "p99": 46029.18660287082, "max": 46029.18660287082}}
{"target_qps": 4.5, "actual_qps": 4.493287917221067, "success_rate": 100.0, "input_tokens": 4157, "output_tokens": 176, "model": "meta-llama/Llama-3.1-8B-Instruct", "input_tokens_per_minute": 1133074.9186948051, "output_tokens_per_minute": 48058.505744366594, "Latency": {"unit": "s", "min": 1.025669883005321, "p50": 9.625930762966163, "p90": 24.185152900381947, "p95": 27.404907365783565, "p99": 31.82130997019584, "max": 33.60824374796357}, "Throughput": {"unit": "tokens/s", "min": 0.665067799905273, "p50": 18.087288268088795, "p90": 35.8875987232738, "p95": 49.88266545223004, "p99": 86.80571295996182, "max": 96.58417550678783}, "TTFT": {"unit": "s", "min": 0.10677930497331545, "p50": 2.1928140160162, "p90": 15.572604505997152, "p95": 19.56694017278496, "p99": 23.65179902314907, "max": 28.393067572964355}, "TPOT": {"unit": "ms", "min": 8.52598750264145, "p50": 41.689202135917846, "p90": 55.91783170663195, "p95": 56.96750746141351, "p99": 61.53327640269276, "max": 113.5850149405408}, "Input Tokens per Minute": {"unit": "tokens/min", "min": 1133074.9186948051, "p50": 1133074.9186948051, "p90": 1133074.9186948051, "p95": 1133074.9186948051, "p99": 1133074.9186948051, "max": 1133074.9186948051}, "Output Tokens per Minute": {"unit": "tokens/min", "min": 48058.505744366594, "p50": 48058.505744366594, "p90": 48058.505744366594, "p95": 48058.505744366594, "p99": 48058.505744366594, "max": 48058.505744366594}}
{"target_qps": 4.5, "actual_qps": 4.492903169649808, "success_rate": 100.0, "input_tokens": 4179, "output_tokens": 180, "model": "meta-llama/Llama-3.1-8B-Instruct", "input_tokens_per_minute": 1143285.1074305484, "output_tokens_per_minute": 49291.14146276475, "Latency": {"unit": "s", "min": 1.4606763260089792, "p50": 9.423880729998928, "p90": 25.357450599712323, "p95": 28.380457185269915, "p99": 31.988638872506545, "max": 34.65896062203683}, "Throughput": {"unit": "tokens/s", "min": 0.6741465337524323, "p50": 18.710826727835084, "p90": 36.42109692972742, "p95": 53.54241650695448, "p99": 92.4663146284671, "max": 100.13966589630448}, "TTFT": {"unit": "s", "min": 0.04466291394783184, "p50": 1.84089064100408, "p90": 15.337473407294603, "p95": 20.1800960409455, "p99": 25.260089304641582, "max": 28.03060960798757}, "TPOT": {"unit": "ms", "min": 8.345105587890904, "p50": 41.42541100999958, "p90": 55.91752257478311, "p95": 56.90231854322743, "p99": 61.5994623260757, "max": 219.2021451912643}, "Input Tokens per Minute": {"unit": "tokens/min", "min": 1143285.1074305484, "p50": 1143285.1074305484, "p90": 1143285.1074305484, "p95": 1143285.1074305484, "p99": 1143285.1074305484, "max": 1143285.1074305484}, "Output Tokens per Minute": {"unit": "tokens/min", "min": 49291.14146276475, "p50": 49291.14146276475, "p90": 49291.14146276475, "p95": 49291.14146276475, "p99": 49291.14146276475, "max": 49291.14146276475}}
{"target_qps": 4.5, "actual_qps": 4.4938166802891315, "success_rate": 100.0, "input_tokens": 4259, "output_tokens": 183, "model": "meta-llama/Llama-3.1-8B-Instruct", "input_tokens_per_minute": 1160860.1151146514, "output_tokens_per_minute": 49990.390583475564, "Latency": {"unit": "s", "min": 1.3355026619974524, "p50": 10.146553400962148, "p90": 22.533559323998634, "p95": 30.474617147597005, "p99": 34.9282749175909, "max": 36.66711312200641}, "Throughput": {"unit": "tokens/s", "min": 3.2844848488313994, "p50": 18.93679012710805, "p90": 28.242190597494588, "p95": 33.92047429106073, "p99": 51.56854727765042, "max": 70.94115255560098}, "TTFT": {"unit": "s", "min": 0.3165460859891027, "p50": 1.7635508329840377, "p90": 13.274478483828736, "p95": 22.47508021801476, "p99": 28.75270487625142, "max": 34.004707740969025}, "TPOT": {"unit": "ms", "min": 8.431653512335247, "p50": 43.95564297482081, "p90": 51.966921027033735, "p95": 53.36926951807221, "p99": 55.97333744864908, "max": 58.332878020159136}, "Input Tokens per Minute": {"unit": "tokens/min", "min": 1160860.1151146514, "p50": 1160860.1151146514, "p90": 1160860.1151146514, "p95": 1160860.1151146514, "p99": 1160860.1151146514, "max": 1160860.1151146514}, "Output Tokens per Minute": {"unit": "tokens/min", "min": 49990.390583475564, "p50": 49990.390583475564, "p90": 49990.390583475564, "p95": 49990.390583475564, "p99": 49990.390583475564, "max": 49990.390583475564}}
{"target_qps": 4.5, "actual_qps": 4.497253501500265, "success_rate": 100.0, "input_tokens": 4259, "output_tokens": 177, "model": "meta-llama/Llama-3.1-8B-Instruct", "input_tokens_per_minute": 1173755.9767271134, "output_tokens_per_minute": 48888.777023349445, "Latency": {"unit": "s", "min": 1.2975372539949603, "p50": 9.755814859003294, "p90": 16.73866958596045, "p95": 25.834907088501495, "p99": 33.91517716576345, "max": 34.95612310303841}, "Throughput": {"unit": "tokens/s", "min": 2.886556005436389, "p50": 19.492505600448006, "p90": 31.670360091951967, "p95": 36.9628342899226, "p99": 54.81249337711557, "max": 65.33372617787907}, "TTFT": {"unit": "s", "min": 0.29960284201661125, "p50": 1.4405397009686567, "p90": 8.031198440992739, "p95": 17.70702098250331, "p99": 25.28724688074726, "max": 31.444524408027064}, "TPOT": {"unit": "ms", "min": 12.094659819127289, "p50": 44.26910956790928, "p90": 52.09447436933242,