{"target_qps": 5.0, "actual_qps": 4.3950657222915765, "success_rate": 100.0, "input_tokens": 167, "output_tokens": 299, "model": "meta-llama/Llama-3.1-8B-Instruct", "input_tokens_per_minute": 50154.02298850575, "output_tokens_per_minute": 89856.32183908045, "Latency": {"unit": "s", "min": 1.8415495319641195, "p50": 2.5729855909594335, "p90": 3.859568793035578, "p95": 4.618890604993794, "p99": 10.948194813798178, "max": 11.218048859969713}, "Throughput": {"unit": "tokens/s", "min": 26.742618412950108, "p50": 116.57066504881239, "p90": 120.82119946342644, "p95": 122.76951139126975, "p99": 124.54465663330471, "max": 127.19545832414586}, "TTFT": {"unit": "s", "min": 0.02053608000278473, "p50": 0.13098780199652538, "p90": 0.22798894596053287, "p95": 0.34290964901447296, "p99": 0.681177330971687, "max": 4.996825288981199}, "TPOT": {"unit": "ms", "min": 7.674428665493444, "p50": 8.158613685682031, "p90": 12.482726672371495, "p95": 15.03524418400887, "p99": 35.8728459290615, "max": 36.032218036762}, "Input Tokens per Minute": {"unit": "tokens/min", "min": 50154.02298850575, "p50": 50154.02298850575, "p90": 50154.02298850575, "p95": 50154.02298850575, "p99": 50154.02298850575, "max": 50154.02298850575}, "Output Tokens per Minute": {"unit": "tokens/min", "min": 89856.32183908045, "p50": 89856.32183908045, "p90": 89856.32183908045, "p95": 89856.32183908045, "p99": 89856.32183908045, "max": 89856.32183908045}}
{"target_qps": 5.0, "actual_qps": 4.295757235867449, "success_rate": 100.0, "input_tokens": 246, "output_tokens": 298, "model": "meta-llama/Llama-3.1-8B-Instruct", "input_tokens_per_minute": 74003.14960629921, "output_tokens_per_minute": 89696.45669291339, "Latency": {"unit": "s", "min": 1.3998921029851772, "p50": 2.5803781024878845, "p90": 4.94533706191578, "p95": 7.223704822410938, "p99": 15.293018389699283, "max": 16.891657524975017}, "Throughput": {"unit": "tokens/s", "min": 17.760246414920356, "p50": 116.17066789291266, "p90": 121.37683183523414, "p95": 122.51905099811306, "p99": 123.68282148605276, "max": 126.67449409039762}, "TTFT": {"unit": "s", "min": 0.02141789096640423, "p50": 0.11890112652326934, "p90": 0.27592630228609805, "p95": 0.4380308260238962, "p99": 0.8573067579709457, "max": 9.453249736048747}, "TPOT": {"unit": "ms", "min": 7.727217110244551, "p50": 8.21402005190933, "p90": 15.657911719645325, "p95": 19.733861974677218, "p99": 50.70454177235831, "max": 50.84860832434316}, "Input Tokens per Minute": {"unit": "tokens/min", "min": 74003.14960629921, "p50": 74003.14960629921, "p90": 74003.14960629921, "p95": 74003.14960629921, "p99": 74003.14960629921, "max": 74003.14960629921}, "Output Tokens per Minute": {"unit": "tokens/min", "min": 89696.45669291339, "p50": 89696.45669291339, "p90": 89696.45669291339, "p95": 89696.45669291339, "p99": 89696.45669291339, "max": 89696.45669291339}}
{"target_qps": 5.0, "actual_qps": 4.5979504961346365, "success_rate": 100.0, "input_tokens": 229, "output_tokens": 299, "model": "meta-llama/Llama-3.1-8B-Instruct", "input_tokens_per_minute": 68918.49056603774, "output_tokens_per_minute": 89796.22641509434, "Latency": {"unit": "s", "min": 1.8150785919860937, "p50": 2.5749720990424976, "p90": 3.730731165187899, "p95": 8.523527885170145, "p99": 46.35720237723789, "max": 54.657572215015534}, "Throughput": {"unit": "tokens/s", "min": 5.488717991714677, "p50": 116.37571420515796, "p90": 120.77553945766873, "p95": 122.29091551791046, "p99": 125.1518248946582, "max": 128.31215227326032}, "TTFT": {"unit": "s", "min": 0.016452242038212717, "p50": 0.11842414300190285, "p90": 0.1989437573822215, "p95": 0.38209722319152156, "p99": 0.6088916298188299, "max": 1.0664168139919639}, "TPOT": {"unit": "ms", "min": 7.65221331768473, "p50": 8.206845551805515, "p90": 12.122295896933853, "p95": 28.24721025952426, "p99": 153.6374392197858, "max": 182.0089786989384}, "Input Tokens per Minute": {"unit": "tokens/min", "min": 68918.49056603774, "p50": 68918.49056603774, "p90": 68918.49056603774, "p95": 68918.49056603774, "p99": 68918.49056603774, "max": 68918.49056603774}, "Output Tokens per Minute": {"unit": "tokens/min", "min": 89796.22641509434, "p50": 89796.22641509434, "p90": 89796.22641509434, "p95": 89796.22641509434, "p99": 89796.22641509434, "max": 89796.22641509434}}
{"target_qps": 5.0, "actual_qps": 4.353714288108092, "success_rate": 100.0, "input_tokens": 281, "output_tokens": 298, "model": "meta-llama/Llama-3.1-8B-Instruct", "input_tokens_per_minute": 84559.24528301887, "output_tokens_per_minute": 89596.98113207548, "Latency": {"unit": "s", "min": 0.19929726095870137, "p50": 2.5810520660015754, "p90": 7.053464324004016, "p95": 13.168393480556547, "p99": 62.28178465322594, "max": 66.94991925195791}, "Throughput": {"unit": "tokens/s", "min": 4.480961341730471, "p50": 116.23167310403915, "p90": 122.59315824376247, "p95": 124.06313039672473, "p99": 128.3175921974991, "max": 129.68895832498094}, "TTFT": {"unit": "s", "min": 0.016450516995973885, "p50": 0.11057125101797283, "p90": 0.28708404658827913, "p95": 0.7769245540141082, "p99": 13.160182354580632, "max": 22.647985592018813}, "TPOT": {"unit": "ms", "min": 7.126607694258185, "p50": 8.198837190749664, "p90": 20.26416639868251, "p95": 43.308371335095146, "p99": 181.36495215096446, "max": 203.34444294977982}, "Input Tokens per Minute": {"unit": "tokens/min", "min": 84559.24528301887, "p50": 84559.24528301887, "p90": 84559.24528301887, "p95": 84559.24528301887, "p99": 84559.24528301887, "max": 84559.24528301887}, "Output Tokens per Minute": {"unit": "tokens/min", "min": 89596.98113207548, "p50": 89596.98113207548, "p90": 89596.98113207548, "p95": 89596.98113207548, "p99": 89596.98113207548, "max": 89596.98113207548}}
{"target_qps": 5.0, "actual_qps": 4.934848962645252, "success_rate": 100.0, "input_tokens": 216, "output_tokens": 298, "model": "meta-llama/Llama-3.1-8B-Instruct", "input_tokens_per_minute": 65078.929765886285, "output_tokens_per_minute": 89665.88628762541, "Latency": {"unit": "s", "min": 1.3752447209553793, "p50": 2.4630380570306443, "p90": 4.451734274602495, "p95": 8.49016004906152, "p99": 11.83620646034596, "max": 15.271835334016941}, "Throughput": {"unit": "tokens/s", "min": 19.644004367423413, "p50": 121.75809464308166, "p90": 124.18436884405484, "p95": 125.36948811461609, "p99": 126.78267084532874, "max": 128.10464343058374}, "TTFT": {"unit": "s", "min": 0.015170703001786023, "p50": 0.02394613897195086, "p90": 0.08197860800428311, "p95": 0.15900857188389442, "p99": 4.610451045399515, "max": 10.667034454992972}, "TPOT": {"unit": "ms", "min": 7.732746861917975, "p50": 8.136674337771202, "p90": 14.69103467703663, "p95": 23.199063681675756, "p99": 35.65784434283718, "max": 46.95363652508513}, "Input Tokens per Minute": {"unit": "tokens/min", "min": 65078.929765886285, "p50": 65078.929765886285, "p90": 65078.929765886285, "p95": 65078.929765886285, "p99": 65078.929765886285, "max": 65078.929765886285}, "Output Tokens per Minute": {"unit": "tokens/min", "min": 89665.88628762541, "p50": 89665.88628762541, "p90": 89665.88628762541, "p95": 89665.88628762541, "p99": 89665.88628762541, "max": 89665.88628762541}}
{"target_qps": 5.0, "actual_qps": 5.314690225224619, "success_rate": 100.0, "input_tokens": 205, "output_tokens": 297, "model": "meta-llama/Llama-3.1-8B-Instruct", "input_tokens_per_minute": 63501.09919751834, "output_tokens_per_minute": 91574.66411267313, "Latency": {"unit": "s", "min": 0.1148319219937548, "p50": 2.486687649972737, "p90": 4.418443562055472, "p95": 8.97327487001894, "p99": 22.56442735678859, "max": 33.869265924964566}, "Throughput": {"unit": "tokens/s", "min": 8.857587898852989, "p50": 120.26738653812055, "p90": 124.04656333189024, "p95": 125.2695996183425, "p99": 127.10683220655959, "max": 130.73405810188873}, "TTFT": {"unit": "s", "min": 0.015134865010622889, "p50": 0.02408945100614801, "p90": 0.07889887399505824, "p95": 0.12230762100080028, "p99": 0.5434088131005352, "max": 6.517464765987825}, "TPOT": {"unit": "ms", "min": 7.548841374675528,