{"target_qps": 5.0, "actual_qps": 4.378005033126712, "success_rate": 100.0, "input_tokens": 220, "output_tokens": 299, "model": "meta-llama/Llama-3.1-8B-Instruct", "input_tokens_per_minute": 66099.59016393442, "output_tokens_per_minute": 89733.19672131147, "Latency": {"unit": "s", "min": 1.7098475269740447, "p50": 2.627161835989682, "p90": 4.596617628110107, "p95": 4.831291065627011, "p99": 5.3095488876733, "max": 5.422496991988737}, "Throughput": {"unit": "tokens/s", "min": 55.325065268495976, "p50": 114.01422461114248, "p90": 120.7978749653267, "p95": 121.58404781778246, "p99": 123.07723739199709, "max": 124.15799344135118}, "TTFT": {"unit": "s", "min": 0.03233014600118622, "p50": 0.14777342951856554, "p90": 0.3870573253196199, "p95": 0.49684793062042437, "p99": 0.749047434500535, "max": 0.8706031549954787}, "TPOT": {"unit": "ms", "min": 7.756513488139446, "p50": 8.197221871217039, "p90": 14.862605679315362, "p95": 15.467345995065774, "p99": 15.876625571503105, "max": 16.486569464846784}, "Input Tokens per Minute": {"unit": "tokens/min", "min": 66099.59016393442, "p50": 66099.59016393442, "p90": 66099.59016393442, "p95": 66099.59016393442, "p99": 66099.59016393442, "max": 66099.59016393442}, "Output Tokens per Minute": {"unit": "tokens/min", "min": 89733.19672131147, "p50": 89733.19672131147, "p90": 89733.19672131147, "p95": 89733.19672131147, "p99": 89733.19672131147, "max": 89733.19672131147}}
{"target_qps": 5.0, "actual_qps": 4.445619175645429, "success_rate": 100.0, "input_tokens": 262, "output_tokens": 298, "model": "meta-llama/Llama-3.1-8B-Instruct", "input_tokens_per_minute": 78819.78021978022, "output_tokens_per_minute": 89580.21978021978, "Latency": {"unit": "s", "min": 1.4705445020226762, "p50": 2.6472880039946176, "p90": 4.723703927826136, "p95": 4.959743112593424, "p99": 5.590381248733027, "max": 6.665670168993529}, "Throughput": {"unit": "tokens/s", "min": 45.0067273648642, "p50": 113.19498414796762, "p90": 119.85885156420576, "p95": 121.0065773680619, "p99": 122.45288173643851, "max": 123.84568514311644}, "TTFT": {"unit": "s", "min": 0.04086632403777912, "p50": 0.1484006770187989, "p90": 0.40797172940801835, "p95": 0.5253663598210551, "p99": 1.2056284563057054, "max": 1.9673186099971645}, "TPOT": {"unit": "ms", "min": 7.81321087283671, "p50": 8.257102494962812, "p90": 15.184279955747572, "p95": 15.518834574512487, "p99": 16.47823665831485, "max": 17.478477311037157}, "Input Tokens per Minute": {"unit": "tokens/min", "min": 78819.78021978022, "p50": 78819.78021978022, "p90": 78819.78021978022, "p95": 78819.78021978022, "p99": 78819.78021978022, "max": 78819.78021978022}, "Output Tokens per Minute": {"unit": "tokens/min", "min": 89580.21978021978, "p50": 89580.21978021978, "p90": 89580.21978021978, "p95": 89580.21978021978, "p99": 89580.21978021978, "max": 89580.21978021978}}
{"target_qps": 5.0, "actual_qps": 4.613872851831918, "success_rate": 100.0, "input_tokens": 187, "output_tokens": 299, "model": "meta-llama/Llama-3.1-8B-Instruct", "input_tokens_per_minute": 56352.857142857145, "output_tokens_per_minute": 89929.28571428571, "Latency": {"unit": "s", "min": 2.1289854939677753, "p50": 2.602698957984103, "p90": 4.528539638221264, "p95": 4.654469051852357, "p99": 5.106709705353132, "max": 5.210614239971619}, "Throughput": {"unit": "tokens/s", "min": 57.574786039358386, "p50": 115.26496390093027, "p90": 121.63505681705232, "p95": 122.8455631544371, "p99": 125.93180800903359, "max": 126.5485874038357}, "TTFT": {"unit": "s", "min": 0.023490360006690025, "p50": 0.13405704201431945, "p90": 0.2313200295146088, "p95": 0.39875944688392373, "p99": 0.6492133988358544, "max": 1.1786161849740893}, "TPOT": {"unit": "ms", "min": 7.691676010078685, "p50": 8.206955143787827, "p90": 14.660664283270233, "p95": 14.899687377119246, "p99": 15.663980606890414, "max": 15.916976157301743}, "Input Tokens per Minute": {"unit": "tokens/min", "min": 56352.857142857145, "p50": 56352.857142857145, "p90": 56352.857142857145, "p95": 56352.857142857145, "p99": 56352.857142857145, "max": 56352.857142857145}, "Output Tokens per Minute": {"unit": "tokens/min", "min": 89929.28571428571, "p50": 89929.28571428571, "p90": 89929.28571428571, "p95": 89929.28571428571, "p99": 89929.28571428571, "max": 89929.28571428571}}
{"target_qps": 5.0, "actual_qps": 4.196658890035791, "success_rate": 100.0, "input_tokens": 201, "output_tokens": 298, "model": "meta-llama/Llama-3.1-8B-Instruct", "input_tokens_per_minute": 60444.57831325301, "output_tokens_per_minute": 89680.72289156627, "Latency": {"unit": "s", "min": 1.1630580659839325, "p50": 2.588020958006382, "p90": 4.50828694360098, "p95": 4.6883346955874, "p99": 4.928056142320857, "max": 5.2926856690319255}, "Throughput": {"unit": "tokens/s", "min": 56.6819982821448, "p50": 115.83730995337335, "p90": 120.84837669595062, "p95": 121.92656864219839, "p99": 124.31907787576257, "max": 126.60866730713322}, "TTFT": {"unit": "s", "min": 0.02916188898961991, "p50": 0.14311987004475668, "p90": 0.3391959898057398, "p95": 0.49416127778822555, "p99": 0.5921043060068043, "max": 1.2900433360482566}, "TPOT": {"unit": "ms", "min": 7.538680805992896, "p50": 8.142701240745453, "p90": 14.789091789297585, "p95": 15.051790457499216, "p99": 15.64329586471478, "max": 15.901843210866046}, "Input Tokens per Minute": {"unit": "tokens/min", "min": 60444.57831325301, "p50": 60444.57831325301, "p90": 60444.57831325301, "p95": 60444.57831325301, "p99": 60444.57831325301, "max": 60444.57831325301}, "Output Tokens per Minute": {"unit": "tokens/min", "min": 89680.72289156627, "p50": 89680.72289156627, "p90": 89680.72289156627, "p95": 89680.72289156627, "p99": 89680.72289156627, "max": 89680.72289156627}}
{"target_qps": 5.0, "actual_qps": 4.6036090176726345, "success_rate": 100.0, "input_tokens": 229, "output_tokens": 298, "model": "meta-llama/Llama-3.1-8B-Instruct", "input_tokens_per_minute": 68755.43478260869, "output_tokens_per_minute": 89633.6956521739, "Latency": {"unit": "s", "min": 0.6117347090039402, "p50": 2.4748259084881283, "p90": 4.514563203993021, "p95": 4.633087564230664, "p99": 4.931142389512388, "max": 5.619960950978566}, "Throughput": {"unit": "tokens/s", "min": 53.38115382238786, "p50": 121.20911324704011, "p90": 125.59902106182949, "p95": 126.37800004145285, "p99": 127.16176822335001, "max": 128.99443734058332}, "TTFT": {"unit": "s", "min": 0.01563526998506859, "p50": 0.02727301951381378, "p90": 0.15847232152009383, "p95": 0.22897229122463614, "p99": 0.5014270617539296, "max": 1.2868783780140802}, "TPOT": {"unit": "ms", "min": 7.7073602073975405, "p50": 8.099292934756184, "p90": 14.737073127176444, "p95": 15.033577913889523, "p99": 15.927714752440222, "max": 16.318833879639012}, "Input Tokens per Minute": {"unit": "tokens/min", "min": 68755.43478260869, "p50": 68755.43478260869, "p90": 68755.43478260869, "p95": 68755.43478260869, "p99": 68755.43478260869, "max": 68755.43478260869}, "Output Tokens per Minute": {"unit": "tokens/min", "min": 89633.6956521739, "p50": 89633.6956521739, "p90": 89633.6956521739, "p95": 89633.6956521739, "p99": 89633.6956521739, "max": 89633.6956521739}}
{"target_qps": 5.0, "actual_qps": 4.746079155481517, "success_rate": 100.0, "input_tokens": 193, "output_tokens": 299, "model": "meta-llama/Llama-3.1-8B-Instruct", "input_tokens_per_minute": 58012.110726643594, "output_tokens_per_minute": 89864.01384083045, "Latency": {"unit": "s", "min": 2.3525761269847862, "p50": 2.485832649981603, "p90": 4.33065459402278, "p95": 4.54440333781531, "p99": 4.704000984074082, "max": 4.970745482016355}, "Throughput": {"unit": "tokens/s", "min": 60.35312028857022, "p50": 120.68390846914824, "p90": 125.39589708613322, "p95": 126.21716784892234, "p99": 126.89283888563675, "max": 127.51978418845022}, "TTFT": {"unit": "s", "min": 0.017349050962366164, "p50": 0.025686380977276713, "p90": 0.06106827738694839, "p95": 0.11916750421514728, "p99": 0.35011810740688826, "max": 0.4246249389834702}, "TPOT": {"unit": "ms", "min": 7.608479244150159,