{"target_qps": 2.5, "actual_qps": 2.499186257623658, "success_rate": 100.0, "input_tokens": 4281, "output_tokens": 176, "model": "meta-llama/Llama-3.1-8B-Instruct", "input_tokens_per_minute": 642234.965034965, "output_tokens_per_minute": 26440.90909090909, "Latency": {"unit": "s", "min": 0.42827230505645275, "p50": 2.536071761045605, "p90": 5.2713131560245525, "p95": 5.686770002008416, "p99": 7.2232036094856555, "max": 7.622945353970863}, "Throughput": {"unit": "tokens/s", "min": 17.678244609908365, "p50": 73.07443293525186, "p90": 93.60510838478538, "p95": 100.70052900292644, "p99": 111.44446052128406, "max": 119.97392227806652}, "TTFT": {"unit": "s", "min": 0.04449753405060619, "p50": 0.28538202098570764, "p90": 1.2007506421534344, "p95": 1.495847958524246, "p99": 2.935532823717227, "max": 4.412221270962618}, "TPOT": {"unit": "ms", "min": 8.111056522466242, "p50": 11.828019462137403, "p90": 22.00249921577661, "p95": 23.715337470333495, "p99": 24.761763251557408, "max": 25.627981059046256}, "Input Tokens per Minute": {"unit": "tokens/min", "min": 642234.965034965, "p50": 642234.965034965, "p90": 642234.965034965, "p95": 642234.965034965, "p99": 642234.965034965, "max": 642234.965034965}, "Output Tokens per Minute": {"unit": "tokens/min", "min": 26440.90909090909, "p50": 26440.90909090909, "p90": 26440.90909090909, "p95": 26440.90909090909, "p99": 26440.90909090909, "max": 26440.90909090909}}
{"target_qps": 2.5, "actual_qps": 2.4999379927470544, "success_rate": 100.0, "input_tokens": 4285, "output_tokens": 175, "model": "meta-llama/Llama-3.1-8B-Instruct", "input_tokens_per_minute": 642831.914893617, "output_tokens_per_minute": 26395.744680851065, "Latency": {"unit": "s", "min": 0.41655356297269464, "p50": 2.651563755935058, "p90": 5.509134648018517, "p95": 6.0376999450381845, "p99": 6.702528654388151, "max": 7.92760801804252}, "Throughput": {"unit": "tokens/s", "min": 9.51666591175641, "p50": 70.77173458693507, "p90": 91.31351810738728, "p95": 98.7106765779955, "p99": 105.80388087638656, "max": 113.45193765104639}, "TTFT": {"unit": "s", "min": 0.05279988003894687, "p50": 0.4877830119803548, "p90": 1.4767182789510116, "p95": 1.6940190159948543, "p99": 3.2050817838404315, "max": 3.486564351944253}, "TPOT": {"unit": "ms", "min": 8.198393484705994, "p50": 11.734450944399827, "p90": 21.850905095077305, "p95": 23.2392287434046, "p99": 24.820560703625024, "max": 26.72849218103679}, "Input Tokens per Minute": {"unit": "tokens/min", "min": 642831.914893617, "p50": 642831.914893617, "p90": 642831.914893617, "p95": 642831.914893617, "p99": 642831.914893617, "max": 642831.914893617}, "Output Tokens per Minute": {"unit": "tokens/min", "min": 26395.744680851065, "p50": 26395.744680851065, "p90": 26395.744680851065, "p95": 26395.744680851065, "p99": 26395.744680851065, "max": 26395.744680851065}}
{"target_qps": 2.5, "actual_qps": 2.4995632799716923, "success_rate": 100.0, "input_tokens": 4294, "output_tokens": 178, "model": "meta-llama/Llama-3.1-8B-Instruct", "input_tokens_per_minute": 648373.7170956011, "output_tokens_per_minute": 26919.29669998314, "Latency": {"unit": "s", "min": 0.3640134270535782, "p50": 2.6884299009107053, "p90": 5.655337948934175, "p95": 6.385984978056513, "p99": 7.184340161969885, "max": 8.452902617980726}, "Throughput": {"unit": "tokens/s", "min": 6.9861040614221475, "p50": 68.12690594212661, "p90": 90.74619451802621, "p95": 95.23073369111549, "p99": 100.46439444805176, "max": 109.47372465245785}, "TTFT": {"unit": "s", "min": 0.05863456299994141, "p50": 0.46691621898207814, "p90": 1.654125074041076, "p95": 2.113746583519969, "p99": 2.8558784580091015, "max": 4.032706552068703}, "TPOT": {"unit": "ms", "min": 7.452562557505991, "p50": 11.96134612069526, "p90": 22.132604030176214, "p95": 23.970025587749745, "p99": 25.081886505373475, "max": 25.899687763794923}, "Input Tokens per Minute": {"unit": "tokens/min", "min": 648373.7170956011, "p50": 648373.7170956011, "p90": 648373.7170956011, "p95": 648373.7170956011, "p99": 648373.7170956011, "max": 648373.7170956011}, "Output Tokens per Minute": {"unit": "tokens/min", "min": 26919.29669998314, "p50": 26919.29669998314, "p90": 26919.29669998314, "p95": 26919.29669998314, "p99": 26919.29669998314, "max": 26919.29669998314}}
{"target_qps": 2.5, "actual_qps": 2.499643513046045, "success_rate": 100.0, "input_tokens": 4288, "output_tokens": 177, "model": "meta-llama/Llama-3.1-8B-Instruct", "input_tokens_per_minute": 643335.0, "output_tokens_per_minute": 26687.0, "Latency": {"unit": "s", "min": 0.38408181502018124, "p50": 2.460486835509073, "p90": 5.329409320245031, "p95": 6.426832668896528, "p99": 7.237409674922235, "max": 7.416752855991945}, "Throughput": {"unit": "tokens/s", "min": 23.3226142383319, "p50": 73.81177018578069, "p90": 94.48697563513714, "p95": 98.81876109666035, "p99": 104.36451042593983, "max": 118.07908950584358}, "TTFT": {"unit": "s", "min": 0.05196082405745983, "p50": 0.26216475648107007, "p90": 1.281080302072223, "p95": 1.6970704237930456, "p99": 2.2391628143948017, "max": 2.496649610926397}, "TPOT": {"unit": "ms", "min": 8.109782904915363, "p50": 11.85546857304588, "p90": 22.448937619945017, "p95": 24.713613872062975, "p99": 25.603049411274604, "max": 25.875539029831415}, "Input Tokens per Minute": {"unit": "tokens/min", "min": 643335.0, "p50": 643335.0, "p90": 643335.0, "p95": 643335.0, "p99": 643335.0, "max": 643335.0}, "Output Tokens per Minute": {"unit": "tokens/min", "min": 26687.0, "p50": 26687.0, "p90": 26687.0, "p95": 26687.0, "p99": 26687.0, "max": 26687.0}}
{"target_qps": 2.5, "actual_qps": 2.4999011394925734, "success_rate": 100.0, "input_tokens": 4124, "output_tokens": 178, "model": "meta-llama/Llama-3.1-8B-Instruct", "input_tokens_per_minute": 618604.0540540541, "output_tokens_per_minute": 26816.554054054053, "Latency": {"unit": "s", "min": 0.4581623140256852, "p50": 2.5588655790197663, "p90": 5.351250748569146, "p95": 6.020216268510559, "p99": 8.261862887648169, "max": 9.414404078037478}, "Throughput": {"unit": "tokens/s", "min": 11.146971534467196, "p50": 72.8743722160478, "p90": 90.7830842324703, "p95": 96.12897112627113, "p99": 98.68374713018942, "max": 99.42880300687926}, "TTFT": {"unit": "s", "min": 0.057836593012325466, "p50": 0.3985229035024531, "p90": 1.465267992578447, "p95": 2.043081978865667, "p99": 3.4775030372291815, "max": 4.687789798015729}, "TPOT": {"unit": "ms", "min": 7.883836823406027, "p50": 11.480141698438956, "p90": 21.049060624258964, "p95": 23.234329270941895, "p99": 28.21305502889954, "max": 28.76328187936159}, "Input Tokens per Minute": {"unit": "tokens/min", "min": 618604.0540540541, "p50": 618604.0540540541, "p90": 618604.0540540541, "p95": 618604.0540540541, "p99": 618604.0540540541, "max": 618604.0540540541}, "Output Tokens per Minute": {"unit": "tokens/min", "min": 26816.554054054053, "p50": 26816.554054054053, "p90": 26816.554054054053, "p95": 26816.554054054053, "p99": 26816.554054054053, "max": 26816.554054054053}}
{"target_qps": 2.5, "actual_qps": 2.499568917807795, "success_rate": 100.0, "input_tokens": 4147, "output_tokens": 176, "model": "meta-llama/Llama-3.1-8B-Instruct", "input_tokens_per_minute": 622132.0945945946, "output_tokens_per_minute": 26540.878378378377, "Latency": {"unit": "s", "min": 0.2978619890054688, "p50": 2.389688709517941, "p90": 4.862735911528581, "p95": 5.756640260101995, "p99": 7.089141340644566, "max": 7.577003379934467}, "Throughput": {"unit": "tokens/s", "min": 11.893433032615077, "p50": 78.09325801292391, "p90": 94.41581718064467, "p95": 97.15591608316234, "p99": 100.86163919649992, "max": 106.34769181984973}, "TTFT": {"unit": "s", "min": 0.030774677987210453, "p50": 0.2294532975065522, "p90": 1.0854620720492678, "p95": 1.5172880816913685, "p99": 2.1008712838392243, "max": 3.2832259979331866}, "TPOT": {"unit": "ms", "min": 8.66800470633761, "p50": 11.423362344129004, "p90": 21.036434645212292, "p95": 22.655805310456316, "p99": 28.022888245589883, "max": 28.845451407171975},