{"target_qps": 5.0, "actual_qps": 4.996601868863466, "success_rate": 100.0, "input_tokens": 4099, "output_tokens": 175, "model": "meta-llama/Llama-3.1-8B-Instruct", "input_tokens_per_minute": 1229737.762237762, "output_tokens_per_minute": 52576.57342657343, "Latency": {"unit": "s", "min": 0.5008699769969098, "p50": 2.7236761279928032, "p90": 6.999383085494628, "p95": 7.917073285512743, "p99": 8.869557285789039, "max": 9.903850853967015}, "Throughput": {"unit": "tokens/s", "min": 5.275013230903124, "p50": 61.14548824056013, "p90": 84.0672145319158, "p95": 87.2058331463029, "p99": 92.64915041375554, "max": 94.02057008810353}, "TTFT": {"unit": "s", "min": 0.07705380697734654, "p50": 0.5079333414905705, "p90": 2.1375956269621383, "p95": 2.5214257999759866, "p99": 3.7332850131031496, "max": 5.477301136997994}, "TPOT": {"unit": "ms", "min": 8.910300929670283, "p50": 12.670063683059865, "p90": 26.814861988205383, "p95": 30.167450266276447, "p99": 32.22906967275776, "max": 34.25611812032431}, "Input Tokens per Minute": {"unit": "tokens/min", "min": 1229737.762237762, "p50": 1229737.762237762, "p90": 1229737.762237762, "p95": 1229737.762237762, "p99": 1229737.762237762, "max": 1229737.762237762}, "Output Tokens per Minute": {"unit": "tokens/min", "min": 52576.57342657343, "p50": 52576.57342657343, "p90": 52576.57342657343, "p95": 52576.57342657343, "p99": 52576.57342657343, "max": 52576.57342657343}}
{"target_qps": 5.0, "actual_qps": 4.997815037895996, "success_rate": 100.0, "input_tokens": 4221, "output_tokens": 181, "model": "meta-llama/Llama-3.1-8B-Instruct", "input_tokens_per_minute": 1266446.4163822525, "output_tokens_per_minute": 54340.955631399316, "Latency": {"unit": "s", "min": 0.4198714229860343, "p50": 2.8014677140163258, "p90": 8.284321132989136, "p95": 9.16125880578765, "p99": 12.862786459694613, "max": 13.172644320002291}, "Throughput": {"unit": "tokens/s", "min": 3.309959474628381, "p50": 63.22165589970926, "p90": 89.95608064258423, "p95": 96.86388544903171, "p99": 102.32568781789232, "max": 111.428506917961}, "TTFT": {"unit": "s", "min": 0.08908899402013049, "p50": 0.49925068498123437, "p90": 2.560375912836753, "p95": 3.7262176098185487, "p99": 6.047002650024368, "max": 6.432120787038002}, "TPOT": {"unit": "ms", "min": 7.891567220944143, "p50": 12.36298343198299, "p90": 30.173453640342114, "p95": 34.92554913774534, "p99": 45.29156342308389, "max": 46.280747924781586}, "Input Tokens per Minute": {"unit": "tokens/min", "min": 1266446.4163822525, "p50": 1266446.4163822525, "p90": 1266446.4163822525, "p95": 1266446.4163822525, "p99": 1266446.4163822525, "max": 1266446.4163822525}, "Output Tokens per Minute": {"unit": "tokens/min", "min": 54340.955631399316, "p50": 54340.955631399316, "p90": 54340.955631399316, "p95": 54340.955631399316, "p99": 54340.955631399316, "max": 54340.955631399316}}
{"target_qps": 5.0, "actual_qps": 4.996797651403814, "success_rate": 100.0, "input_tokens": 4336, "output_tokens": 179, "model": "meta-llama/Llama-3.1-8B-Instruct", "input_tokens_per_minute": 1301073.0, "output_tokens_per_minute": 53962.0, "Latency": {"unit": "s", "min": 0.514166244014632, "p50": 2.8032827340066433, "p90": 6.894990667502862, "p95": 7.585051159351133, "p99": 8.92253023397119, "max": 9.383765181002673}, "Throughput": {"unit": "tokens/s", "min": 6.505579675015973, "p50": 66.28087866618667, "p90": 83.45496097054043, "p95": 86.98614873570637, "p99": 91.13410912811023, "max": 94.42900000158102}, "TTFT": {"unit": "s", "min": 0.06545325496699661, "p50": 0.41404153397888876, "p90": 1.8942493763577677, "p95": 2.510307887062664, "p99": 3.2556406621145983, "max": 4.3671424119966105}, "TPOT": {"unit": "ms", "min": 7.909058528157938, "p50": 12.721833155780619, "p90": 26.183868093116573, "p95": 28.731025138491972, "p99": 38.379435485850344, "max": 93.62016774927422}, "Input Tokens per Minute": {"unit": "tokens/min", "min": 1301073.0, "p50": 1301073.0, "p90": 1301073.0, "p95": 1301073.0, "p99": 1301073.0, "max": 1301073.0}, "Output Tokens per Minute": {"unit": "tokens/min", "min": 53962.0, "p50": 53962.0, "p90": 53962.0, "p95": 53962.0, "p99": 53962.0, "max": 53962.0}}
{"target_qps": 5.0, "actual_qps": 4.996706831005943, "success_rate": 100.0, "input_tokens": 4249, "output_tokens": 170, "model": "meta-llama/Llama-3.1-8B-Instruct", "input_tokens_per_minute": 1274803.3783783785, "output_tokens_per_minute": 51127.7027027027, "Latency": {"unit": "s", "min": 0.3268926680320874, "p50": 2.7655250624811742, "p90": 6.508552587532904, "p95": 7.340294772468042, "p99": 8.515049527736851, "max": 9.399200464016758}, "Throughput": {"unit": "tokens/s", "min": 4.096710048142601, "p50": 66.54246119730828, "p90": 88.48914575981121, "p95": 93.45945874740548, "p99": 100.66474453528645, "max": 102.93365725232148}, "TTFT": {"unit": "s", "min": 0.05726312502520159, "p50": 0.4178047289897222, "p90": 1.8763641425175592, "p95": 2.359422752226237, "p99": 3.6186780909774874, "max": 4.338810455985367}, "TPOT": {"unit": "ms", "min": 8.775871864229853, "p50": 12.648358732790037, "p90": 26.414600271297545, "p95": 28.400508919657653, "p99": 34.70475889427185, "max": 37.367672577849}, "Input Tokens per Minute": {"unit": "tokens/min", "min": 1274803.3783783785, "p50": 1274803.3783783785, "p90": 1274803.3783783785, "p95": 1274803.3783783785, "p99": 1274803.3783783785, "max": 1274803.3783783785}, "Output Tokens per Minute": {"unit": "tokens/min", "min": 51127.7027027027, "p50": 51127.7027027027, "p90": 51127.7027027027, "p95": 51127.7027027027, "p99": 51127.7027027027, "max": 51127.7027027027}}
{"target_qps": 5.0, "actual_qps": 4.994542050600492, "success_rate": 100.0, "input_tokens": 4283, "output_tokens": 178, "model": "meta-llama/Llama-3.1-8B-Instruct", "input_tokens_per_minute": 1285153.5353535353, "output_tokens_per_minute": 53523.232323232325, "Latency": {"unit": "s", "min": 0.5398073320393451, "p50": 2.8048519100411795, "p90": 7.2281261145952165, "p95": 8.575924888788723, "p99": 9.566819023261779, "max": 11.250430215965025}, "Throughput": {"unit": "tokens/s", "min": 4.7376707501477755, "p50": 65.90627335109373, "p90": 81.83214667174212, "p95": 84.68876595870216, "p99": 91.82407847276939, "max": 98.57998343298375}, "TTFT": {"unit": "s", "min": 0.08628041396150365, "p50": 0.5163433270063251, "p90": 2.4853411412215807, "p95": 3.0438541590003285, "p99": 3.705103384803517, "max": 6.132293761998881}, "TPOT": {"unit": "ms", "min": 8.237100586377304, "p50": 12.538951135710835, "p90": 26.864845196987932, "p95": 30.70456527037928, "p99": 34.31515610765794, "max": 36.23967149802151}, "Input Tokens per Minute": {"unit": "tokens/min", "min": 1285153.5353535353, "p50": 1285153.5353535353, "p90": 1285153.5353535353, "p95": 1285153.5353535353, "p99": 1285153.5353535353, "max": 1285153.5353535353}, "Output Tokens per Minute": {"unit": "tokens/min", "min": 53523.232323232325, "p50": 53523.232323232325, "p90": 53523.232323232325, "p95": 53523.232323232325, "p99": 53523.232323232325, "max": 53523.232323232325}}
{"target_qps": 5.0, "actual_qps": 4.999965572656316, "success_rate": 100.0, "input_tokens": 4264, "output_tokens": 174, "model": "meta-llama/Llama-3.1-8B-Instruct", "input_tokens_per_minute": 1329119.5610703195, "output_tokens_per_minute": 54380.573846938154, "Latency": {"unit": "s", "min": 0.31099117000121623, "p50": 2.667636067024432, "p90": 7.125020907458386, "p95": 8.99318755798158, "p99": 10.506475920869848, "max": 10.583432437037118}, "Throughput": {"unit": "tokens/s", "min": 5.010936997812564, "p50": 70.70634358754683, "p90": 93.26147805781997, "p95": 98.5476835170879, "p99": 105.30864645244208, "max": 107.06990775674292}, "TTFT": {"unit": "s", "min": 0.022233077965211123, "p50": 0.31961464902269654, "p90": 2.344873952446506, "p95": 3.008219032132183, "p99": 3.6905231748631895, "max": 5.097035896964371}, "TPOT": {"unit": "ms", "min": 0.2937156089541057, "p50": 11.952287787048729, "p90": 26.369389805980756, "p95": 33.05294097384529, "p99": 42.60152236655899, "max": 43.038014269855225},