{"actual_qps": 6.503161125360441, "success_rate": 100.0, "input_tokens": 4198, "output_tokens": 177, "model": "meta-llama/Llama-3.1-8B-Instruct", "input_tokens_per_minute": 1521966.4886994762, "output_tokens_per_minute": 64419.917976178374, "Latency": {"unit": "s", "min": 0.7225140389055014, "p50": 3.8563235215260647, "p90": 10.884802893502638, "p95": 13.080848029232584, "p99": 15.23602389567532, "max": 16.9050005300669}, "Throughput": {"unit": "tokens/s", "min": 3.4167203586276953, "p50": 46.40138359762223, "p90": 65.1419511133624, "p95": 69.95319749079934, "p99": 78.99320569941624, "max": 85.75100510192237}, "TTFT": {"unit": "s", "min": 0.1317485630279407, "p50": 1.1369825499714352, "p90": 3.92951488296967, "p95": 4.854435335058952, "p99": 7.682961334957512, "max": 8.335867017973214}, "TPOT": {"unit": "ms", "min": 7.995608056496296, "p50": 15.091015231308887, "p90": 38.768608582875316, "p95": 42.50097464686423, "p99": 48.763855562069196, "max": 54.714306335275374}, "Input Tokens per Minute": {"unit": "tokens/min", "min": 1521966.4886994762, "p50": 1521966.4886994762, "p90": 1521966.4886994762, "p95": 1521966.4886994762, "p99": 1521966.4886994762, "max": 1521966.4886994762}, "Output Tokens per Minute": {"unit": "tokens/min", "min": 64419.917976178374, "p50": 64419.917976178374, "p90": 64419.917976178374, "p95": 64419.917976178374, "p99": 64419.917976178374, "max": 64419.917976178374}}
{"actual_qps": 6.096348346690774, "success_rate": 100.0, "input_tokens": 4270, "output_tokens": 175, "model": "meta-llama/Llama-3.1-8B-Instruct", "input_tokens_per_minute": 1536706.5277503433, "output_tokens_per_minute": 63023.45923889438, "Latency": {"unit": "s", "min": 0.5791933229193091, "p50": 3.6356641479651444, "p90": 7.957638053048868, "p95": 8.928588451555697, "p99": 10.734794700250495, "max": 12.13595240993891}, "Throughput": {"unit": "tokens/s", "min": 5.711192217852324, "p50": 48.934032593490194, "p90": 71.38844137305657, "p95": 79.05788002167938, "p99": 88.81765690764203, "max": 95.28620034108262}, "TTFT": {"unit": "s", "min": 0.10311372100841254, "p50": 0.9328737649484538, "p90": 2.4820944925304502, "p95": 3.1035681962384842, "p99": 4.178461790003349, "max": 5.434704991988838}, "TPOT": {"unit": "ms", "min": 5.390067657070427, "p50": 14.540221105708774, "p90": 29.012911467188175, "p95": 35.64287501389638, "p99": 43.912601129979095, "max": 60.81746635301148}, "Input Tokens per Minute": {"unit": "tokens/min", "min": 1536706.5277503433, "p50": 1536706.5277503433, "p90": 1536706.5277503433, "p95": 1536706.5277503433, "p99": 1536706.5277503433, "max": 1536706.5277503433}, "Output Tokens per Minute": {"unit": "tokens/min", "min": 63023.45923889438, "p50": 63023.45923889438, "p90": 63023.45923889438, "p95": 63023.45923889438, "p99": 63023.45923889438, "max": 63023.45923889438}}
{"actual_qps": 5.887096672228551, "success_rate": 100.0, "input_tokens": 4306, "output_tokens": 179, "model": "meta-llama/Llama-3.1-8B-Instruct", "input_tokens_per_minute": 1541486.2615105473, "output_tokens_per_minute": 64218.14685844749, "Latency": {"unit": "s", "min": 0.7336109790485352, "p50": 3.647827609500382, "p90": 6.9504974315874275, "p95": 7.907821049593618, "p99": 10.102934579893484, "max": 11.430096494965255}, "Throughput": {"unit": "tokens/s", "min": 8.629150327792159, "p50": 50.05449848575183, "p90": 69.94936890237128, "p95": 74.93371325084475, "p99": 83.89153890600268, "max": 89.91953702820874}, "TTFT": {"unit": "s", "min": 0.15539887791965157, "p50": 0.8997883885167539, "p90": 2.394627810257952, "p95": 3.06154657640145, "p99": 4.189779669663405, "max": 5.025924043031409}, "TPOT": {"unit": "ms", "min": 5.38208416197449, "p50": 14.313977818945471, "p90": 25.50992581176229, "p95": 27.4298499651001, "p99": 35.901392438272296, "max": 37.64604852738411}, "Input Tokens per Minute": {"unit": "tokens/min", "min": 1541486.2615105473, "p50": 1541486.2615105473, "p90": 1541486.2615105473, "p95": 1541486.2615105473, "p99": 1541486.2615105473, "max": 1541486.2615105473}, "Output Tokens per Minute": {"unit": "tokens/min", "min": 64218.14685844749, "p50": 64218.14685844749, "p90": 64218.14685844749, "p95": 64218.14685844749, "p99": 64218.14685844749, "max": 64218.14685844749}}
{"actual_qps": 6.232638451483565, "success_rate": 100.0, "input_tokens": 4336, "output_tokens": 175, "model": "meta-llama/Llama-3.1-8B-Instruct", "input_tokens_per_minute": 1560658.2937788982, "output_tokens_per_minute": 63075.57318443867, "Latency": {"unit": "s", "min": 0.49394196702633053, "p50": 3.648792637512088, "p90": 8.845936126075685, "p95": 9.572365018510027, "p99": 10.770794883044438, "max": 11.622935937019065}, "Throughput": {"unit": "tokens/s", "min": 4.185946357167045, "p50": 47.23398988476784, "p90": 68.50033130918493, "p95": 71.7226340956988, "p99": 77.74163738253029, "max": 83.5899907225473}, "TTFT": {"unit": "s", "min": 0.10221556399483234, "p50": 0.9740754080121405, "p90": 2.6642291874741204, "p95": 3.7214406079729088, "p99": 4.7569327851233565, "max": 5.667237613000907}, "TPOT": {"unit": "ms", "min": 6.605933707974413, "p50": 14.664647364509221, "p90": 33.43361622335661, "p95": 38.48422857567559, "p99": 47.21124072430263, "max": 89.17768926066519}, "Input Tokens per Minute": {"unit": "tokens/min", "min": 1560658.2937788982, "p50": 1560658.2937788982, "p90": 1560658.2937788982, "p95": 1560658.2937788982, "p99": 1560658.2937788982, "max": 1560658.2937788982}, "Output Tokens per Minute": {"unit": "tokens/min", "min": 63075.57318443867, "p50": 63075.57318443867, "p90": 63075.57318443867, "p95": 63075.57318443867, "p99": 63075.57318443867, "max": 63075.57318443867}}
{"actual_qps": 6.209491353836755, "success_rate": 100.0, "input_tokens": 4220, "output_tokens": 176, "model": "meta-llama/Llama-3.1-8B-Instruct", "input_tokens_per_minute": 1609865.8471651932, "output_tokens_per_minute": 67267.96050422618, "Latency": {"unit": "s", "min": 0.5976601409493014, "p50": 3.7680828515440226, "p90": 8.866261084342842, "p95": 9.86483380369027, "p99": 11.018452152103416, "max": 11.99706789595075}, "Throughput": {"unit": "tokens/s", "min": 3.3969697881297694, "p50": 44.97487621574528, "p90": 69.92024821243275, "p95": 75.10971285903614, "p99": 86.70766566996555, "max": 89.67859766390154}, "TTFT": {"unit": "s", "min": 0.1205076799960807, "p50": 1.1308200464700349, "p90": 3.0461514572380115, "p95": 3.597364476096118, "p99": 5.207475224859081, "max": 5.7146964750718325}, "TPOT": {"unit": "ms", "min": 8.05520112215377, "p50": 14.951115924556127, "p90": 30.841496605168672, "p95": 35.2508082876259, "p99": 40.75079371591084, "max": 79.62012002145515}, "Input Tokens per Minute": {"unit": "tokens/min", "min": 1609865.8471651932, "p50": 1609865.8471651932, "p90": 1609865.8471651932, "p95": 1609865.8471651932, "p99": 1609865.8471651932, "max": 1609865.8471651932}, "Output Tokens per Minute": {"unit": "tokens/min", "min": 67267.96050422618, "p50": 67267.96050422618, "p90": 67267.96050422618, "p95": 67267.96050422618, "p99": 67267.96050422618, "max": 67267.96050422618}}
{"actual_qps": 6.287548444434925, "success_rate": 100.0, "input_tokens": 4303, "output_tokens": 174, "model": "meta-llama/Llama-3.1-8B-Instruct", "input_tokens_per_minute": 1632796.073337161, "output_tokens_per_minute": 66235.77592562007, "Latency": {"unit": "s", "min": 0.5454538390040398, "p50": 3.712502368085552, "p90": 7.330370664014481, "p95": 8.494742909504566, "p99": 10.606391544686627, "max": 13.668389342026785}, "Throughput": {"unit": "tokens/s", "min": 8.440393559361821, "p50": 49.315043048977266, "p90": 67.60319006650663, "p95": 70.27849865431003, "p99": 76.1553575908516, "max": 80.38235545567014}, "TTFT": {"unit": "s", "min": 0.04244964208919555, "p50": 0.7640280500054359, "p90": 2.48862979747355, "p95": 3.014612385246437, "p99": 4.977206199470668, "max": 5.769834756967612}, "TPOT": {"unit": "ms", "min": 9.059107174192938, "p50": 15.734102085381238, "p90": 25.985590841834103, "p95": 29.614513849403572, "p99": 43.72869300665965, "max": 46.01884729652455},