{"target_qps": 4.5, "actual_qps": 4.495771319982695, "success_rate": 100.0, "input_tokens": 4169, "output_tokens": 173, "model": "meta-llama/Llama-3.1-8B-Instruct", "input_tokens_per_minute": 1125679.2, "output_tokens_per_minute": 46778.4, "Latency": {"unit": "s", "min": 0.33906574198044837, "p50": 4.118602839007508, "p90": 21.79338949258672, "p95": 25.250506052037235, "p99": 29.967149767666122, "max": 30.06564728001831}, "Throughput": {"unit": "tokens/s", "min": 0.6318494505205439, "p50": 42.17588248210454, "p90": 63.693563910189035, "p95": 66.95072555879855, "p99": 74.17064229832988, "max": 77.62411137762992}, "TTFT": {"unit": "s", "min": 0.08802088897209615, "p50": 0.9905601650243625, "p90": 10.089469116588587, "p95": 17.108769098599435, "p99": 24.250978601730885, "max": 28.035489760979544}, "TPOT": {"unit": "ms", "min": 8.502726528711397, "p50": 18.29989402012048, "p90": 57.23014004866116, "p95": 59.91168509810379, "p99": 73.00920331923189, "max": 74.23731401661931}, "Input Tokens per Minute": {"unit": "tokens/min", "min": 1125679.2, "p50": 1125679.2, "p90": 1125679.2, "p95": 1125679.2, "p99": 1125679.2, "max": 1125679.2}, "Output Tokens per Minute": {"unit": "tokens/min", "min": 46778.4, "p50": 46778.4, "p90": 46778.4, "p95": 46778.4, "p99": 46778.4, "max": 46778.4}}
{"target_qps": 4.5, "actual_qps": 4.490014525439604, "success_rate": 100.0, "input_tokens": 4174, "output_tokens": 176, "model": "meta-llama/Llama-3.1-8B-Instruct", "input_tokens_per_minute": 1127156.4473684211, "output_tokens_per_minute": 47628.94736842105, "Latency": {"unit": "s", "min": 0.6337497169733979, "p50": 4.12911062350031, "p90": 21.17835734630353, "p95": 24.790124308844675, "p99": 29.628722961810404, "max": 32.06400334998034}, "Throughput": {"unit": "tokens/s", "min": 0.8240289794187498, "p50": 44.934440194937444, "p90": 64.79902595949919, "p95": 71.0866591478801, "p99": 75.48755686996275, "max": 79.82230800799968}, "TTFT": {"unit": "s", "min": 0.055403945967555046, "p50": 0.7735611330135725, "p90": 9.417486229114003, "p95": 14.03873674678609, "p99": 22.402092563530314, "max": 27.168591075984295}, "TPOT": {"unit": "ms", "min": 9.282365899671094, "p50": 18.511618791299, "p90": 55.8801332115254, "p95": 59.732811580117826, "p99": 73.27835868736648, "max": 109.78718657113079}, "Input Tokens per Minute": {"unit": "tokens/min", "min": 1127156.4473684211, "p50": 1127156.4473684211, "p90": 1127156.4473684211, "p95": 1127156.4473684211, "p99": 1127156.4473684211, "max": 1127156.4473684211}, "Output Tokens per Minute": {"unit": "tokens/min", "min": 47628.94736842105, "p50": 47628.94736842105, "p90": 47628.94736842105, "p95": 47628.94736842105, "p99": 47628.94736842105, "max": 47628.94736842105}}
{"target_qps": 4.5, "actual_qps": 4.498184324016521, "success_rate": 100.0, "input_tokens": 4147, "output_tokens": 179, "model": "meta-llama/Llama-3.1-8B-Instruct", "input_tokens_per_minute": 1168596.8288663286, "output_tokens_per_minute": 50651.357811511705, "Latency": {"unit": "s", "min": 0.38349754898808897, "p50": 4.154663449007785, "p90": 16.952718886785444, "p95": 22.830424829263936, "p99": 28.667835578103542, "max": 35.408674531034194}, "Throughput": {"unit": "tokens/s", "min": 2.416029493331312, "p50": 43.1471147934683, "p90": 70.45360724545358, "p95": 74.20478159009085, "p99": 88.97857747039511, "max": 94.31729106567414}, "TTFT": {"unit": "s", "min": 0.0832280870527029, "p50": 0.7359862980083562, "p90": 8.41446907563368, "p95": 12.007889976687146, "p99": 18.14552940377849, "max": 25.384986060031224}, "TPOT": {"unit": "ms", "min": 7.661223668643895, "p50": 18.025165969703636, "p90": 51.64584196816157, "p95": 57.33491508347208, "p99": 74.01441272987572, "max": 92.13601907345662}, "Input Tokens per Minute": {"unit": "tokens/min", "min": 1168596.8288663286, "p50": 1168596.8288663286, "p90": 1168596.8288663286, "p95": 1168596.8288663286, "p99": 1168596.8288663286, "max": 1168596.8288663286}, "Output Tokens per Minute": {"unit": "tokens/min", "min": 50651.357811511705, "p50": 50651.357811511705, "p90": 50651.357811511705, "p95": 50651.357811511705, "p99": 50651.357811511705, "max": 50651.357811511705}}
{"target_qps": 4.5, "actual_qps": 4.499476643972381, "success_rate": 100.0, "input_tokens": 4161, "output_tokens": 182, "model": "meta-llama/Llama-3.1-8B-Instruct", "input_tokens_per_minute": 1129337.4334676203, "output_tokens_per_minute": 49492.93122341793, "Latency": {"unit": "s", "min": 0.32581197697436437, "p50": 4.289697074011201, "p90": 17.258644816122253, "p95": 22.391435998748054, "p99": 29.662611844948877, "max": 35.19905887998175}, "Throughput": {"unit": "tokens/s", "min": 2.6205857433916786, "p50": 44.36824960114407, "p90": 70.70321681174121, "p95": 73.58328609531198, "p99": 86.15998919877586, "max": 101.90243116010811}, "TTFT": {"unit": "s", "min": 0.07541088096331805, "p50": 0.5966800340102054, "p90": 8.230993618129288, "p95": 11.5789187387767, "p99": 16.360290493493675, "max": 20.686007648997474}, "TPOT": {"unit": "ms", "min": 9.191760793913286, "p50": 20.204706334107644, "p90": 53.12373615712414, "p95": 58.839702254721445, "p99": 75.0596181541827, "max": 144.0301289109306}, "Input Tokens per Minute": {"unit": "tokens/min", "min": 1129337.4334676203, "p50": 1129337.4334676203, "p90": 1129337.4334676203, "p95": 1129337.4334676203, "p99": 1129337.4334676203, "max": 1129337.4334676203}, "Output Tokens per Minute": {"unit": "tokens/min", "min": 49492.93122341793, "p50": 49492.93122341793, "p90": 49492.93122341793, "p95": 49492.93122341793, "p99": 49492.93122341793, "max": 49492.93122341793}}
{"target_qps": 4.5, "actual_qps": 4.496605232720377, "success_rate": 100.0, "input_tokens": 4354, "output_tokens": 182, "model": "meta-llama/Llama-3.1-8B-Instruct", "input_tokens_per_minute": 1175786.590909091, "output_tokens_per_minute": 49373.181818181816, "Latency": {"unit": "s", "min": 0.9788925139582716, "p50": 5.375649880501442, "p90": 19.669887868623483, "p95": 23.376564629247877, "p99": 25.99783937178087, "max": 27.740766129049007}, "Throughput": {"unit": "tokens/s", "min": 1.7304213506861437, "p50": 33.50767762277016, "p90": 58.496684683829905, "p95": 63.212135052718615, "p99": 90.63013928835342, "max": 98.89575893282861}, "TTFT": {"unit": "s", "min": 0.11217252200003713, "p50": 1.2129751809989102, "p90": 9.210994484130063, "p95": 11.512371698551577, "p99": 15.336166522870194, "max": 16.579223993991036}, "TPOT": {"unit": "ms", "min": 8.97939238784602, "p50": 22.77232653282386, "p90": 57.15148865675844, "p95": 60.79416172863968, "p99": 92.92855846330856, "max": 97.18856821430619}, "Input Tokens per Minute": {"unit": "tokens/min", "min": 1175786.590909091, "p50": 1175786.590909091, "p90": 1175786.590909091, "p95": 1175786.590909091, "p99": 1175786.590909091, "max": 1175786.590909091}, "Output Tokens per Minute": {"unit": "tokens/min", "min": 49373.181818181816, "p50": 49373.181818181816, "p90": 49373.181818181816, "p95": 49373.181818181816, "p99": 49373.181818181816, "max": 49373.181818181816}}
{"target_qps": 4.5, "actual_qps": 4.498952651398589, "success_rate": 100.0, "input_tokens": 4359, "output_tokens": 181, "model": "meta-llama/Llama-3.1-8B-Instruct", "input_tokens_per_minute": 1177001.5298507463, "output_tokens_per_minute": 49007.014925373136, "Latency": {"unit": "s", "min": 0.4836135689984076, "p50": 5.023233692976646, "p90": 20.291637275810356, "p95": 23.472512810668547, "p99": 26.225808020781255, "max": 28.709557738970034}, "Throughput": {"unit": "tokens/s", "min": 0.8290609039921931, "p50": 36.32424781404592, "p90": 61.30453087841368, "p95": 71.53031480906118, "p99": 88.8521884322977, "max": 95.31028847149699}, "TTFT": {"unit": "s", "min": 0.06117553397780284, "p50": 1.0199800100235734, "p90": 8.843278863612795, "p95": 11.042212711294987, "p99": 15.060358623773787, "max": 17.766106408962514}, "TPOT": {"unit": "ms", "min": 9.88640298981491, "p50": 22.43944200055247, "p90": 59.011268742726514, "p95": 68.42208129292973, "p99": 96.98807938078217, "max": 432.88871152874304},