{"target_qps": 3.0, "actual_qps": 2.9993056867287673, "success_rate": 100.0, "input_tokens": 4192, "output_tokens": 172, "model": "meta-llama/Llama-3.1-8B-Instruct", "input_tokens_per_minute": 754639.4117647059, "output_tokens_per_minute": 31081.764705882353, "Latency": {"unit": "s", "min": 0.3608249229728244, "p50": 2.323759810999036, "p90": 6.00124002189259, "p95": 6.551314725537667, "p99": 7.0854801547247925, "max": 7.435393325984478}, "Throughput": {"unit": "tokens/s", "min": 10.35097755983452, "p50": 79.6022346712096, "p90": 100.79844512947406, "p95": 105.50689357309723, "p99": 112.1454455465599, "max": 119.69227601626183}, "TTFT": {"unit": "s", "min": 0.05081304704071954, "p50": 0.33259936451213434, "p90": 1.770829813269665, "p95": 2.164828883938025, "p99": 3.0559515336842744, "max": 3.6606771359802224}, "TPOT": {"unit": "ms", "min": 6.898420077796357, "p50": 10.512915319075027, "p90": 21.453427369928633, "p95": 23.298863800156187, "p99": 25.44673047676664, "max": 26.23845434668076}, "Input Tokens per Minute": {"unit": "tokens/min", "min": 754639.4117647059, "p50": 754639.4117647059, "p90": 754639.4117647059, "p95": 754639.4117647059, "p99": 754639.4117647059, "max": 754639.4117647059}, "Output Tokens per Minute": {"unit": "tokens/min", "min": 31081.764705882353, "p50": 31081.764705882353, "p90": 31081.764705882353, "p95": 31081.764705882353, "p99": 31081.764705882353, "max": 31081.764705882353}}
{"target_qps": 3.0, "actual_qps": 2.998294856472544, "success_rate": 100.0, "input_tokens": 4279, "output_tokens": 178, "model": "meta-llama/Llama-3.1-8B-Instruct", "input_tokens_per_minute": 774077.7785484672, "output_tokens_per_minute": 32314.622531442255, "Latency": {"unit": "s", "min": 0.30080403201282024, "p50": 2.2188491499982774, "p90": 5.664193350006826, "p95": 6.18082237400813, "p99": 7.204093930614169, "max": 8.037143353023566}, "Throughput": {"unit": "tokens/s", "min": 7.918516672269163, "p50": 84.2438229511095, "p90": 104.64177937017882, "p95": 109.93872147159516, "p99": 116.2262298563021, "max": 123.27909578917973}, "TTFT": {"unit": "s", "min": 0.06206992903025821, "p50": 0.303171209001448, "p90": 1.7892543470370583, "p95": 2.123247050039936, "p99": 2.852407489391035, "max": 3.6003431730205193}, "TPOT": {"unit": "ms", "min": 7.825483276389409, "p50": 10.207471999938802, "p90": 21.84923727126165, "p95": 23.066565399879916, "p99": 24.451449641833783, "max": 25.069589764290654}, "Input Tokens per Minute": {"unit": "tokens/min", "min": 774077.7785484672, "p50": 774077.7785484672, "p90": 774077.7785484672, "p95": 774077.7785484672, "p99": 774077.7785484672, "max": 774077.7785484672}, "Output Tokens per Minute": {"unit": "tokens/min", "min": 32314.622531442255, "p50": 32314.622531442255, "p90": 32314.622531442255, "p95": 32314.622531442255, "p99": 32314.622531442255, "max": 32314.622531442255}}
{"target_qps": 3.0, "actual_qps": 2.9998997863971777, "success_rate": 100.0, "input_tokens": 4077, "output_tokens": 185, "model": "meta-llama/Llama-3.1-8B-Instruct", "input_tokens_per_minute": 741746.165679505, "output_tokens_per_minute": 33739.81201988554, "Latency": {"unit": "s", "min": 0.20199408801272511, "p50": 2.139245869999286, "p90": 5.155367203598144, "p95": 6.357624704096814, "p99": 7.152543363071745, "max": 7.546870619000401}, "Throughput": {"unit": "tokens/s", "min": 23.136796298689433, "p50": 90.45088964085281, "p90": 108.27340822282645, "p95": 113.7588033330977, "p99": 117.25356152309823, "max": 120.02282255680447}, "TTFT": {"unit": "s", "min": 0.02966957399621606, "p50": 0.25151636847294867, "p90": 1.6250245925621134, "p95": 1.9657056200725487, "p99": 3.0709753015427848, "max": 4.159415854024701}, "TPOT": {"unit": "ms", "min": 7.906639251457855, "p50": 9.8148267587469, "p90": 19.33046340601108, "p95": 22.99470456854391, "p99": 24.62615814093388, "max": 25.414652150737393}, "Input Tokens per Minute": {"unit": "tokens/min", "min": 741746.165679505, "p50": 741746.165679505, "p90": 741746.165679505, "p95": 741746.165679505, "p99": 741746.165679505, "max": 741746.165679505}, "Output Tokens per Minute": {"unit": "tokens/min", "min": 33739.81201988554, "p50": 33739.81201988554, "p90": 33739.81201988554, "p95": 33739.81201988554, "p99": 33739.81201988554, "max": 33739.81201988554}}
{"target_qps": 3.0, "actual_qps": 2.999639748164821, "success_rate": 100.0, "input_tokens": 4356, "output_tokens": 181, "model": "meta-llama/Llama-3.1-8B-Instruct", "input_tokens_per_minute": 787993.8644089751, "output_tokens_per_minute": 32746.3769907743, "Latency": {"unit": "s", "min": 0.3205847219796851, "p50": 2.2418541189981624, "p90": 5.839934026997071, "p95": 6.412357010005508, "p99": 6.934407362178897, "max": 7.813661728054285}, "Throughput": {"unit": "tokens/s", "min": 25.26372124122591, "p50": 78.01356396018784, "p90": 102.90155406853798, "p95": 108.90489138102328, "p99": 119.186561537545, "max": 125.9821434031039}, "TTFT": {"unit": "s", "min": 0.033738307014573365, "p50": 0.3068030970171094, "p90": 1.6940094629535452, "p95": 2.216078886995092, "p99": 3.095518124406225, "max": 3.7169453510432504}, "TPOT": {"unit": "ms", "min": 7.771556080499168, "p50": 10.079239241207889, "p90": 21.74325502008415, "p95": 22.423914045179682, "p99": 23.10128041201425, "max": 25.590480683423486}, "Input Tokens per Minute": {"unit": "tokens/min", "min": 787993.8644089751, "p50": 787993.8644089751, "p90": 787993.8644089751, "p95": 787993.8644089751, "p99": 787993.8644089751, "max": 787993.8644089751}, "Output Tokens per Minute": {"unit": "tokens/min", "min": 32746.3769907743, "p50": 32746.3769907743, "p90": 32746.3769907743, "p95": 32746.3769907743, "p99": 32746.3769907743, "max": 32746.3769907743}}
{"target_qps": 3.0, "actual_qps": 2.9999716102707645, "success_rate": 100.0, "input_tokens": 4161, "output_tokens": 175, "model": "meta-llama/Llama-3.1-8B-Instruct", "input_tokens_per_minute": 749012.3595505618, "output_tokens_per_minute": 31520.224719101123, "Latency": {"unit": "s", "min": 0.17156446404987946, "p50": 2.108360988990171, "p90": 5.785089665726993, "p95": 7.022870892973151, "p99": 7.826890728871803, "max": 7.896566228999291}, "Throughput": {"unit": "tokens/s", "min": 7.249437524556133, "p50": 84.380651907127, "p90": 108.20683645142081, "p95": 112.05888656022678, "p99": 120.68112832773176, "max": 121.88336734080707}, "TTFT": {"unit": "s", "min": 0.024237157020252198, "p50": 0.26573482950334437, "p90": 1.7340349591046114, "p95": 2.6932498606329323, "p99": 2.965824800197151, "max": 3.551565819012467}, "TPOT": {"unit": "ms", "min": 7.193360409206327, "p50": 9.777846667819908, "p90": 22.16790126038168, "p95": 23.72153072046694, "p99": 26.14025897942554, "max": 26.757768286572276}, "Input Tokens per Minute": {"unit": "tokens/min", "min": 749012.3595505618, "p50": 749012.3595505618, "p90": 749012.3595505618, "p95": 749012.3595505618, "p99": 749012.3595505618, "max": 749012.3595505618}, "Output Tokens per Minute": {"unit": "tokens/min", "min": 31520.224719101123, "p50": 31520.224719101123, "p90": 31520.224719101123, "p95": 31520.224719101123, "p99": 31520.224719101123, "max": 31520.224719101123}}
{"target_qps": 3.0, "actual_qps": 2.9999774075679593, "success_rate": 100.0, "input_tokens": 4309, "output_tokens": 164, "model": "meta-llama/Llama-3.1-8B-Instruct", "input_tokens_per_minute": 783912.1856776972, "output_tokens_per_minute": 29858.019612372416, "Latency": {"unit": "s", "min": 0.20902062102686614, "p50": 2.047826712980168, "p90": 4.8508563671901355, "p95": 6.137660879164465, "p99": 8.367101055874954, "max": 8.431939054979011}, "Throughput": {"unit": "tokens/s", "min": 9.227905475631484, "p50": 89.42409758066074, "p90": 112.492741489349, "p95": 116.24825929306564, "p99": 121.74238382671554, "max": 122.54143097341746}, "TTFT": {"unit": "s", "min": 0.019131682987790555, "p50": 0.21407392699620686, "p90": 1.6073844751284927, "p95": 2.0848445053707105, "p99": 3.0727207836176964, "max": 3.7779858669964597}, "TPOT": {"unit": "ms", "min": 7.8765089446959555,