{"target_qps": 6.0, "actual_qps": 4.647078376709306, "success_rate": 100.0, "input_tokens": 173, "output_tokens": 349, "model": "meta-llama/Llama-3.1-8B-Instruct", "input_tokens_per_minute": 62520.00000000001, "output_tokens_per_minute": 125725.9090909091, "Latency": {"unit": "s", "min": 2.4797641210025176, "p50": 3.2633182645076886, "p90": 5.657747373403981, "p95": 5.9576648302027015, "p99": 9.527748520995956, "max": 10.519285464892164}, "Throughput": {"unit": "tokens/s", "min": 33.27222187933921, "p50": 107.19232571658989, "p90": 111.79417866446306, "p95": 112.21134570981496, "p99": 113.79843641317714, "max": 116.0014626609825}, "TTFT": {"unit": "s", "min": 0.08296539599541575, "p50": 0.15619248704751953, "p90": 0.3080932687036694, "p95": 0.5230932535603642, "p99": 1.0126368611620302, "max": 2.447350911097601}, "TPOT": {"unit": "ms", "min": 8.276920028452503, "p50": 8.898770547389216, "p90": 15.628226898593248, "p95": 15.820414453319922, "p99": 26.284848403153585, "max": 29.549804475774888}, "Input Tokens per Minute": {"unit": "tokens/min", "min": 62520.00000000001, "p50": 62520.00000000001, "p90": 62520.00000000001, "p95": 62520.00000000001, "p99": 62520.00000000001, "max": 62520.00000000001}, "Output Tokens per Minute": {"unit": "tokens/min", "min": 125725.9090909091, "p50": 125725.9090909091, "p90": 125725.9090909091, "p95": 125725.9090909091, "p99": 125725.9090909091, "max": 125725.9090909091}}
{"target_qps": 6.0, "actual_qps": 4.552697794258367, "success_rate": 100.0, "input_tokens": 173, "output_tokens": 348, "model": "meta-llama/Llama-3.1-8B-Instruct", "input_tokens_per_minute": 62507.95366795367, "output_tokens_per_minute": 125514.90347490348, "Latency": {"unit": "s", "min": 0.17000460193958133, "p50": 3.2663619939703494, "p90": 4.640705699403773, "p95": 6.7675942917820056, "p99": 10.339608562975187, "max": 11.021136339986697}, "Throughput": {"unit": "tokens/s", "min": 5.8821937088232135, "p50": 107.12058440159798, "p90": 111.82913130216934, "p95": 112.60176664836148, "p99": 113.6307093924616, "max": 115.0835480337993}, "TTFT": {"unit": "s", "min": 0.06651951000094414, "p50": 0.16025223047472537, "p90": 0.5575501331477426, "p95": 0.6674301894323433, "p99": 1.8670800632925286, "max": 2.665527803939767}, "TPOT": {"unit": "ms", "min": 8.298223933944195, "p50": 8.85704293997857, "p90": 12.528337239665394, "p95": 15.97982089478525, "p99": 27.72225330935334, "max": 29.583818051379634}, "Input Tokens per Minute": {"unit": "tokens/min", "min": 62507.95366795367, "p50": 62507.95366795367, "p90": 62507.95366795367, "p95": 62507.95366795367, "p99": 62507.95366795367, "max": 62507.95366795367}, "Output Tokens per Minute": {"unit": "tokens/min", "min": 125514.90347490348, "p50": 125514.90347490348, "p90": 125514.90347490348, "p95": 125514.90347490348, "p99": 125514.90347490348, "max": 125514.90347490348}}
{"target_qps": 6.0, "actual_qps": 6.145961962965514, "success_rate": 100.0, "input_tokens": 169, "output_tokens": 348, "model": "meta-llama/Llama-3.1-8B-Instruct", "input_tokens_per_minute": 60848.60068259386, "output_tokens_per_minute": 125614.19795221843, "Latency": {"unit": "s", "min": 1.6505008320091292, "p50": 3.3757276830729097, "p90": 13.388745091133751, "p95": 15.618647812423292, "p99": 18.06315805245656, "max": 23.784844937967137}, "Throughput": {"unit": "tokens/s", "min": 14.71525254475399, "p50": 102.14246991174082, "p90": 111.11933611078202, "p95": 111.78449880681076, "p99": 112.88591644447537, "max": 114.63203309976984}, "TTFT": {"unit": "s", "min": 0.021288747899234295, "p50": 0.12586963910143822, "p90": 0.35273809100035625, "p95": 0.48984443880617595, "p99": 1.4439378587435925, "max": 4.220703660044819}, "TPOT": {"unit": "ms", "min": 7.992436455557374, "p50": 9.45537871638457, "p90": 37.691499651769945, "p95": 43.623146561393376, "p99": 48.218622488626146, "max": 68.01546667335572}, "Input Tokens per Minute": {"unit": "tokens/min", "min": 60848.60068259386, "p50": 60848.60068259386, "p90": 60848.60068259386, "p95": 60848.60068259386, "p99": 60848.60068259386, "max": 60848.60068259386}, "Output Tokens per Minute": {"unit": "tokens/min", "min": 125614.19795221843, "p50": 125614.19795221843, "p90": 125614.19795221843, "p95": 125614.19795221843, "p99": 125614.19795221843, "max": 125614.19795221843}}
{"target_qps": 6.0, "actual_qps": 5.518134578271577, "success_rate": 100.0, "input_tokens": 169, "output_tokens": 349, "model": "meta-llama/Llama-3.1-8B-Instruct", "input_tokens_per_minute": 60914.48275862069, "output_tokens_per_minute": 125995.86206896552, "Latency": {"unit": "s", "min": 3.0450336299836636, "p50": 3.375341488979757, "p90": 12.904764001024887, "p95": 15.177993449033238, "p99": 17.991792524652553, "max": 21.360010585049167}, "Throughput": {"unit": "tokens/s", "min": 16.38575967022136, "p50": 103.6932118254477, "p90": 110.5396849499381, "p95": 111.36279307486906, "p99": 114.2495567568496, "max": 114.9412592864788}, "TTFT": {"unit": "s", "min": 0.021108997985720634, "p50": 0.11295241001062095, "p90": 0.3560529040405527, "p95": 0.4754839170491323, "p99": 1.1395435202168296, "max": 1.5751970290439203}, "TPOT": {"unit": "ms", "min": 8.333118366581898, "p50": 9.44458856147295, "p90": 36.698184701958326, "p95": 43.292611269320346, "p99": 47.96806854498771, "max": 60.53201582237416}, "Input Tokens per Minute": {"unit": "tokens/min", "min": 60914.48275862069, "p50": 60914.48275862069, "p90": 60914.48275862069, "p95": 60914.48275862069, "p99": 60914.48275862069, "max": 60914.48275862069}, "Output Tokens per Minute": {"unit": "tokens/min", "min": 125995.86206896552, "p50": 125995.86206896552, "p90": 125995.86206896552, "p95": 125995.86206896552, "p99": 125995.86206896552, "max": 125995.86206896552}}
{"target_qps": 6.0, "actual_qps": 6.097054511339252, "success_rate": 100.0, "input_tokens": 182, "output_tokens": 349, "model": "meta-llama/Llama-3.1-8B-Instruct", "input_tokens_per_minute": 66336.28444502928, "output_tokens_per_minute": 126664.3193031236, "Latency": {"unit": "s", "min": 8.90933407295961, "p50": 12.484559971955605, "p90": 16.252960369200448, "p95": 36.91579313182738, "p99": 46.98922612202355, "max": 48.83719910297077}, "Throughput": {"unit": "tokens/s", "min": 6.985236617954561, "p50": 27.986099396279208, "p90": 34.20970772737174, "p95": 35.29164203328809, "p99": 36.87484532896076, "max": 39.284642054479924}, "TTFT": {"unit": "s", "min": 0.030454757041297853, "p50": 0.3707632019650191, "p90": 2.323656258429401, "p95": 3.93794640058186, "p99": 6.466633618557832, "max": 8.574965463019907}, "TPOT": {"unit": "ms", "min": 21.550415134801927, "p50": 34.276366002996454, "p90": 41.59239688814807, "p95": 99.58054432525358, "p99": 125.02204694087355, "max": 137.62212881808028}, "Input Tokens per Minute": {"unit": "tokens/min", "min": 66336.28444502928, "p50": 66336.28444502928, "p90": 66336.28444502928, "p95": 66336.28444502928, "p99": 66336.28444502928, "max": 66336.28444502928}, "Output Tokens per Minute": {"unit": "tokens/min", "min": 126664.3193031236, "p50": 126664.3193031236, "p90": 126664.3193031236, "p95": 126664.3193031236, "p99": 126664.3193031236, "max": 126664.3193031236}}
{"target_qps": 6.0, "actual_qps": 5.61513679419832, "success_rate": 100.0, "input_tokens": 184, "output_tokens": 349, "model": "meta-llama/Llama-3.1-8B-Instruct", "input_tokens_per_minute": 66324.9557522124, "output_tokens_per_minute": 125907.61061946902, "Latency": {"unit": "s", "min": 8.386952662025578, "p50": 12.441186918062158, "p90": 16.594510375033128, "p95": 36.739596307033196, "p99": 45.89761252792553, "max": 50.370528786908835}, "Throughput": {"unit": "tokens/s", "min": 6.94850755847066, "p50": 28.132062169134922, "p90": 33.93587393761778, "p95": 35.07116430826555, "p99": 36.941496361923775, "max": 41.73148628639924}, "TTFT": {"unit": "s", "min": 0.04810364299919456, "p50": 0.33481696899980307, "p90": 1.3837218003347513, "p95": 2.7268961216206624, "p99": 6.605142693505625, "max": 8.781598189962097}, "TPOT": {"unit": "ms", "min": 22.834297994093003,