{"actual_qps": 6.988371426895, "success_rate": 100.0, "input_tokens": 4176, "output_tokens": 172, "model": "meta-llama/Llama-3.1-8B-Instruct", "input_tokens_per_minute": 1589940.7390957952, "output_tokens_per_minute": 65692.67392952985, "Latency": {"unit": "s", "min": 0.5066305859945714, "p50": 6.35723861301085, "p90": 11.846629707503597, "p95": 13.733510760893106, "p99": 16.10725188108394, "max": 17.047036526026204}, "Throughput": {"unit": "tokens/s", "min": 3.2636786254232053, "p50": 27.309665986661464, "p90": 55.232804160272664, "p95": 61.85874517728725, "p99": 68.38285494179304, "max": 73.63472669641601}, "TTFT": {"unit": "s", "min": 0.17104363103862852, "p50": 1.9117432354833, "p90": 5.494699411361943, "p95": 6.551656244002515, "p99": 8.558112975531259, "max": 10.095631928998046}, "TPOT": {"unit": "ms", "min": 2.815915353815345, "p50": 22.723628203621182, "p90": 41.26028879048378, "p95": 46.06870719025158, "p99": 53.607915593052496, "max": 66.34869616633902}, "Input Tokens per Minute": {"unit": "tokens/min", "min": 1589940.7390957952, "p50": 1589940.7390957952, "p90": 1589940.7390957952, "p95": 1589940.7390957952, "p99": 1589940.7390957952, "max": 1589940.7390957952}, "Output Tokens per Minute": {"unit": "tokens/min", "min": 65692.67392952985, "p50": 65692.67392952985, "p90": 65692.67392952985, "p95": 65692.67392952985, "p99": 65692.67392952985, "max": 65692.67392952985}}
{"actual_qps": 6.647810070437906, "success_rate": 100.0, "input_tokens": 4238, "output_tokens": 179, "model": "meta-llama/Llama-3.1-8B-Instruct", "input_tokens_per_minute": 1605017.778727437, "output_tokens_per_minute": 67966.62060375638, "Latency": {"unit": "s", "min": 0.6428033970296383, "p50": 4.891588962462265, "p90": 10.916673174255994, "p95": 12.141046840319175, "p99": 14.7464325103187, "max": 17.644294691970572}, "Throughput": {"unit": "tokens/s", "min": 5.3535937454976725, "p50": 35.48571067980592, "p90": 67.23043423538499, "p95": 79.51364022504903, "p99": 89.83821753262643, "max": 97.6425828050412}, "TTFT": {"unit": "s", "min": 0.176716718939133, "p50": 1.4655940864467993, "p90": 3.6914289654348993, "p95": 5.459785305004331, "p99": 8.679999857580986, "max": 9.534967054030858}, "TPOT": {"unit": "ms", "min": 8.670754165589885, "p50": 19.277983276353652, "p90": 39.030265183836875, "p95": 42.40323452819513, "p99": 46.38413784613585, "max": 59.76491844884526}, "Input Tokens per Minute": {"unit": "tokens/min", "min": 1605017.778727437, "p50": 1605017.778727437, "p90": 1605017.778727437, "p95": 1605017.778727437, "p99": 1605017.778727437, "max": 1605017.778727437}, "Output Tokens per Minute": {"unit": "tokens/min", "min": 67966.62060375638, "p50": 67966.62060375638, "p90": 67966.62060375638, "p95": 67966.62060375638, "p99": 67966.62060375638, "max": 67966.62060375638}}
{"actual_qps": 6.282560052109509, "success_rate": 100.0, "input_tokens": 4242, "output_tokens": 177, "model": "meta-llama/Llama-3.1-8B-Instruct", "input_tokens_per_minute": 1616037.4967000014, "output_tokens_per_minute": 67540.63723487669, "Latency": {"unit": "s", "min": 0.7000560720916837, "p50": 4.454420767957345, "p90": 10.781902413419449, "p95": 12.288593050697816, "p99": 14.37984856101683, "max": 17.144357583019882}, "Throughput": {"unit": "tokens/s", "min": 1.9251614203440712, "p50": 36.085930146755224, "p90": 65.24255903476514, "p95": 71.83118133241327, "p99": 87.83954361350085, "max": 102.45792037718371}, "TTFT": {"unit": "s", "min": 0.14666764601133764, "p50": 1.4011110219871625, "p90": 4.255798031832092, "p95": 5.531952386256306, "p99": 9.727048305198549, "max": 10.83226353500504}, "TPOT": {"unit": "ms", "min": 8.456179663309612, "p50": 18.385873005337004, "p90": 37.52725664327324, "p95": 42.082413286967906, "p99": 47.33734591037533, "max": 59.23250839696266}, "Input Tokens per Minute": {"unit": "tokens/min", "min": 1616037.4967000014, "p50": 1616037.4967000014, "p90": 1616037.4967000014, "p95": 1616037.4967000014, "p99": 1616037.4967000014, "max": 1616037.4967000014}, "Output Tokens per Minute": {"unit": "tokens/min", "min": 67540.63723487669, "p50": 67540.63723487669, "p90": 67540.63723487669, "p95": 67540.63723487669, "p99": 67540.63723487669, "max": 67540.63723487669}}
{"actual_qps": 6.65720380585677, "success_rate": 100.0, "input_tokens": 4291, "output_tokens": 173, "model": "meta-llama/Llama-3.1-8B-Instruct", "input_tokens_per_minute": 1718404.6698824314, "output_tokens_per_minute": 69380.19747677221, "Latency": {"unit": "s", "min": 0.7046688089612871, "p50": 4.895169622963294, "p90": 10.30159209356644, "p95": 12.30619732348714, "p99": 14.327274056277238, "max": 20.082767512998544}, "Throughput": {"unit": "tokens/s", "min": 2.5083003175820804, "p50": 35.10926461564718, "p90": 61.644843100409865, "p95": 67.2834418910048, "p99": 80.5883383528779, "max": 90.44303449641994}, "TTFT": {"unit": "s", "min": 0.16790653695352376, "p50": 1.6137574469903484, "p90": 4.537773990584539, "p95": 5.503767180489374, "p99": 8.534036159773823, "max": 13.228454701951705}, "TPOT": {"unit": "ms", "min": 9.449880879054117, "p50": 19.327486517731494, "p90": 36.307461229583815, "p95": 43.30172411028071, "p99": 51.80776758257729, "max": 55.24175617444728}, "Input Tokens per Minute": {"unit": "tokens/min", "min": 1718404.6698824314, "p50": 1718404.6698824314, "p90": 1718404.6698824314, "p95": 1718404.6698824314, "p99": 1718404.6698824314, "max": 1718404.6698824314}, "Output Tokens per Minute": {"unit": "tokens/min", "min": 69380.19747677221, "p50": 69380.19747677221, "p90": 69380.19747677221, "p95": 69380.19747677221, "p99": 69380.19747677221, "max": 69380.19747677221}}
{"actual_qps": 6.831848515642705, "success_rate": 100.0, "input_tokens": 4239, "output_tokens": 176, "model": "meta-llama/Llama-3.1-8B-Instruct", "input_tokens_per_minute": 1659843.5763839362, "output_tokens_per_minute": 69147.03137303013, "Latency": {"unit": "s", "min": 0.7065803770674393, "p50": 5.455654697550926, "p90": 13.461860513896681, "p95": 14.702153189713135, "p99": 18.714561177938002, "max": 22.426222846028395}, "Throughput": {"unit": "tokens/s", "min": 3.5931005422570657, "p50": 31.213995858460454, "p90": 55.46552587722076, "p95": 60.06208799737483, "p99": 70.53687249482402, "max": 80.7193927331644}, "TTFT": {"unit": "s", "min": 0.1776738299522549, "p50": 2.039664139447268, "p90": 5.929837311676239, "p95": 7.0334473655850145, "p99": 10.126843416293845, "max": 13.489098818041384}, "TPOT": {"unit": "ms", "min": 8.35685497043993, "p50": 20.424005487142836, "p90": 41.42038448252739, "p95": 48.58649374231375, "p99": 58.57246704764822, "max": 79.84353309962898}, "Input Tokens per Minute": {"unit": "tokens/min", "min": 1659843.5763839362, "p50": 1659843.5763839362, "p90": 1659843.5763839362, "p95": 1659843.5763839362, "p99": 1659843.5763839362, "max": 1659843.5763839362}, "Output Tokens per Minute": {"unit": "tokens/min", "min": 69147.03137303013, "p50": 69147.03137303013, "p90": 69147.03137303013, "p95": 69147.03137303013, "p99": 69147.03137303013, "max": 69147.03137303013}}
{"actual_qps": 6.747823233298002, "success_rate": 100.0, "input_tokens": 4214, "output_tokens": 174, "model": "meta-llama/Llama-3.1-8B-Instruct", "input_tokens_per_minute": 1749713.8601165575, "output_tokens_per_minute": 72248.0421704775, "Latency": {"unit": "s", "min": 0.5151990819722414, "p50": 4.912851921049878, "p90": 13.12797675037291, "p95": 15.945500771206568, "p99": 20.594106419371677, "max": 24.223485412076116}, "Throughput": {"unit": "tokens/s", "min": 1.8109499354568142, "p50": 34.770800967408874, "p90": 65.59696544382248, "p95": 69.81529516730448, "p99": 76.92164732545794, "max": 88.4910622945793}, "TTFT": {"unit": "s", "min": 0.03542384004686028, "p50": 1.5249024514923804, "p90": 5.473182713345159, "p95": 7.61532874542754, "p99": 11.705712066640881, "max": 14.981108508072793}, "TPOT": {"unit": "ms", "min": 3.535157321171174, "p50": 19.03664942710291, "p90": 46.47011442090052, "p95": 53.97840493302115, "p99": 64.3081131364777, "max": 65.86889248336031},