{"actual_qps": 5.196604108873541, "success_rate": 100.0, "input_tokens": 4115, "output_tokens": 178, "model": "meta-llama/Llama-3.1-8B-Instruct", "input_tokens_per_minute": 1221839.1288279307, "output_tokens_per_minute": 53133.45654682439, "Latency": {"unit": "s", "min": 0.614546000957489, "p50": 3.5835451000602916, "p90": 7.268256671610287, "p95": 8.105130490800365, "p99": 9.14283203398343, "max": 9.775777229922824}, "Throughput": {"unit": "tokens/s", "min": 5.133998925061271, "p50": 49.79876514483295, "p90": 79.51137733143901, "p95": 87.97563415044702, "p99": 97.04265030753147, "max": 103.89901732948498}, "TTFT": {"unit": "s", "min": 0.10756402695551515, "p50": 0.9489257250679657, "p90": 2.517524478957057, "p95": 2.9861458870815083, "p99": 4.084976218331133, "max": 5.131343073910102}, "TPOT": {"unit": "ms", "min": 7.921871529625995, "p50": 14.390255735290921, "p90": 26.95984543984447, "p95": 28.16780189861866, "p99": 29.735694415684826, "max": 34.021109999081155}, "Input Tokens per Minute": {"unit": "tokens/min", "min": 1221839.1288279307, "p50": 1221839.1288279307, "p90": 1221839.1288279307, "p95": 1221839.1288279307, "p99": 1221839.1288279307, "max": 1221839.1288279307}, "Output Tokens per Minute": {"unit": "tokens/min", "min": 53133.45654682439, "p50": 53133.45654682439, "p90": 53133.45654682439, "p95": 53133.45654682439, "p99": 53133.45654682439, "max": 53133.45654682439}}
{"actual_qps": 5.14836285613328, "success_rate": 100.0, "input_tokens": 4225, "output_tokens": 177, "model": "meta-llama/Llama-3.1-8B-Instruct", "input_tokens_per_minute": 1212523.9677173556, "output_tokens_per_minute": 50972.728417988306, "Latency": {"unit": "s", "min": 0.43883856595493853, "p50": 3.0759598140139133, "p90": 8.295353790558874, "p95": 9.730614310177037, "p99": 12.621956720915623, "max": 12.938279326073825}, "Throughput": {"unit": "tokens/s", "min": 3.996527732368545, "p50": 60.7990823266852, "p90": 81.22017234259997, "p95": 93.01993915734043, "p99": 101.4493529473458, "max": 110.4310173308327}, "TTFT": {"unit": "s", "min": 0.12165495799854398, "p50": 0.7404607849894091, "p90": 2.83359000319615, "p95": 3.6431549245957275, "p99": 4.736958017689179, "max": 6.886644279002212}, "TPOT": {"unit": "ms", "min": 8.187214708208439, "p50": 12.510737944768751, "p90": 31.83148448055975, "p95": 36.297323571017294, "p99": 44.50619327147777, "max": 53.05126605516063}, "Input Tokens per Minute": {"unit": "tokens/min", "min": 1212523.9677173556, "p50": 1212523.9677173556, "p90": 1212523.9677173556, "p95": 1212523.9677173556, "p99": 1212523.9677173556, "max": 1212523.9677173556}, "Output Tokens per Minute": {"unit": "tokens/min", "min": 50972.728417988306, "p50": 50972.728417988306, "p90": 50972.728417988306, "p95": 50972.728417988306, "p99": 50972.728417988306, "max": 50972.728417988306}}
{"actual_qps": 5.033081635461034, "success_rate": 100.0, "input_tokens": 4285, "output_tokens": 179, "model": "meta-llama/Llama-3.1-8B-Instruct", "input_tokens_per_minute": 1306362.7221434894, "output_tokens_per_minute": 54804.64470897104, "Latency": {"unit": "s", "min": 0.5097030469914898, "p50": 3.3723022390622646, "p90": 7.683793209190485, "p95": 8.930730833217966, "p99": 10.844328378755598, "max": 13.254077906021848}, "Throughput": {"unit": "tokens/s", "min": 5.723144561981441, "p50": 53.33401534573245, "p90": 75.24673994397213, "p95": 82.99542923298368, "p99": 95.67557737822197, "max": 108.53912170874213}, "TTFT": {"unit": "s", "min": 0.12184805201832205, "p50": 0.8493030109675601, "p90": 2.4140101526165387, "p95": 3.1736133733298626, "p99": 4.676830198604148, "max": 6.685714669059962}, "TPOT": {"unit": "ms", "min": 7.817178226342827, "p50": 13.794930638328905, "p90": 28.202974459281396, "p95": 32.55932992786384, "p99": 41.03542899006238, "max": 56.136827348085234}, "Input Tokens per Minute": {"unit": "tokens/min", "min": 1306362.7221434894, "p50": 1306362.7221434894, "p90": 1306362.7221434894, "p95": 1306362.7221434894, "p99": 1306362.7221434894, "max": 1306362.7221434894}, "Output Tokens per Minute": {"unit": "tokens/min", "min": 54804.64470897104, "p50": 54804.64470897104, "p90": 54804.64470897104, "p95": 54804.64470897104, "p99": 54804.64470897104, "max": 54804.64470897104}}
{"actual_qps": 5.146599277946315, "success_rate": 100.0, "input_tokens": 4377, "output_tokens": 171, "model": "meta-llama/Llama-3.1-8B-Instruct", "input_tokens_per_minute": 1382022.2046666055, "output_tokens_per_minute": 54037.32556520906, "Latency": {"unit": "s", "min": 0.49443813192192465, "p50": 3.4107144840527326, "p90": 7.579759243992157, "p95": 11.276346598984674, "p99": 13.054320933041165, "max": 14.038695409079082}, "Throughput": {"unit": "tokens/s", "min": 6.54227387067734, "p50": 48.22608219936342, "p90": 74.7471161794679, "p95": 82.42406582656713, "p99": 95.88050447948017, "max": 98.01444205980015}, "TTFT": {"unit": "s", "min": 0.0885414460208267, "p50": 0.861908548977226, "p90": 2.7733253489714116, "p95": 4.098217573016882, "p99": 5.927767889364625, "max": 6.839388138963841}, "TPOT": {"unit": "ms", "min": 7.317803751599665, "p50": 13.96233124141324, "p90": 25.685874135678063, "p95": 36.07549379935404, "p99": 45.57199258118606, "max": 48.43423540186811}, "Input Tokens per Minute": {"unit": "tokens/min", "min": 1382022.2046666055, "p50": 1382022.2046666055, "p90": 1382022.2046666055, "p95": 1382022.2046666055, "p99": 1382022.2046666055, "max": 1382022.2046666055}, "Output Tokens per Minute": {"unit": "tokens/min", "min": 54037.32556520906, "p50": 54037.32556520906, "p90": 54037.32556520906, "p95": 54037.32556520906, "p99": 54037.32556520906, "max": 54037.32556520906}}
{"actual_qps": 5.094251947762604, "success_rate": 100.0, "input_tokens": 4217, "output_tokens": 176, "model": "meta-llama/Llama-3.1-8B-Instruct", "input_tokens_per_minute": 1293924.8817652704, "output_tokens_per_minute": 54273.34795247793, "Latency": {"unit": "s", "min": 0.526986020966433, "p50": 3.2691585249849595, "p90": 6.5125173555687095, "p95": 7.248840370180551, "p99": 7.837596765492344, "max": 8.383574637002312}, "Throughput": {"unit": "tokens/s", "min": 3.455303845869189, "p50": 56.5743002094563, "p90": 74.88891873666273, "p95": 81.1042311577708, "p99": 89.80793115216238, "max": 95.49654932445212}, "TTFT": {"unit": "s", "min": 0.11218311300035566, "p50": 0.804719316016417, "p90": 2.1548766505206003, "p95": 2.617921099544037, "p99": 3.8523794351075753, "max": 4.185157343978062}, "TPOT": {"unit": "ms", "min": 8.472807120985758, "p50": 13.389117457382099, "p90": 24.670384249804393, "p95": 26.89358979266431, "p99": 30.448808796421442, "max": 44.477825881913304}, "Input Tokens per Minute": {"unit": "tokens/min", "min": 1293924.8817652704, "p50": 1293924.8817652704, "p90": 1293924.8817652704, "p95": 1293924.8817652704, "p99": 1293924.8817652704, "max": 1293924.8817652704}, "Output Tokens per Minute": {"unit": "tokens/min", "min": 54273.34795247793, "p50": 54273.34795247793, "p90": 54273.34795247793, "p95": 54273.34795247793, "p99": 54273.34795247793, "max": 54273.34795247793}}
{"actual_qps": 5.257571052298682, "success_rate": 100.0, "input_tokens": 4242, "output_tokens": 169, "model": "meta-llama/Llama-3.1-8B-Instruct", "input_tokens_per_minute": 1335236.6669502326, "output_tokens_per_minute": 53257.46826060815, "Latency": {"unit": "s", "min": 0.38338491797912866, "p50": 2.970214713481255, "p90": 7.904935848677997, "p95": 9.332957588147838, "p99": 10.938911231011152, "max": 11.981003687018529}, "Throughput": {"unit": "tokens/s", "min": 5.4143978097303265, "p50": 55.34447468774826, "p90": 83.25757335212853, "p95": 93.03663598713581, "p99": 102.7645114094494, "max": 107.33232042701414}, "TTFT": {"unit": "s", "min": 0.03665488609112799, "p50": 0.5918439815286547, "p90": 2.256592144595925, "p95": 3.1091228062810843, "p99": 4.954779534746194, "max": 5.478203128091991}, "TPOT": {"unit": "ms", "min": 8.411599035332701, "p50": 13.728692788916206, "p90": 30.342080204656366, "p95": 34.42858572602951, "p99": 40.89348414071587,