{"actual_qps": 10.053948872828126, "success_rate": 100.0, "input_tokens": 4203, "output_tokens": 177, "model": "meta-llama/Llama-3.1-8B-Instruct", "input_tokens_per_minute": 1612591.4523008335, "output_tokens_per_minute": 67982.91405702343, "Latency": {"unit": "s", "min": 3.117116280947812, "p50": 16.478671045508236, "p90": 25.000018697988708, "p95": 27.46292959197308, "p99": 33.876461598701994, "max": 38.746442457078956}, "Throughput": {"unit": "tokens/s", "min": 0.880191996385224, "p50": 9.805425679467643, "p90": 24.152478637188167, "p95": 28.63656597069041, "p99": 38.546727068947874, "max": 48.88412158149298}, "TTFT": {"unit": "s", "min": 0.6456491829594597, "p50": 8.10948974249186, "p90": 14.487044360488653, "p95": 16.87061247121892, "p99": 23.45609347292337, "max": 28.582370731048286}, "TPOT": {"unit": "ms", "min": 8.47292208023856, "p50": 51.10539983924076, "p90": 58.641709699382254, "p95": 62.05481110992638, "p99": 85.5956684772317, "max": 113.70857717359767}, "Input Tokens per Minute": {"unit": "tokens/min", "min": 1612591.4523008335, "p50": 1612591.4523008335, "p90": 1612591.4523008335, "p95": 1612591.4523008335, "p99": 1612591.4523008335, "max": 1612591.4523008335}, "Output Tokens per Minute": {"unit": "tokens/min", "min": 67982.91405702343, "p50": 67982.91405702343, "p90": 67982.91405702343, "p95": 67982.91405702343, "p99": 67982.91405702343, "max": 67982.91405702343}}
{"actual_qps": 9.285902877091544, "success_rate": 100.0, "input_tokens": 4243, "output_tokens": 179, "model": "meta-llama/Llama-3.1-8B-Instruct", "input_tokens_per_minute": 2465376.4811643325, "output_tokens_per_minute": 104410.89022552359, "Latency": {"unit": "s", "min": 6.0614923250395805, "p50": 18.168785252026282, "p90": 29.403532555967104, "p95": 32.7601838989649, "p99": 36.08808810077607, "max": 42.705872901016846}, "Throughput": {"unit": "tokens/s", "min": 0.7512483247097913, "p50": 9.818927876776348, "p90": 14.388098468798468, "p95": 15.457987953134989, "p99": 16.709968320702046, "max": 17.35603427963435}, "TTFT": {"unit": "s", "min": 4.24786433391273, "p50": 9.835392288514413, "p90": 19.338022545562126, "p95": 22.038528370059794, "p99": 24.177166421106083, "max": 30.819271842949092}, "TPOT": {"unit": "ms", "min": 27.901455176170522, "p50": 50.66938014725681, "p90": 58.94301995012557, "p95": 63.446965689460434, "p99": 87.81765443307124, "max": 128.6781447021948}, "Input Tokens per Minute": {"unit": "tokens/min", "min": 2465376.4811643325, "p50": 2465376.4811643325, "p90": 2465376.4811643325, "p95": 2465376.4811643325, "p99": 2465376.4811643325, "max": 2465376.4811643325}, "Output Tokens per Minute": {"unit": "tokens/min", "min": 104410.89022552359, "p50": 104410.89022552359, "p90": 104410.89022552359, "p95": 104410.89022552359, "p99": 104410.89022552359, "max": 104410.89022552359}}
{"actual_qps": 8.985224086478718, "success_rate": 100.0, "input_tokens": 4209, "output_tokens": 178, "model": "meta-llama/Llama-3.1-8B-Instruct", "input_tokens_per_minute": 2128281.3533078763, "output_tokens_per_minute": 90467.16524691583, "Latency": {"unit": "s", "min": 7.265897408011369, "p50": 16.7547941984958, "p90": 32.03057985766792, "p95": 33.61765627581044, "p99": 34.60809025312774, "max": 35.7974319109926}, "Throughput": {"unit": "tokens/s", "min": 0.6550712555836931, "p50": 9.239130383800108, "p90": 15.986744181894633, "p95": 18.093034129978555, "p99": 19.41459546521523, "max": 21.448880960451064}, "TTFT": {"unit": "s", "min": 4.794533469015732, "p50": 8.672994012478739, "p90": 20.99803811041638, "p95": 22.0667204515601, "p99": 23.071049097628563, "max": 23.32471562398132}, "TPOT": {"unit": "ms", "min": 10.945886281674644, "p50": 52.36978162104356, "p90": 60.484712502167994, "p95": 63.92138585077958, "p99": 79.67275487827393, "max": 121.45461149546983}, "Input Tokens per Minute": {"unit": "tokens/min", "min": 2128281.3533078763, "p50": 2128281.3533078763, "p90": 2128281.3533078763, "p95": 2128281.3533078763, "p99": 2128281.3533078763, "max": 2128281.3533078763}, "Output Tokens per Minute": {"unit": "tokens/min", "min": 90467.16524691583, "p50": 90467.16524691583, "p90": 90467.16524691583, "p95": 90467.16524691583, "p99": 90467.16524691583, "max": 90467.16524691583}}
{"actual_qps": 9.592669202247597, "success_rate": 100.0, "input_tokens": 4317, "output_tokens": 178, "model": "meta-llama/Llama-3.1-8B-Instruct", "input_tokens_per_minute": 2327148.64050917, "output_tokens_per_minute": 96221.21822954326, "Latency": {"unit": "s", "min": 10.531191946938634, "p50": 26.16578284651041, "p90": 41.94339149852749, "p95": 44.57967282604659, "p99": 52.02105655456544, "max": 53.73914666404016}, "Throughput": {"unit": "tokens/s", "min": 0.5130860405180185, "p50": 7.454432057656487, "p90": 10.354210213980075, "p95": 11.89585316653318, "p99": 14.697833466060054, "max": 15.504176586563158}, "TTFT": {"unit": "s", "min": 7.301602927967906, "p50": 16.041415537532885, "p90": 31.695372025948018, "p95": 33.96662269052467, "p99": 41.43436257879363, "max": 43.81856558599975}, "TPOT": {"unit": "ms", "min": 12.002598447491176, "p50": 53.965709713608234, "p90": 62.128758102997054, "p95": 65.62829615598564, "p99": 106.84627798377358, "max": 150.54584911558777}, "Input Tokens per Minute": {"unit": "tokens/min", "min": 2327148.64050917, "p50": 2327148.64050917, "p90": 2327148.64050917, "p95": 2327148.64050917, "p99": 2327148.64050917, "max": 2327148.64050917}, "Output Tokens per Minute": {"unit": "tokens/min", "min": 96221.21822954326, "p50": 96221.21822954326, "p90": 96221.21822954326, "p95": 96221.21822954326, "p99": 96221.21822954326, "max": 96221.21822954326}}
{"actual_qps": 9.911410500974458, "success_rate": 100.0, "input_tokens": 4235, "output_tokens": 178, "model": "meta-llama/Llama-3.1-8B-Instruct", "input_tokens_per_minute": 2366718.5057341587, "output_tokens_per_minute": 100008.075368656, "Latency": {"unit": "s", "min": 10.730601290939376, "p50": 26.862510915962048, "p90": 46.26419144084212, "p95": 53.1918451924459, "p99": 60.676847397782836, "max": 69.62951787596103}, "Throughput": {"unit": "tokens/s", "min": 0.5524717395054397, "p50": 7.1223001900158875, "p90": 9.883721384318555, "p95": 11.450665053185551, "p99": 13.621404966410957, "max": 13.641782790300017}, "TTFT": {"unit": "s", "min": 7.2639370820252225, "p50": 16.558803146937862, "p90": 35.0214949014131, "p95": 40.9338211227092, "p99": 49.37202262072358, "max": 55.29327916202601}, "TPOT": {"unit": "ms", "min": 7.483614537860244, "p50": 54.730781502600514, "p90": 65.20448813405103, "p95": 70.55920258728344, "p99": 107.41155270229979, "max": 135.40635218669195}, "Input Tokens per Minute": {"unit": "tokens/min", "min": 2366718.5057341587, "p50": 2366718.5057341587, "p90": 2366718.5057341587, "p95": 2366718.5057341587, "p99": 2366718.5057341587, "max": 2366718.5057341587}, "Output Tokens per Minute": {"unit": "tokens/min", "min": 100008.075368656, "p50": 100008.075368656, "p90": 100008.075368656, "p95": 100008.075368656, "p99": 100008.075368656, "max": 100008.075368656}}
{"actual_qps": 9.60146454159408, "success_rate": 82.11678832116789, "input_tokens": 4240, "output_tokens": 179, "model": "meta-llama/Llama-3.1-8B-Instruct", "input_tokens_per_minute": 1854259.714557305, "output_tokens_per_minute": 78426.46485624005, "Latency": {"unit": "s", "min": 9.366595371044241, "p50": 34.505237650999334, "p90": 57.17608468087856, "p95": 58.503849046345564, "p99": 61.74248524431139, "max": 64.29339560191147}, "Throughput": {"unit": "tokens/s", "min": 0.3928572084958339, "p50": 5.1708687392528905, "p90": 8.876177450728548, "p95": 11.601401738530615, "p99": 16.297281985618447, "max": 17.637458338899346}, "TTFT": {"unit": "s", "min": 1.3912355080246925, "p50": 24.94309517298825, "p90": 46.136423149867916, "p95": 47.97439402775488, "p99": 50.23691595137119, "max": 55.685664715012535}, "TPOT": {"unit": "ms", "min": 2.4347124070200565, "p50": 51.80787200974818, "p90": 61.93555065755293, "p95": 66.75931356002543, "p99": 91.52012227179385, "max": 128.98570550273038},