{"target_qps": 4.5, "actual_qps": 4.231341102637328, "success_rate": 100.0, "input_tokens": 204, "output_tokens": 297, "model": "meta-llama/Llama-3.1-8B-Instruct", "input_tokens_per_minute": 55109.86175115207, "output_tokens_per_minute": 80391.5668202765, "Latency": {"unit": "s", "min": 0.96665897796629, "p50": 2.7598811429925263, "p90": 21.034127495996657, "p95": 25.154172859422395, "p99": 27.011231344928966, "max": 31.07530664699152}, "Throughput": {"unit": "tokens/s", "min": 9.653967486401095, "p50": 108.61559252545221, "p90": 116.22398271173324, "p95": 118.04839982044561, "p99": 122.23682779030396, "max": 124.57299300298826}, "TTFT": {"unit": "s", "min": 0.028341840021312237, "p50": 0.1593047350179404, "p90": 0.9443525217939172, "p95": 4.256317490199581, "p99": 4.747016936985311, "max": 7.414174774021376}, "TPOT": {"unit": "ms", "min": 7.398311244199259, "p50": 8.691550204047566, "p90": 63.6922526132412, "p95": 69.62514539668959, "p99": 88.502808610876, "max": 90.13697049497972}, "Input Tokens per Minute": {"unit": "tokens/min", "min": 55109.86175115207, "p50": 55109.86175115207, "p90": 55109.86175115207, "p95": 55109.86175115207, "p99": 55109.86175115207, "max": 55109.86175115207}, "Output Tokens per Minute": {"unit": "tokens/min", "min": 80391.5668202765, "p50": 80391.5668202765, "p90": 80391.5668202765, "p95": 80391.5668202765, "p99": 80391.5668202765, "max": 80391.5668202765}}
{"target_qps": 4.5, "actual_qps": 3.9348265848192687, "success_rate": 100.0, "input_tokens": 269, "output_tokens": 298, "model": "meta-llama/Llama-3.1-8B-Instruct", "input_tokens_per_minute": 72744.1791044776, "output_tokens_per_minute": 80642.68656716417, "Latency": {"unit": "s", "min": 0.5267260179971345, "p50": 2.749526152969338, "p90": 16.70215497998288, "p95": 23.34571294800844, "p99": 26.641134206030983, "max": 28.829398173023947}, "Throughput": {"unit": "tokens/s", "min": 10.406044489708218, "p50": 109.07933795575083, "p90": 117.30608866415633, "p95": 119.63920639280548, "p99": 121.04708366156275, "max": 121.84586538784293}, "TTFT": {"unit": "s", "min": 0.022554871975444257, "p50": 0.15063694200944155, "p90": 0.6538394000381231, "p95": 4.139397616963834, "p99": 4.8989782449789345, "max": 23.136190396966413}, "TPOT": {"unit": "ms", "min": 6.062615818033616, "p50": 8.747627561714152, "p90": 45.32864078276644, "p95": 69.64446047171452, "p99": 84.67402558518343, "max": 87.26544732097099}, "Input Tokens per Minute": {"unit": "tokens/min", "min": 72744.1791044776, "p50": 72744.1791044776, "p90": 72744.1791044776, "p95": 72744.1791044776, "p99": 72744.1791044776, "max": 72744.1791044776}, "Output Tokens per Minute": {"unit": "tokens/min", "min": 80642.68656716417, "p50": 80642.68656716417, "p90": 80642.68656716417, "p95": 80642.68656716417, "p99": 80642.68656716417, "max": 80642.68656716417}}
{"target_qps": 4.5, "actual_qps": 3.914638651184009, "success_rate": 100.0, "input_tokens": 271, "output_tokens": 299, "model": "meta-llama/Llama-3.1-8B-Instruct", "input_tokens_per_minute": 73243.52678571429, "output_tokens_per_minute": 80799.91071428571, "Latency": {"unit": "s", "min": 2.057062120991759, "p50": 2.7773707570158876, "p90": 28.91654311263119, "p95": 34.66477041554754, "p99": 47.15856809152175, "max": 51.26793217600789}, "Throughput": {"unit": "tokens/s", "min": 5.851611080588745, "p50": 107.94999725655485, "p90": 116.79135303360428, "p95": 118.13971573094041, "p99": 121.35116523623343, "max": 122.50498817429451}, "TTFT": {"unit": "s", "min": 0.02165954397059977, "p50": 0.1445538075058721, "p90": 2.8365913609683053, "p95": 5.35387928255368, "p99": 13.78635479657271, "max": 14.884902174992021}, "TPOT": {"unit": "ms", "min": 7.957500083618065, "p50": 8.77096599830707, "p90": 87.80316384149064, "p95": 102.64198568423377, "p99": 131.407780730363, "max": 150.82745923739344}, "Input Tokens per Minute": {"unit": "tokens/min", "min": 73243.52678571429, "p50": 73243.52678571429, "p90": 73243.52678571429, "p95": 73243.52678571429, "p99": 73243.52678571429, "max": 73243.52678571429}, "Output Tokens per Minute": {"unit": "tokens/min", "min": 80799.91071428571, "p50": 80799.91071428571, "p90": 80799.91071428571, "p95": 80799.91071428571, "p99": 80799.91071428571, "max": 80799.91071428571}}
{"target_qps": 4.5, "actual_qps": 3.8500116543025604, "success_rate": 100.0, "input_tokens": 269, "output_tokens": 299, "model": "meta-llama/Llama-3.1-8B-Instruct", "input_tokens_per_minute": 72703.31896551725, "output_tokens_per_minute": 80887.11206896552, "Latency": {"unit": "s", "min": 2.447780025016982, "p50": 2.7719341774936765, "p90": 30.323960066679867, "p95": 35.63393788897083, "p99": 46.572011386547814, "max": 53.362474317022134}, "Throughput": {"unit": "tokens/s", "min": 5.621928215279605, "p50": 108.22768487324223, "p90": 117.08207744365973, "p95": 118.4260089107668, "p99": 120.17445313072395, "max": 122.56003273738565}, "TTFT": {"unit": "s", "min": 0.023917885962873697, "p50": 0.14323012001113966, "p90": 2.551283975981642, "p95": 5.161231278078045, "p99": 8.918022854232111, "max": 13.665675143012777}, "TPOT": {"unit": "ms", "min": 7.8034916087474215, "p50": 8.77565413705279, "p90": 91.60485104309242, "p95": 110.20643950816098, "p99": 136.78024228929343, "max": 160.66149071915646}, "Input Tokens per Minute": {"unit": "tokens/min", "min": 72703.31896551725, "p50": 72703.31896551725, "p90": 72703.31896551725, "p95": 72703.31896551725, "p99": 72703.31896551725, "max": 72703.31896551725}, "Output Tokens per Minute": {"unit": "tokens/min", "min": 80887.11206896552, "p50": 80887.11206896552, "p90": 80887.11206896552, "p95": 80887.11206896552, "p99": 80887.11206896552, "max": 80887.11206896552}}
{"target_qps": 4.5, "actual_qps": 4.077750906274566, "success_rate": 100.0, "input_tokens": 173, "output_tokens": 298, "model": "meta-llama/Llama-3.1-8B-Instruct", "input_tokens_per_minute": 46732.13114754098, "output_tokens_per_minute": 80671.3524590164, "Latency": {"unit": "s", "min": 2.4392061249818653, "p50": 2.6495703875261825, "p90": 29.679607310763096, "p95": 40.66676188425044, "p99": 46.37200222945364, "max": 49.99137665599119}, "Throughput": {"unit": "tokens/s", "min": 5.369558256105368, "p50": 113.2259056423946, "p90": 117.79729825604197, "p95": 118.67213599486145, "p99": 120.86092898524274, "max": 122.99083580000047}, "TTFT": {"unit": "s", "min": 0.024304836988449097, "p50": 0.11260014251456596, "p90": 2.3954574394214445, "p95": 4.919029323718859, "p99": 17.911177394537937, "max": 24.62996079097502}, "TPOT": {"unit": "ms", "min": 8.042413809291558, "p50": 8.505497854491104, "p90": 98.94942477757009, "p95": 108.79145952233232, "p99": 134.249585135213, "max": 183.38805079580314}, "Input Tokens per Minute": {"unit": "tokens/min", "min": 46732.13114754098, "p50": 46732.13114754098, "p90": 46732.13114754098, "p95": 46732.13114754098, "p99": 46732.13114754098, "max": 46732.13114754098}, "Output Tokens per Minute": {"unit": "tokens/min", "min": 80671.3524590164, "p50": 80671.3524590164, "p90": 80671.3524590164, "p95": 80671.3524590164, "p99": 80671.3524590164, "max": 80671.3524590164}}
{"target_qps": 4.5, "actual_qps": 3.914813500836371, "success_rate": 100.0, "input_tokens": 196, "output_tokens": 298, "model": "meta-llama/Llama-3.1-8B-Instruct", "input_tokens_per_minute": 52959.21161825726, "output_tokens_per_minute": 80728.87966804979, "Latency": {"unit": "s", "min": 1.3105188019690104, "p50": 2.6444768860237673, "p90": 24.41466580296401, "p95": 30.983538697008044, "p99": 44.028603202430524, "max": 47.80476261000149}, "Throughput": {"unit": "tokens/s", "min": 6.275525358162439, "p50": 113.43930019121873, "p90": 117.44381488785118, "p95": 118.56021808435668, "p99": 120.6216124148609, "max": 121.52392947168191}, "TTFT": {"unit": "s", "min": 0.025247948011383414, "p50": 0.10704978404100984, "p90": 1.8709405409754254, "p95": 2.7677570360247046, "p99": 9.84534309721783, "max": 16.159574686025735}, "TPOT": {"unit": "ms", "min": 7.962150842630395, "p50": 8.503747575240439, "p90": 69.71933619398779,