{"target_qps": 5.0, "actual_qps": 4.238740182425376, "success_rate": 100.0, "input_tokens": 259, "output_tokens": 296, "model": "meta-llama/Llama-3.1-8B-Instruct", "input_tokens_per_minute": 77847.36842105263, "output_tokens_per_minute": 88847.36842105263, "Latency": {"unit": "s", "min": 0.7213531759916805, "p50": 2.592955501517281, "p90": 26.331723951781168, "p95": 28.325706460597566, "p99": 33.91294094846642, "max": 34.21964287798619}, "Throughput": {"unit": "tokens/s", "min": 4.9609071449327, "p50": 115.43920616728762, "p90": 122.34461097734466, "p95": 123.66114951585492, "p99": 126.17114324829903, "max": 127.10851228163779}, "TTFT": {"unit": "s", "min": 0.03398194402689114, "p50": 0.13490005899802782, "p90": 1.0114131257345436, "p95": 2.4429300638556, "p99": 3.316935219620353, "max": 10.061384978005663}, "TPOT": {"unit": "ms", "min": 7.6332211739346265, "p50": 8.229753662178753, "p90": 84.41416203541942, "p95": 90.36492909955788, "p99": 104.16103488041654, "max": 145.6335824522761}, "Input Tokens per Minute": {"unit": "tokens/min", "min": 77847.36842105263, "p50": 77847.36842105263, "p90": 77847.36842105263, "p95": 77847.36842105263, "p99": 77847.36842105263, "max": 77847.36842105263}, "Output Tokens per Minute": {"unit": "tokens/min", "min": 88847.36842105263, "p50": 88847.36842105263, "p90": 88847.36842105263, "p95": 88847.36842105263, "p99": 88847.36842105263, "max": 88847.36842105263}}
{"target_qps": 5.0, "actual_qps": 4.607462841438057, "success_rate": 100.0, "input_tokens": 317, "output_tokens": 297, "model": "meta-llama/Llama-3.1-8B-Instruct", "input_tokens_per_minute": 95154.6511627907, "output_tokens_per_minute": 89289.53488372093, "Latency": {"unit": "s", "min": 0.8399891620501876, "p50": 2.708243869506987, "p90": 13.496517048799433, "p95": 31.818028918487833, "p99": 36.89102599658771, "max": 40.19913680100581}, "Throughput": {"unit": "tokens/s", "min": 3.8817336892593963, "p50": 110.77290167701693, "p90": 119.1480811814608, "p95": 120.36844100469204, "p99": 123.14620231495658, "max": 124.95376023376598}, "TTFT": {"unit": "s", "min": 0.02529331500409171, "p50": 0.1618477944866754, "p90": 0.691337578278035, "p95": 4.960676431350294, "p99": 12.507732743152301, "max": 14.329701651993673}, "TPOT": {"unit": "ms", "min": 7.793168388003402, "p50": 8.420727135404091, "p90": 36.81496129268837, "p95": 84.05715177337134, "p99": 114.92350749923375, "max": 251.8185110002135}, "Input Tokens per Minute": {"unit": "tokens/min", "min": 95154.6511627907, "p50": 95154.6511627907, "p90": 95154.6511627907, "p95": 95154.6511627907, "p99": 95154.6511627907, "max": 95154.6511627907}, "Output Tokens per Minute": {"unit": "tokens/min", "min": 89289.53488372093, "p50": 89289.53488372093, "p90": 89289.53488372093, "p95": 89289.53488372093, "p99": 89289.53488372093, "max": 89289.53488372093}}
{"target_qps": 5.0, "actual_qps": 4.475759368516465, "success_rate": 100.0, "input_tokens": 221, "output_tokens": 299, "model": "meta-llama/Llama-3.1-8B-Instruct", "input_tokens_per_minute": 66574.0072202166, "output_tokens_per_minute": 89754.15162454873, "Latency": {"unit": "s", "min": 2.3547111650113948, "p50": 2.6501248300191946, "p90": 31.718027911183892, "p95": 33.909106204251295, "p99": 39.72969390132467, "max": 47.717962398019154}, "Throughput": {"unit": "tokens/s", "min": 6.286940701651869, "p50": 113.19661899594009, "p90": 119.27432496560141, "p95": 121.60932745616132, "p99": 124.95569413298075, "max": 127.40416084048604}, "TTFT": {"unit": "s", "min": 0.016282832017168403, "p50": 0.15246523299720138, "p90": 3.25189087522449, "p95": 6.857380573195404, "p99": 9.658060901721479, "max": 19.058396574982908}, "TPOT": {"unit": "ms", "min": 7.820830545131191, "p50": 8.384072160493133, "p90": 92.6174635289511, "p95": 110.29600334921415, "p99": 122.14526354645174, "max": 139.36240808360037}, "Input Tokens per Minute": {"unit": "tokens/min", "min": 66574.0072202166, "p50": 66574.0072202166, "p90": 66574.0072202166, "p95": 66574.0072202166, "p99": 66574.0072202166, "max": 66574.0072202166}, "Output Tokens per Minute": {"unit": "tokens/min", "min": 89754.15162454873, "p50": 89754.15162454873, "p90": 89754.15162454873, "p95": 89754.15162454873, "p99": 89754.15162454873, "max": 89754.15162454873}}
{"target_qps": 5.0, "actual_qps": 4.629099485184038, "success_rate": 100.0, "input_tokens": 249, "output_tokens": 298, "model": "meta-llama/Llama-3.1-8B-Instruct", "input_tokens_per_minute": 74937.54646840149, "output_tokens_per_minute": 89483.64312267659, "Latency": {"unit": "s", "min": 1.120050988974981, "p50": 2.618708359019365, "p90": 25.984689488820745, "p95": 33.183569846418685, "p99": 40.05414485030807, "max": 42.26373148796847}, "Throughput": {"unit": "tokens/s", "min": 4.124054378864408, "p50": 113.5486630364965, "p90": 121.63766302301116, "p95": 123.37942868045512, "p99": 125.76119394431241, "max": 126.78710690612587}, "TTFT": {"unit": "s", "min": 0.016975959995761514, "p50": 0.15262822801014408, "p90": 2.63124246877851, "p95": 4.095127539976964, "p99": 9.341531652084065, "max": 15.451047888956964}, "TPOT": {"unit": "ms", "min": 7.6162464615739385, "p50": 8.254942989964224, "p90": 80.19888454594224, "p95": 103.08697513911255, "p99": 127.02536702455083, "max": 239.95100356679956}, "Input Tokens per Minute": {"unit": "tokens/min", "min": 74937.54646840149, "p50": 74937.54646840149, "p90": 74937.54646840149, "p95": 74937.54646840149, "p99": 74937.54646840149, "max": 74937.54646840149}, "Output Tokens per Minute": {"unit": "tokens/min", "min": 89483.64312267659, "p50": 89483.64312267659, "p90": 89483.64312267659, "p95": 89483.64312267659, "p99": 89483.64312267659, "max": 89483.64312267659}}
{"target_qps": 5.0, "actual_qps": 4.732384471418396, "success_rate": 100.0, "input_tokens": 210, "output_tokens": 298, "model": "meta-llama/Llama-3.1-8B-Instruct", "input_tokens_per_minute": 63074.22680412371, "output_tokens_per_minute": 89459.793814433, "Latency": {"unit": "s", "min": 0.047730152029544115, "p50": 2.4994802359724417, "p90": 32.25990861898754, "p95": 35.89239891798934, "p99": 42.170571534079535, "max": 50.978291580977384}, "Throughput": {"unit": "tokens/s", "min": 5.884857861967768, "p50": 119.98651053885308, "p90": 126.09591520275845, "p95": 126.43880054349167, "p99": 126.9270381409796, "max": 128.4419715783068}, "TTFT": {"unit": "s", "min": 0.016110990021843463, "p50": 0.028637868497753516, "p90": 3.048736848414416, "p95": 4.616482948744672, "p99": 12.472722295938876, "max": 25.161366905027535}, "TPOT": {"unit": "ms", "min": 7.728770264287332, "p50": 8.231775677178124, "p90": 93.53707076913142, "p95": 110.44529237756997, "p99": 120.14595541519614, "max": 127.63052273570501}, "Input Tokens per Minute": {"unit": "tokens/min", "min": 63074.22680412371, "p50": 63074.22680412371, "p90": 63074.22680412371, "p95": 63074.22680412371, "p99": 63074.22680412371, "max": 63074.22680412371}, "Output Tokens per Minute": {"unit": "tokens/min", "min": 89459.793814433, "p50": 89459.793814433, "p90": 89459.793814433, "p95": 89459.793814433, "p99": 89459.793814433, "max": 89459.793814433}}
{"target_qps": 5.0, "actual_qps": 4.7619992977377334, "success_rate": 100.0, "input_tokens": 208, "output_tokens": 299, "model": "meta-llama/Llama-3.1-8B-Instruct", "input_tokens_per_minute": 63626.08187827778, "output_tokens_per_minute": 91567.6682902217, "Latency": {"unit": "s", "min": 1.079960175033193, "p50": 2.472769104526378, "p90": 28.744148950529052, "p95": 34.22993601779162, "p99": 40.61761498905136, "max": 47.75270598800853}, "Throughput": {"unit": "tokens/s", "min": 6.282366491970839, "p50": 121.30246396443584, "p90": 124.16340308704591, "p95": 125.90116541839805, "p99": 127.39108235466436, "max": 128.03417309195135}, "TTFT": {"unit": "s", "min": 0.015104905003681779, "p50": 0.028646475489949808, "p90": 2.7873948754102456, "p95": 5.208141971167051, "p99": 9.03238069113345, "max": 12.819138435006607}, "TPOT": {"unit": "ms", "min": 7.331487618738716, "p50": 8.184077364472785, "p90": 91.09541720975064,