{"target_qps": 3.5, "actual_qps": 3.01617688813313, "success_rate": 100.0, "input_tokens": 157, "output_tokens": 347, "model": "meta-llama/Llama-3.1-8B-Instruct", "input_tokens_per_minute": 33135.09433962264, "output_tokens_per_minute": 73049.62264150944, "Latency": {"unit": "s", "min": 2.0146741359494627, "p50": 3.011813928023912, "p90": 14.723317180271263, "p95": 17.09586183378705, "p99": 31.165770381602908, "max": 35.350809165043756}, "Throughput": {"unit": "tokens/s", "min": 9.900763469541554, "p50": 115.81149601464827, "p90": 121.6663540728407, "p95": 122.63860405339979, "p99": 123.90577195370807, "max": 124.26233127270453}, "TTFT": {"unit": "s", "min": 0.015892536961473525, "p50": 0.04906203702557832, "p90": 0.6323477065889169, "p95": 1.312670484522823, "p99": 2.374979987419193, "max": 6.990894668037072}, "TPOT": {"unit": "ms", "min": 7.719589654613544, "p50": 8.4358984067433, "p90": 39.71709130301188, "p95": 46.192293737369205, "p99": 86.38683344117415, "max": 98.65996647855657}, "Input Tokens per Minute": {"unit": "tokens/min", "min": 33135.09433962264, "p50": 33135.09433962264, "p90": 33135.09433962264, "p95": 33135.09433962264, "p99": 33135.09433962264, "max": 33135.09433962264}, "Output Tokens per Minute": {"unit": "tokens/min", "min": 73049.62264150944, "p50": 73049.62264150944, "p90": 73049.62264150944, "p95": 73049.62264150944, "p99": 73049.62264150944, "max": 73049.62264150944}}
{"target_qps": 3.5, "actual_qps": 3.7535111780777908, "success_rate": 100.0, "input_tokens": 153, "output_tokens": 350, "model": "meta-llama/Llama-3.1-8B-Instruct", "input_tokens_per_minute": 32314.39024390244, "output_tokens_per_minute": 73500.0, "Latency": {"unit": "s", "min": 2.819227361935191, "p50": 2.9571032220264897, "p90": 16.230583096458574, "p95": 24.732127190474397, "p99": 38.41578273057938, "max": 38.87834217294585}, "Throughput": {"unit": "tokens/s", "min": 9.002441473534677, "p50": 118.35907431061759, "p90": 122.23040151996888, "p95": 123.18650414038366, "p99": 123.767576104485, "max": 124.14748974334263}, "TTFT": {"unit": "s", "min": 0.018648515921086073, "p50": 0.03934056800790131, "p90": 1.100383614748716, "p95": 2.4831636718008667, "p99": 11.817533438852998, "max": 13.71081165294163}, "TPOT": {"unit": "ms", "min": 7.701089787817317, "p50": 8.284552318356228, "p90": 41.42159295567233, "p95": 56.20153329320461, "p99": 94.5104710108343, "max": 106.83038734956338}, "Input Tokens per Minute": {"unit": "tokens/min", "min": 32314.39024390244, "p50": 32314.39024390244, "p90": 32314.39024390244, "p95": 32314.39024390244, "p99": 32314.39024390244, "max": 32314.39024390244}, "Output Tokens per Minute": {"unit": "tokens/min", "min": 73500.0, "p50": 73500.0, "p90": 73500.0, "p95": 73500.0, "p99": 73500.0, "max": 73500.0}}
{"target_qps": 3.5, "actual_qps": 3.332878044415145, "success_rate": 100.0, "input_tokens": 175, "output_tokens": 348, "model": "meta-llama/Llama-3.1-8B-Instruct", "input_tokens_per_minute": 36762.47524752475, "output_tokens_per_minute": 73137.17821782178, "Latency": {"unit": "s", "min": 0.02676185197196901, "p50": 2.958086957456544, "p90": 18.440093819377946, "p95": 22.993542551400605, "p99": 28.14401437509223, "max": 29.093229281017557}, "Throughput": {"unit": "tokens/s", "min": 12.030290505714479, "p50": 118.28646491681127, "p90": 123.00022060915063, "p95": 123.41590468352823, "p99": 124.87056087985977, "max": 125.51989533925895}, "TTFT": {"unit": "s", "min": 0.016906426986679435, "p50": 0.027494148933328688, "p90": 0.8216430520405993, "p95": 4.491376445977949, "p99": 9.876588869956322, "max": 12.442678723949939}, "TPOT": {"unit": "ms", "min": 7.931759676036763, "p50": 8.394317209112183, "p90": 46.355078203328766, "p95": 54.8571002750356, "p99": 78.69582951274356, "max": 81.65794830665227}, "Input Tokens per Minute": {"unit": "tokens/min", "min": 36762.47524752475, "p50": 36762.47524752475, "p90": 36762.47524752475, "p95": 36762.47524752475, "p99": 36762.47524752475, "max": 36762.47524752475}, "Output Tokens per Minute": {"unit": "tokens/min", "min": 73137.17821782178, "p50": 73137.17821782178, "p90": 73137.17821782178, "p95": 73137.17821782178, "p99": 73137.17821782178, "max": 73137.17821782178}}
{"target_qps": 3.5, "actual_qps": 3.4137709053460337, "success_rate": 100.0, "input_tokens": 192, "output_tokens": 349, "model": "meta-llama/Llama-3.1-8B-Instruct", "input_tokens_per_minute": 40468.23529411765, "output_tokens_per_minute": 73482.5, "Latency": {"unit": "s", "min": 2.7481138930888847, "p50": 2.945206560427323, "p90": 17.277721773018133, "p95": 22.761607897724012, "p99": 29.317195149544858, "max": 30.16056136204861}, "Throughput": {"unit": "tokens/s", "min": 11.604558542481543, "p50": 118.83716576246262, "p90": 123.18371583851247, "p95": 124.11381849998295, "p99": 125.7304323776211, "max": 126.39611355103153}, "TTFT": {"unit": "s", "min": 0.019184913020581007, "p50": 0.02745455998228863, "p90": 0.7254329504212379, "p95": 2.76850104429759, "p99": 10.798155663196228, "max": 19.204983787960373}, "TPOT": {"unit": "ms", "min": 7.856861716216393, "p50": 8.349934813832027, "p90": 43.4697924956031, "p95": 50.87276269596025, "p99": 80.24821419489002, "max": 82.33483030392728}, "Input Tokens per Minute": {"unit": "tokens/min", "min": 40468.23529411765, "p50": 40468.23529411765, "p90": 40468.23529411765, "p95": 40468.23529411765, "p99": 40468.23529411765, "max": 40468.23529411765}, "Output Tokens per Minute": {"unit": "tokens/min", "min": 73482.5, "p50": 73482.5, "p90": 73482.5, "p95": 73482.5, "p99": 73482.5, "max": 73482.5}}
{"target_qps": 3.5, "actual_qps": 3.6305206746365752, "success_rate": 100.0, "input_tokens": 130, "output_tokens": 349, "model": "meta-llama/Llama-3.1-8B-Instruct", "input_tokens_per_minute": 27302.028985507244, "output_tokens_per_minute": 73494.92753623187, "Latency": {"unit": "s", "min": 2.7823131670011207, "p50": 2.939781705965288, "p90": 20.21997899762355, "p95": 23.634520480257923, "p99": 27.16062214166624, "max": 30.39408399106469}, "Throughput": {"unit": "tokens/s", "min": 11.515398855346115, "p50": 119.04772521720504, "p90": 122.74719273696911, "p95": 123.91590977785224, "p99": 125.35002849156048, "max": 125.79461009317036}, "TTFT": {"unit": "s", "min": 0.016201772028580308, "p50": 0.026398600079119205, "p90": 0.6555277001578361, "p95": 1.4860462329350386, "p99": 7.697607547135558, "max": 12.165889574913308}, "TPOT": {"unit": "ms", "min": 7.895994799366398, "p50": 8.334739400903803, "p90": 54.81535331406137, "p95": 63.65449960959971, "p99": 73.63713388305216, "max": 75.48690438377311}, "Input Tokens per Minute": {"unit": "tokens/min", "min": 27302.028985507244, "p50": 27302.028985507244, "p90": 27302.028985507244, "p95": 27302.028985507244, "p99": 27302.028985507244, "max": 27302.028985507244}, "Output Tokens per Minute": {"unit": "tokens/min", "min": 73494.92753623187, "p50": 73494.92753623187, "p90": 73494.92753623187, "p95": 73494.92753623187, "p99": 73494.92753623187, "max": 73494.92753623187}}
{"target_qps": 3.5, "actual_qps": 3.798664935681414, "success_rate": 100.0, "input_tokens": 98, "output_tokens": 349, "model": "meta-llama/Llama-3.1-8B-Instruct", "input_tokens_per_minute": 22546.2325086844, "output_tokens_per_minute": 80039.5217882577, "Latency": {"unit": "s", "min": 2.505679956986569, "p50": 2.930456483969465, "p90": 19.426876679062843, "p95": 22.290675203024875, "p99": 30.017697409435634, "max": 30.92131354706362}, "Throughput": {"unit": "tokens/s", "min": 11.319053424664007, "p50": 119.43259486610069, "p90": 121.96145267132964, "p95": 123.07917289478044, "p99": 125.16437791151588, "max": 125.67652355282905}, "TTFT": {"unit": "s", "min": 0.017374099930748343, "p50": 0.025861065951175988, "p90": 0.7365696040214971, "p95": 2.215711430006195, "p99": 9.969000925146961, "max": 12.40596041700337}, "TPOT": {"unit": "ms", "min": 7.923706234859725, "p50": 8.317721280787023, "p90": 52.90988355009072, "p95": 55.51396347722439, "p99": 71.45880586864628, "max": 86.3547446132827},