{"target_qps": 7.0, "actual_qps": 5.1841223249416295, "success_rate": 100.0, "input_tokens": 293, "output_tokens": 297, "model": "meta-llama/Llama-3.1-8B-Instruct", "input_tokens_per_minute": 123204.72972972972, "output_tokens_per_minute": 124913.1081081081, "Latency": {"unit": "s", "min": 0.3784906360087916, "p50": 2.8335486709838733, "p90": 4.906377000006614, "p95": 6.047423513271497, "p99": 11.462153136869897, "max": 12.411921138991602}, "Throughput": {"unit": "tokens/s", "min": 24.17031148043318, "p50": 105.81703785571494, "p90": 112.69974885874899, "p95": 113.54109697965097, "p99": 115.04054224651141, "max": 116.7737409856892}, "TTFT": {"unit": "s", "min": 0.03377137699862942, "p50": 0.15707920299610123, "p90": 0.37121941152145155, "p95": 0.5120192164758919, "p99": 0.9962766331038471, "max": 6.5483667819644324}, "TPOT": {"unit": "ms", "min": 7.642588284400831, "p50": 8.93153904352795, "p90": 15.684996722429606, "p95": 18.826557751669064, "p99": 32.74654018528959, "max": 39.293025287583056}, "Input Tokens per Minute": {"unit": "tokens/min", "min": 123204.72972972972, "p50": 123204.72972972972, "p90": 123204.72972972972, "p95": 123204.72972972972, "p99": 123204.72972972972, "max": 123204.72972972972}, "Output Tokens per Minute": {"unit": "tokens/min", "min": 124913.1081081081, "p50": 124913.1081081081, "p90": 124913.1081081081, "p95": 124913.1081081081, "p99": 124913.1081081081, "max": 124913.1081081081}}
{"target_qps": 7.0, "actual_qps": 5.243489896782445, "success_rate": 100.0, "input_tokens": 229, "output_tokens": 299, "model": "meta-llama/Llama-3.1-8B-Instruct", "input_tokens_per_minute": 96356.0396039604, "output_tokens_per_minute": 125945.9405940594, "Latency": {"unit": "s", "min": 2.5722627590293996, "p50": 2.8303308320464566, "p90": 4.778978235577234, "p95": 5.316292066761525, "p99": 9.569630497115485, "max": 12.017067823035177}, "Throughput": {"unit": "tokens/s", "min": 24.964492538266157, "p50": 105.99467617115505, "p90": 111.46841157773893, "p95": 113.00716331559282, "p99": 114.72475775254625, "max": 116.62883154021169}, "TTFT": {"unit": "s", "min": 0.024400839000009, "p50": 0.15430178202223033, "p90": 0.41183123082155365, "p95": 0.5529211674758697, "p99": 0.9210522295092254, "max": 1.3183417349937372}, "TPOT": {"unit": "ms", "min": 8.292358106992715, "p50": 8.93181874915135, "p90": 15.439005032645845, "p95": 16.68269021516777, "p99": 31.36448790842181, "max": 39.43184709696591}, "Input Tokens per Minute": {"unit": "tokens/min", "min": 96356.0396039604, "p50": 96356.0396039604, "p90": 96356.0396039604, "p95": 96356.0396039604, "p99": 96356.0396039604, "max": 96356.0396039604}, "Output Tokens per Minute": {"unit": "tokens/min", "min": 125945.9405940594, "p50": 125945.9405940594, "p90": 125945.9405940594, "p95": 125945.9405940594, "p99": 125945.9405940594, "max": 125945.9405940594}}
{"target_qps": 7.0, "actual_qps": 5.445973332044324, "success_rate": 100.0, "input_tokens": 270, "output_tokens": 299, "model": "meta-llama/Llama-3.1-8B-Instruct", "input_tokens_per_minute": 113614.55108359133, "output_tokens_per_minute": 125759.4427244582, "Latency": {"unit": "s", "min": 2.2289803720195778, "p50": 2.808249708963558, "p90": 4.217681151803118, "p95": 5.942123399395496, "p99": 9.187476025281939, "max": 15.511064788966905}, "Throughput": {"unit": "tokens/s", "min": 19.341031971795477, "p50": 106.7893910843747, "p90": 112.49950086936344, "p95": 113.69900148481923, "p99": 115.0153875705111, "max": 116.62326285020485}, "TTFT": {"unit": "s", "min": 0.05551543604815379, "p50": 0.15559650404611602, "p90": 0.31352592816110714, "p95": 0.5151032029185444, "p99": 1.2445757247158284, "max": 2.3979284900124185}, "TPOT": {"unit": "ms", "min": 8.03584067881369, "p50": 8.839486929764005, "p90": 13.149686749007579, "p95": 18.77442750572473, "p99": 28.561520211466313, "max": 51.258727769136904}, "Input Tokens per Minute": {"unit": "tokens/min", "min": 113614.55108359133, "p50": 113614.55108359133, "p90": 113614.55108359133, "p95": 113614.55108359133, "p99": 113614.55108359133, "max": 113614.55108359133}, "Output Tokens per Minute": {"unit": "tokens/min", "min": 125759.4427244582, "p50": 125759.4427244582, "p90": 125759.4427244582, "p95": 125759.4427244582, "p99": 125759.4427244582, "max": 125759.4427244582}}
{"target_qps": 7.0, "actual_qps": 5.267225541187021, "success_rate": 100.0, "input_tokens": 208, "output_tokens": 298, "model": "meta-llama/Llama-3.1-8B-Instruct", "input_tokens_per_minute": 87640.0, "output_tokens_per_minute": 125277.82178217822, "Latency": {"unit": "s", "min": 1.2581332260160707, "p50": 2.802072564023547, "p90": 4.1551550044445325, "p95": 5.8925614038947804, "p99": 17.891869136586386, "max": 26.17857135704253}, "Throughput": {"unit": "tokens/s", "min": 11.459754465145569, "p50": 107.02326579149702, "p90": 112.22467405518219, "p95": 113.23674340592476, "p99": 115.11246160731865, "max": 116.58971465593929}, "TTFT": {"unit": "s", "min": 0.03898141300305724, "p50": 0.152222107979469, "p90": 0.2971105197793804, "p95": 0.4320528416021261, "p99": 0.9488865981821444, "max": 1.5257924320176244}, "TPOT": {"unit": "ms", "min": 7.965186351122191, "p50": 8.876251304416254, "p90": 13.204543896402582, "p95": 16.62061803969928, "p99": 59.426888885225175, "max": 84.37743189979818}, "Input Tokens per Minute": {"unit": "tokens/min", "min": 87640.0, "p50": 87640.0, "p90": 87640.0, "p95": 87640.0, "p99": 87640.0, "max": 87640.0}, "Output Tokens per Minute": {"unit": "tokens/min", "min": 125277.82178217822, "p50": 125277.82178217822, "p90": 125277.82178217822, "p95": 125277.82178217822, "p99": 125277.82178217822, "max": 125277.82178217822}}
{"target_qps": 7.0, "actual_qps": 5.626637660962064, "success_rate": 100.0, "input_tokens": 182, "output_tokens": 299, "model": "meta-llama/Llama-3.1-8B-Instruct", "input_tokens_per_minute": 76796.36363636363, "output_tokens_per_minute": 125585.09090909091, "Latency": {"unit": "s", "min": 0.47729652596171945, "p50": 2.8564033650036436, "p90": 4.057781981560402, "p95": 8.58007350996486, "p99": 36.81030877922309, "max": 45.90783654002007}, "Throughput": {"unit": "tokens/s", "min": 6.534832015847132, "p50": 104.88491780195446, "p90": 110.71885816147874, "p95": 111.69608978301953, "p99": 114.6940711790494, "max": 115.08134633684774}, "TTFT": {"unit": "s", "min": 0.022100396978203207, "p50": 0.140317428013077, "p90": 0.2659110832842999, "p95": 0.4301249741343783, "p99": 4.116969410058805, "max": 6.225237896956969}, "TPOT": {"unit": "ms", "min": 8.160087317742258, "p50": 9.052101918067908, "p90": 13.098531443568067, "p95": 28.298776711369975, "p99": 121.87310575871807, "max": 133.394544073583}, "Input Tokens per Minute": {"unit": "tokens/min", "min": 76796.36363636363, "p50": 76796.36363636363, "p90": 76796.36363636363, "p95": 76796.36363636363, "p99": 76796.36363636363, "max": 76796.36363636363}, "Output Tokens per Minute": {"unit": "tokens/min", "min": 125585.09090909091, "p50": 125585.09090909091, "p90": 125585.09090909091, "p95": 125585.09090909091, "p99": 125585.09090909091, "max": 125585.09090909091}}
{"target_qps": 7.0, "actual_qps": 5.766475555960134, "success_rate": 100.0, "input_tokens": 252, "output_tokens": 299, "model": "meta-llama/Llama-3.1-8B-Instruct", "input_tokens_per_minute": 106123.2558139535, "output_tokens_per_minute": 125661.8023255814, "Latency": {"unit": "s", "min": 1.201227328972891, "p50": 2.8817060824949294, "p90": 4.11088165132096, "p95": 8.625886111852013, "p99": 40.11019013468174, "max": 43.21512826398248}, "Throughput": {"unit": "tokens/s", "min": 6.942013411771685, "p50": 104.08449182122447, "p90": 111.3722225043021, "p95": 113.02488362294696, "p99": 115.12508768229159, "max": 117.41037585077171}, "TTFT": {"unit": "s", "min": 0.019187098019756377, "p50": 0.14875717848190106, "p90": 0.38426249687909136, "p95": 0.6218231242091858, "p99": 4.245998886974987, "max": 7.122557603986934}, "TPOT": {"unit": "ms", "min": 8.24501510377799, "p50": 9.070602411394129, "p90": 13.251734303406293,