{"target_qps": 6.0, "actual_qps": 4.731830497261494, "success_rate": 100.0, "input_tokens": 159, "output_tokens": 349, "model": "meta-llama/Llama-3.1-8B-Instruct", "input_tokens_per_minute": 57431.520000000004, "output_tokens_per_minute": 125933.76000000001, "Latency": {"unit": "s", "min": 2.9333288950147107, "p50": 3.3052787859924138, "p90": 18.708717886707745, "p95": 21.223231837962512, "p99": 25.023347064625703, "max": 25.74738483200781}, "Throughput": {"unit": "tokens/s", "min": 13.593613576043582, "p50": 105.89122023836234, "p90": 113.26847011776513, "p95": 115.47953185700119, "p99": 117.3754344159698, "max": 119.31836235440102}, "TTFT": {"unit": "s", "min": 0.07914208096917719, "p50": 0.17771758552407846, "p90": 1.3309503762400692, "p95": 3.842689449433234, "p99": 8.785791228521838, "max": 16.518195248092525}, "TPOT": {"unit": "ms", "min": 7.929836524274189, "p50": 8.938276348035131, "p90": 45.95500369540237, "p95": 51.73169468825731, "p99": 59.00954789035742, "max": 70.84816973623059}, "Input Tokens per Minute": {"unit": "tokens/min", "min": 57431.520000000004, "p50": 57431.520000000004, "p90": 57431.520000000004, "p95": 57431.520000000004, "p99": 57431.520000000004, "max": 57431.520000000004}, "Output Tokens per Minute": {"unit": "tokens/min", "min": 125933.76000000001, "p50": 125933.76000000001, "p90": 125933.76000000001, "p95": 125933.76000000001, "p99": 125933.76000000001, "max": 125933.76000000001}}
{"target_qps": 6.0, "actual_qps": 4.530907748037341, "success_rate": 100.0, "input_tokens": 163, "output_tokens": 349, "model": "meta-llama/Llama-3.1-8B-Instruct", "input_tokens_per_minute": 58709.50819672131, "output_tokens_per_minute": 125812.62295081967, "Latency": {"unit": "s", "min": 2.9675959330052137, "p50": 3.3450093530118465, "p90": 20.129557416262106, "p95": 22.152074944321065, "p99": 24.441237801132946, "max": 25.266043058014475}, "Throughput": {"unit": "tokens/s", "min": 13.85258464082997, "p50": 104.5332557451388, "p90": 112.87895246926192, "p95": 114.05587142096044, "p99": 116.87523611535039, "max": 117.5680686149845}, "TTFT": {"unit": "s", "min": 0.06428114301525056, "p50": 0.1959581844857894, "p90": 2.631345552147832, "p95": 4.269736084743634, "p99": 7.1116819309093975, "max": 9.297848609043285}, "TPOT": {"unit": "ms", "min": 7.777375727825208, "p50": 9.028198041540856, "p90": 49.66568102330279, "p95": 56.00968748077558, "p99": 63.821345017502416, "max": 70.71306187703533}, "Input Tokens per Minute": {"unit": "tokens/min", "min": 58709.50819672131, "p50": 58709.50819672131, "p90": 58709.50819672131, "p95": 58709.50819672131, "p99": 58709.50819672131, "max": 58709.50819672131}, "Output Tokens per Minute": {"unit": "tokens/min", "min": 125812.62295081967, "p50": 125812.62295081967, "p90": 125812.62295081967, "p95": 125812.62295081967, "p99": 125812.62295081967, "max": 125812.62295081967}}
{"target_qps": 6.0, "actual_qps": 5.503416351822672, "success_rate": 100.0, "input_tokens": 175, "output_tokens": 349, "model": "meta-llama/Llama-3.1-8B-Instruct", "input_tokens_per_minute": 63177.735849056604, "output_tokens_per_minute": 125824.52830188679, "Latency": {"unit": "s", "min": 2.8211433649994433, "p50": 3.4083398260409012, "p90": 18.580271799420018, "p95": 21.31016675455612, "p99": 24.469690084217582, "max": 26.10389104799833}, "Throughput": {"unit": "tokens/s", "min": 10.19866403647029, "p50": 102.68960364785275, "p90": 113.3819119970773, "p95": 114.66630274411416, "p99": 119.16769229583328, "max": 120.16404561562113}, "TTFT": {"unit": "s", "min": 0.021328385919332504, "p50": 0.15693005552748218, "p90": 5.4790523467818275, "p95": 9.557480721466705, "p99": 13.562226957029186, "max": 13.923562708077952}, "TPOT": {"unit": "ms", "min": 8.216995920019922, "p50": 9.243312054467161, "p90": 40.09408589654649, "p95": 50.447245819155874, "p99": 65.96704684515458, "max": 93.4981739023564}, "Input Tokens per Minute": {"unit": "tokens/min", "min": 63177.735849056604, "p50": 63177.735849056604, "p90": 63177.735849056604, "p95": 63177.735849056604, "p99": 63177.735849056604, "max": 63177.735849056604}, "Output Tokens per Minute": {"unit": "tokens/min", "min": 125824.52830188679, "p50": 125824.52830188679, "p90": 125824.52830188679, "p95": 125824.52830188679, "p99": 125824.52830188679, "max": 125824.52830188679}}
{"target_qps": 6.0, "actual_qps": 5.6823411978127885, "success_rate": 100.0, "input_tokens": 173, "output_tokens": 349, "model": "meta-llama/Llama-3.1-8B-Instruct", "input_tokens_per_minute": 62417.64705882353, "output_tokens_per_minute": 125951.29411764706, "Latency": {"unit": "s", "min": 2.9010717979399487, "p50": 3.3313327214564197, "p90": 17.545694443257528, "p95": 21.16000952834729, "p99": 24.010975931903815, "max": 24.723102697986178}, "Throughput": {"unit": "tokens/s", "min": 14.156799179922885, "p50": 105.06306634394927, "p90": 112.66634837952226, "p95": 114.92609217853939, "p99": 119.73653057480269, "max": 120.64506650560493}, "TTFT": {"unit": "s", "min": 0.021263983100652695, "p50": 0.13793621701188385, "p90": 5.360673671611586, "p95": 9.151002015609993, "p99": 12.42128638282884, "max": 14.091570136952214}, "TPOT": {"unit": "ms", "min": 8.242361957039202, "p50": 9.257727184694495, "p90": 38.64663171926834, "p95": 49.472078463505625, "p99": 59.96807477058694, "max": 68.05249284799437}, "Input Tokens per Minute": {"unit": "tokens/min", "min": 62417.64705882353, "p50": 62417.64705882353, "p90": 62417.64705882353, "p95": 62417.64705882353, "p99": 62417.64705882353, "max": 62417.64705882353}, "Output Tokens per Minute": {"unit": "tokens/min", "min": 125951.29411764706, "p50": 125951.29411764706, "p90": 125951.29411764706, "p95": 125951.29411764706, "p99": 125951.29411764706, "max": 125951.29411764706}}
{"target_qps": 6.0, "actual_qps": 5.543940105353038, "success_rate": 100.0, "input_tokens": 175, "output_tokens": 349, "model": "meta-llama/Llama-3.1-8B-Instruct", "input_tokens_per_minute": 63291.487889273354, "output_tokens_per_minute": 125809.41176470587, "Latency": {"unit": "s", "min": 2.2437715060077608, "p50": 8.962443379103206, "p90": 23.71399339777417, "p95": 27.617272389819842, "p99": 38.31248761286029, "max": 44.05725729407277}, "Throughput": {"unit": "tokens/s", "min": 7.944207640158462, "p50": 39.0518506165471, "p90": 111.15023601263148, "p95": 117.34312264889368, "p99": 120.34080590721643, "max": 122.10661536941299}, "TTFT": {"unit": "s", "min": 0.02020855899900198, "p50": 0.05185222998261452, "p90": 2.3808690682053566, "p95": 6.99232485122044, "p99": 14.500375293865801, "max": 14.688305369927548}, "TPOT": {"unit": "ms", "min": 8.143394383906058, "p50": 25.2902380685805, "p90": 53.14454151461579, "p95": 63.07434333597752, "p99": 109.00149412287728, "max": 124.60858655331609}, "Input Tokens per Minute": {"unit": "tokens/min", "min": 63291.487889273354, "p50": 63291.487889273354, "p90": 63291.487889273354, "p95": 63291.487889273354, "p99": 63291.487889273354, "max": 63291.487889273354}, "Output Tokens per Minute": {"unit": "tokens/min", "min": 125809.41176470587, "p50": 125809.41176470587, "p90": 125809.41176470587, "p95": 125809.41176470587, "p99": 125809.41176470587, "max": 125809.41176470587}}
{"target_qps": 6.0, "actual_qps": 6.023582748010284, "success_rate": 100.0, "input_tokens": 181, "output_tokens": 349, "model": "meta-llama/Llama-3.1-8B-Instruct", "input_tokens_per_minute": 65175.4128440367, "output_tokens_per_minute": 125872.29357798165, "Latency": {"unit": "s", "min": 2.193627400090918, "p50": 9.11000174691435, "p90": 20.33649790638593, "p95": 26.271689088630954, "p99": 30.488437921504964, "max": 34.1303499819478}, "Throughput": {"unit": "tokens/s", "min": 10.254802549200981, "p50": 38.419312061992585, "p90": 110.74851749396683, "p95": 115.12053887641777, "p99": 118.40221968674152, "max": 121.08883227372455}, "TTFT": {"unit": "s", "min": 0.019597627921029925, "p50": 0.07034529594238847, "p90": 2.2892155095934883, "p95": 7.586966744135133, "p99": 14.463271883255803, "max": 15.12527321302332},