{"actual_qps": 9.849969601388556, "success_rate": 100.0, "input_tokens": 4244, "output_tokens": 177, "model": "meta-llama/Llama-3.1-8B-Instruct", "input_tokens_per_minute": 1512708.026758908, "output_tokens_per_minute": 63119.96829869049, "Latency": {"unit": "s", "min": 1.3715707170777023, "p50": 15.621327070053667, "p90": 28.119509185955394, "p95": 37.57644319452811, "p99": 44.88931249910966, "max": 47.74300147697795}, "Throughput": {"unit": "tokens/s", "min": 0.9148205944485918, "p50": 12.192630841235964, "p90": 15.253443457674246, "p95": 17.044819245009343, "p99": 69.1605034455071, "max": 72.5278838142446}, "TTFT": {"unit": "s", "min": 0.5515860219020396, "p50": 6.374810510489624, "p90": 16.894412629539147, "p95": 27.12486809125403, "p99": 37.1921966491791, "max": 42.66616337595042}, "TPOT": {"unit": "ms", "min": 7.796210768613871, "p50": 52.838453746297816, "p90": 61.40575238214525, "p95": 64.39236745714496, "p99": 76.3489359837189, "max": 113.95357409867668}, "Input Tokens per Minute": {"unit": "tokens/min", "min": 1512708.026758908, "p50": 1512708.026758908, "p90": 1512708.026758908, "p95": 1512708.026758908, "p99": 1512708.026758908, "max": 1512708.026758908}, "Output Tokens per Minute": {"unit": "tokens/min", "min": 63119.96829869049, "p50": 63119.96829869049, "p90": 63119.96829869049, "p95": 63119.96829869049, "p99": 63119.96829869049, "max": 63119.96829869049}}
{"actual_qps": 9.399933600074014, "success_rate": 100.0, "input_tokens": 4128, "output_tokens": 178, "model": "meta-llama/Llama-3.1-8B-Instruct", "input_tokens_per_minute": 2110410.673090178, "output_tokens_per_minute": 91383.70150053976, "Latency": {"unit": "s", "min": 6.480539954965934, "p50": 18.550367208081298, "p90": 46.756258673174315, "p95": 54.76138578196987, "p99": 59.36514996488578, "max": 62.942350391997024}, "Throughput": {"unit": "tokens/s", "min": 0.3765117481255717, "p50": 10.32073952748307, "p90": 13.053451605178674, "p95": 13.840201675374093, "p99": 16.525939371668336, "max": 21.90069808349034}, "TTFT": {"unit": "s", "min": 4.686443933984265, "p50": 9.382162485970184, "p90": 39.20867403661833, "p95": 45.31602183862122, "p99": 50.15777658810838, "max": 59.85610270698089}, "TPOT": {"unit": "ms", "min": 7.960561155715966, "p50": 50.68056913029552, "p90": 58.937789883637734, "p95": 62.7691917974908, "p99": 82.23134716739872, "max": 106.75696779314119}, "Input Tokens per Minute": {"unit": "tokens/min", "min": 2110410.673090178, "p50": 2110410.673090178, "p90": 2110410.673090178, "p95": 2110410.673090178, "p99": 2110410.673090178, "max": 2110410.673090178}, "Output Tokens per Minute": {"unit": "tokens/min", "min": 91383.70150053976, "p50": 91383.70150053976, "p90": 91383.70150053976, "p95": 91383.70150053976, "p99": 91383.70150053976, "max": 91383.70150053976}}
{"actual_qps": 9.032121829139449, "success_rate": 100.0, "input_tokens": 4304, "output_tokens": 180, "model": "meta-llama/Llama-3.1-8B-Instruct", "input_tokens_per_minute": 2208606.9186402317, "output_tokens_per_minute": 92783.7927315246, "Latency": {"unit": "s", "min": 7.800330138998106, "p50": 28.407247439026833, "p90": 67.39837993239054, "p95": 87.60143221314064, "p99": 103.1899109371868, "max": 104.98251304705627}, "Throughput": {"unit": "tokens/s", "min": 0.17788666956885532, "p50": 6.6771833515306875, "p90": 10.224981923868336, "p95": 11.37869644396147, "p99": 11.992308697204361, "max": 12.651084299664445}, "TTFT": {"unit": "s", "min": 5.032110024010763, "p50": 18.89698251907248, "p90": 56.57720718057826, "p95": 76.76747795792762, "p99": 93.61463583848905, "max": 97.01447947800625}, "TPOT": {"unit": "ms", "min": 15.190201477456519, "p50": 53.00055950465321, "p90": 59.705999798993666, "p95": 62.96560945386391, "p99": 77.34395772421608, "max": 106.63208380186309}, "Input Tokens per Minute": {"unit": "tokens/min", "min": 2208606.9186402317, "p50": 2208606.9186402317, "p90": 2208606.9186402317, "p95": 2208606.9186402317, "p99": 2208606.9186402317, "max": 2208606.9186402317}, "Output Tokens per Minute": {"unit": "tokens/min", "min": 92783.7927315246, "p50": 92783.7927315246, "p90": 92783.7927315246, "p95": 92783.7927315246, "p99": 92783.7927315246, "max": 92783.7927315246}}
{"actual_qps": 9.576945518644084, "success_rate": 100.0, "input_tokens": 4261, "output_tokens": 181, "model": "meta-llama/Llama-3.1-8B-Instruct", "input_tokens_per_minute": 2227942.39274046, "output_tokens_per_minute": 95049.44801281928, "Latency": {"unit": "s", "min": 8.276587542961352, "p50": 29.564744575996883, "p90": 49.96394887180069, "p95": 58.30754053043201, "p99": 67.72689362924545, "max": 68.34357545804232}, "Throughput": {"unit": "tokens/s", "min": 0.3156370404860674, "p50": 5.8940529599543865, "p90": 9.70719273538187, "p95": 11.105672872297616, "p99": 12.09185753395885, "max": 12.253877285852095}, "TTFT": {"unit": "s", "min": 5.706218800041825, "p50": 19.745507496991195, "p90": 40.14380488037134, "p95": 48.77573100342414, "p99": 57.13035359887871, "max": 58.162330080987886}, "TPOT": {"unit": "ms", "min": 11.973997296639087, "p50": 52.61846403029733, "p90": 60.40930655444434, "p95": 63.65920065562522, "p99": 90.43470011640552, "max": 116.29005882423371}, "Input Tokens per Minute": {"unit": "tokens/min", "min": 2227942.39274046, "p50": 2227942.39274046, "p90": 2227942.39274046, "p95": 2227942.39274046, "p99": 2227942.39274046, "max": 2227942.39274046}, "Output Tokens per Minute": {"unit": "tokens/min", "min": 95049.44801281928, "p50": 95049.44801281928, "p90": 95049.44801281928, "p95": 95049.44801281928, "p99": 95049.44801281928, "max": 95049.44801281928}}
{"actual_qps": 9.79779199359265, "success_rate": 100.0, "input_tokens": 4313, "output_tokens": 179, "model": "meta-llama/Llama-3.1-8B-Instruct", "input_tokens_per_minute": 2154327.5820364943, "output_tokens_per_minute": 89607.78605873421, "Latency": {"unit": "s", "min": 9.094447148032486, "p50": 34.6801878149854, "p90": 69.67747642460745, "p95": 82.60461980416439, "p99": 94.6885117222648, "max": 100.6067273929948}, "Throughput": {"unit": "tokens/s", "min": 0.21760907313788208, "p50": 5.505746862228173, "p90": 8.595544065108948, "p95": 10.04503414375534, "p99": 11.138074825511222, "max": 12.917624710218577}, "TTFT": {"unit": "s", "min": 4.789290769957006, "p50": 24.60162265400868, "p90": 59.255658524576575, "p95": 71.15125937904229, "p99": 83.67432450862601, "max": 86.81020988302771}, "TPOT": {"unit": "ms", "min": 8.894260120975911, "p50": 54.83478201546205, "p90": 64.70424699011659, "p95": 74.15191559352168, "p99": 104.43453989421688, "max": 180.22611333031412}, "Input Tokens per Minute": {"unit": "tokens/min", "min": 2154327.5820364943, "p50": 2154327.5820364943, "p90": 2154327.5820364943, "p95": 2154327.5820364943, "p99": 2154327.5820364943, "max": 2154327.5820364943}, "Output Tokens per Minute": {"unit": "tokens/min", "min": 89607.78605873421, "p50": 89607.78605873421, "p90": 89607.78605873421, "p95": 89607.78605873421, "p99": 89607.78605873421, "max": 89607.78605873421}}
{"actual_qps": 9.782357872297395, "success_rate": 79.86798679867987, "input_tokens": 4152, "output_tokens": 177, "model": "meta-llama/Llama-3.1-8B-Instruct", "input_tokens_per_minute": 1956970.2158251868, "output_tokens_per_minute": 83474.84122982352, "Latency": {"unit": "s", "min": 9.696738025988452, "p50": 38.11024090251885, "p90": 79.45143066438614, "p95": 87.10726198402698, "p99": 95.45783766072827, "max": 103.7571546449326}, "Throughput": {"unit": "tokens/s", "min": 0.1996413945169682, "p50": 4.975442855232806, "p90": 7.468871186303285, "p95": 8.726664725322383, "p99": 10.06958194516589, "max": 10.387942443338474}, "TTFT": {"unit": "s", "min": 9.236629059072584, "p50": 27.28150669450406, "p90": 69.38224354988196, "p95": 77.53864177117354, "p99": 86.44056320429789, "max": 97.07675308105536}, "TPOT": {"unit": "ms", "min": 19.54051059841567, "p50": 51.214570494897515, "p90": 63.41135149228448, "p95": 69.58475061004665, "p99": 86.15651633611084, "max": 351.13677647693646},