{"target_qps": 5.0, "actual_qps": 4.144373725667087, "success_rate": 100.0, "input_tokens": 158, "output_tokens": 349, "model": "meta-llama/Llama-3.1-8B-Instruct", "input_tokens_per_minute": 47584.91379310345, "output_tokens_per_minute": 104877.1551724138, "Latency": {"unit": "s", "min": 2.150340114021674, "p50": 2.9030878564808518, "p90": 19.07854903673289, "p95": 30.475522802892375, "p99": 31.400051805181427, "max": 32.17246225499548}, "Throughput": {"unit": "tokens/s", "min": 10.878868929146224, "p50": 120.50695997923549, "p90": 123.90065691127835, "p95": 124.46925640623792, "p99": 125.34099994888552, "max": 126.83481158984841}, "TTFT": {"unit": "s", "min": 0.018425005953758955, "p50": 0.028958379465620965, "p90": 0.5461152554373263, "p95": 1.8382967260025818, "p99": 14.697787742170036, "max": 20.177572633954696}, "TPOT": {"unit": "ms", "min": 7.607699197418134, "p50": 8.202123853650189, "p90": 34.32370387021063, "p95": 83.84800995279764, "p99": 87.21637410750843, "max": 88.28442372224244}, "Input Tokens per Minute": {"unit": "tokens/min", "min": 47584.91379310345, "p50": 47584.91379310345, "p90": 47584.91379310345, "p95": 47584.91379310345, "p99": 47584.91379310345, "max": 47584.91379310345}, "Output Tokens per Minute": {"unit": "tokens/min", "min": 104877.1551724138, "p50": 104877.1551724138, "p90": 104877.1551724138, "p95": 104877.1551724138, "p99": 104877.1551724138, "max": 104877.1551724138}}
{"target_qps": 5.0, "actual_qps": 5.133181049475857, "success_rate": 100.0, "input_tokens": 164, "output_tokens": 349, "model": "meta-llama/Llama-3.1-8B-Instruct", "input_tokens_per_minute": 50821.00696366218, "output_tokens_per_minute": 108181.13661543715, "Latency": {"unit": "s", "min": 2.2663219569949433, "p50": 2.900844924559351, "p90": 5.285420779814013, "p95": 5.43068881748477, "p99": 6.691115589785655, "max": 7.371871601091698}, "Throughput": {"unit": "tokens/s", "min": 47.477766697424386, "p50": 120.54440941425506, "p90": 122.88814124566963, "p95": 123.5775879819242, "p99": 125.12751476127295, "max": 126.21400882932667}, "TTFT": {"unit": "s", "min": 0.017296412959694862, "p50": 0.025695758988149464, "p90": 0.05944521090714262, "p95": 0.09863286577165131, "p99": 0.17192167570465283, "max": 2.119177401997149}, "TPOT": {"unit": "ms", "min": 7.889393435518944, "p50": 8.244502739240295, "p90": 15.019977549731433, "p95": 15.234809369716077, "p99": 15.486784391932423, "max": 19.49504475652328}, "Input Tokens per Minute": {"unit": "tokens/min", "min": 50821.00696366218, "p50": 50821.00696366218, "p90": 50821.00696366218, "p95": 50821.00696366218, "p99": 50821.00696366218, "max": 50821.00696366218}, "Output Tokens per Minute": {"unit": "tokens/min", "min": 108181.13661543715, "p50": 108181.13661543715, "p90": 108181.13661543715, "p95": 108181.13661543715, "p99": 108181.13661543715, "max": 108181.13661543715}}
{"target_qps": 5.0, "actual_qps": 4.9974140794546775, "success_rate": 100.0, "input_tokens": 73, "output_tokens": 348, "model": "meta-llama/Llama-3.1-8B-Instruct", "input_tokens_per_minute": 22116.0409556314, "output_tokens_per_minute": 104498.29351535835, "Latency": {"unit": "s", "min": 1.3373203520895913, "p50": 2.8856217289576307, "p90": 7.654911740403631, "p95": 18.441398358414876, "p99": 19.283492569858208, "max": 24.303614209988154}, "Throughput": {"unit": "tokens/s", "min": 14.40115025592198, "p50": 121.18675912265135, "p90": 123.29518884674059, "p95": 124.96852488637286, "p99": 127.48399675640084, "max": 130.05368517886285}, "TTFT": {"unit": "s", "min": 0.01815617794636637, "p50": 0.025836298009380698, "p90": 0.054224444995634315, "p95": 0.23430837139021587, "p99": 0.9290754737565282, "max": 1.1528732059523463}, "TPOT": {"unit": "ms", "min": 7.657478100494789, "p50": 8.196002896808428, "p90": 21.855233926833083, "p95": 51.18201244815938, "p99": 54.76871382688063, "max": 66.77207573921417}, "Input Tokens per Minute": {"unit": "tokens/min", "min": 22116.0409556314, "p50": 22116.0409556314, "p90": 22116.0409556314, "p95": 22116.0409556314, "p99": 22116.0409556314, "max": 22116.0409556314}, "Output Tokens per Minute": {"unit": "tokens/min", "min": 104498.29351535835, "p50": 104498.29351535835, "p90": 104498.29351535835, "p95": 104498.29351535835, "p99": 104498.29351535835, "max": 104498.29351535835}}
{"target_qps": 5.0, "actual_qps": 5.255955689371703, "success_rate": 100.0, "input_tokens": 99, "output_tokens": 349, "model": "meta-llama/Llama-3.1-8B-Instruct", "input_tokens_per_minute": 31618.30403948912, "output_tokens_per_minute": 111386.79949625519, "Latency": {"unit": "s", "min": 2.816957378992811, "p50": 2.8935019985074177, "p90": 5.250681054138113, "p95": 16.415495551447453, "p99": 48.733280630256054, "max": 50.232835356961004}, "Throughput": {"unit": "tokens/s", "min": 6.967554140889218, "p50": 120.96069127235938, "p90": 123.07495819368974, "p95": 123.46691001400359, "p99": 124.06183395035, "max": 124.24753125840363}, "TTFT": {"unit": "s", "min": 0.018291184096597135, "p50": 0.02513961400836706, "p90": 0.04354278899263594, "p95": 0.5344875053328001, "p99": 12.52811996260891, "max": 24.3965215429198}, "TPOT": {"unit": "ms", "min": 8.000977283655894, "p50": 8.218548157556587, "p90": 14.84848747895844, "p95": 40.61145732702325, "p99": 105.99092810155882, "max": 122.53349530377176}, "Input Tokens per Minute": {"unit": "tokens/min", "min": 31618.30403948912, "p50": 31618.30403948912, "p90": 31618.30403948912, "p95": 31618.30403948912, "p99": 31618.30403948912, "max": 31618.30403948912}, "Output Tokens per Minute": {"unit": "tokens/min", "min": 111386.79949625519, "p50": 111386.79949625519, "p90": 111386.79949625519, "p95": 111386.79949625519, "p99": 111386.79949625519, "max": 111386.79949625519}}
{"target_qps": 5.0, "actual_qps": 4.99876941352602, "success_rate": 100.0, "input_tokens": 125, "output_tokens": 349, "model": "meta-llama/Llama-3.1-8B-Instruct", "input_tokens_per_minute": 37538.127090301, "output_tokens_per_minute": 104926.7558528428, "Latency": {"unit": "s", "min": 2.2653467369964346, "p50": 2.8918489690404385, "p90": 5.3012123482069, "p95": 5.3528674061177295, "p99": 5.612097228241619, "max": 5.816877693054266}, "Throughput": {"unit": "tokens/s", "min": 60.16973683629673, "p50": 121.02983376622727, "p90": 123.54554929027323, "p95": 124.34144589358176, "p99": 125.20359050025847, "max": 126.29370143772034}, "TTFT": {"unit": "s", "min": 0.01727040996775031, "p50": 0.02592031506355852, "p90": 0.048336404399014994, "p95": 0.10116362082771951, "p99": 0.16247336088446887, "max": 0.5936504980782047}, "TPOT": {"unit": "ms", "min": 7.879945868159242, "p50": 8.196385750776546, "p90": 14.988331145067889, "p95": 15.149214866879344, "p99": 15.938610221448762, "max": 15.963209940075211}, "Input Tokens per Minute": {"unit": "tokens/min", "min": 37538.127090301, "p50": 37538.127090301, "p90": 37538.127090301, "p95": 37538.127090301, "p99": 37538.127090301, "max": 37538.127090301}, "Output Tokens per Minute": {"unit": "tokens/min", "min": 104926.7558528428, "p50": 104926.7558528428, "p90": 104926.7558528428, "p95": 104926.7558528428, "p99": 104926.7558528428, "max": 104926.7558528428}}
{"target_qps": 5.0, "actual_qps": 4.655774755849137, "success_rate": 100.0, "input_tokens": 116, "output_tokens": 347, "model": "meta-llama/Llama-3.1-8B-Instruct", "input_tokens_per_minute": 35067.36842105263, "output_tokens_per_minute": 104203.15789473684, "Latency": {"unit": "s", "min": 0.02237171703018248, "p50": 2.8893610540544614, "p90": 5.275886742817238, "p95": 5.305992919742129, "p99": 8.681743649346755, "max": 8.75812477094587}, "Throughput": {"unit": "tokens/s", "min": 37.16010162789825, "p50": 120.97794197948953, "p90": 123.16004573290193, "p95": 124.17813021543812, "p99": 126.33222319234999, "max": 127.14598131586095}, "TTFT": {"unit": "s", "min": 0.01666001498233527, "p50": 0.0259052449837327, "p90": 0.0565640575485304, "p95": 0.116262324596755, "p99": 0.1494308740552515, "max": 0.1635843189433217}, "TPOT": {"unit": "ms", "min": 7.801373822435758,