{"actual_qps": 3.6993800036550994, "success_rate": 100.0, "input_tokens": 4030, "output_tokens": 174, "model": "meta-llama/Llama-3.1-8B-Instruct", "input_tokens_per_minute": 854613.262449741, "output_tokens_per_minute": 37106.43294559086, "Latency": {"unit": "s", "min": 0.3535925999749452, "p50": 2.7845363685046323, "p90": 6.474237307673321, "p95": 7.1848016195930535, "p99": 8.198140714635375, "max": 8.833941157907248}, "Throughput": {"unit": "tokens/s", "min": 7.522804121703105, "p50": 52.116658091065034, "p90": 97.74748538455889, "p95": 104.2446504528717, "p99": 111.03570985748146, "max": 115.14938508087191}, "TTFT": {"unit": "s", "min": 0.07526885706465691, "p50": 0.5648068024893291, "p90": 2.388216205430217, "p95": 2.9477269921510008, "p99": 3.7491416099132038, "max": 4.671857135021128}, "TPOT": {"unit": "ms", "min": 7.759042035076936, "p50": 11.655817190933991, "p90": 23.359939266067503, "p95": 24.286415512865435, "p99": 26.929864855372028, "max": 28.874068062357377}, "Input Tokens per Minute": {"unit": "tokens/min", "min": 854613.262449741, "p50": 854613.262449741, "p90": 854613.262449741, "p95": 854613.262449741, "p99": 854613.262449741, "max": 854613.262449741}, "Output Tokens per Minute": {"unit": "tokens/min", "min": 37106.43294559086, "p50": 37106.43294559086, "p90": 37106.43294559086, "p95": 37106.43294559086, "p99": 37106.43294559086, "max": 37106.43294559086}}
{"actual_qps": 3.3331085361630834, "success_rate": 100.0, "input_tokens": 4095, "output_tokens": 177, "model": "meta-llama/Llama-3.1-8B-Instruct", "input_tokens_per_minute": 767029.1196560623, "output_tokens_per_minute": 33233.974806050464, "Latency": {"unit": "s", "min": 0.30704809399321675, "p50": 2.5887925520073622, "p90": 6.81783025118057, "p95": 7.657993591786362, "p99": 8.750627079359257, "max": 9.617291836999357}, "Throughput": {"unit": "tokens/s", "min": 3.658152494228959, "p50": 58.165491554958486, "p90": 106.41705832081104, "p95": 113.06694127414976, "p99": 119.73042825280115, "max": 122.54725762394864}, "TTFT": {"unit": "s", "min": 0.05707459605764598, "p50": 0.5133985560387373, "p90": 2.1721909474348657, "p95": 2.838332825223915, "p99": 3.9071385461743957, "max": 5.572027947055176}, "TPOT": {"unit": "ms", "min": 7.5055209500949145, "p50": 12.807366194185587, "p90": 25.387825646166263, "p95": 26.46367538289808, "p99": 30.48890540509686, "max": 30.881659970174184}, "Input Tokens per Minute": {"unit": "tokens/min", "min": 767029.1196560623, "p50": 767029.1196560623, "p90": 767029.1196560623, "p95": 767029.1196560623, "p99": 767029.1196560623, "max": 767029.1196560623}, "Output Tokens per Minute": {"unit": "tokens/min", "min": 33233.974806050464, "p50": 33233.974806050464, "p90": 33233.974806050464, "p95": 33233.974806050464, "p99": 33233.974806050464, "max": 33233.974806050464}}
{"actual_qps": 3.3871547088511478, "success_rate": 100.0, "input_tokens": 4237, "output_tokens": 173, "model": "meta-llama/Llama-3.1-8B-Instruct", "input_tokens_per_minute": 898189.2337988473, "output_tokens_per_minute": 36831.92030404739, "Latency": {"unit": "s", "min": 0.3290358630474657, "p50": 2.5755411259597167, "p90": 6.478894967562521, "p95": 6.8863871442968945, "p99": 7.9183402203861615, "max": 8.478594181942753}, "Throughput": {"unit": "tokens/s", "min": 7.022164965148896, "p50": 51.214119048988515, "p90": 100.71336330174995, "p95": 108.21587381636716, "p99": 115.97188915157382, "max": 119.66518134995115}, "TTFT": {"unit": "s", "min": 0.06023674504831433, "p50": 0.5097833359614015, "p90": 2.1736844640225175, "p95": 2.642060684855096, "p99": 3.4159285913151685, "max": 4.057197663001716}, "TPOT": {"unit": "ms", "min": 7.1710095022472755, "p50": 14.809990776012894, "p90": 24.855691914788295, "p95": 25.69197388406815, "p99": 28.353603765985447, "max": 34.60863135738431}, "Input Tokens per Minute": {"unit": "tokens/min", "min": 898189.2337988473, "p50": 898189.2337988473, "p90": 898189.2337988473, "p95": 898189.2337988473, "p99": 898189.2337988473, "max": 898189.2337988473}, "Output Tokens per Minute": {"unit": "tokens/min", "min": 36831.92030404739, "p50": 36831.92030404739, "p90": 36831.92030404739, "p95": 36831.92030404739, "p99": 36831.92030404739, "max": 36831.92030404739}}
{"actual_qps": 3.449861706139986, "success_rate": 100.0, "input_tokens": 4322, "output_tokens": 169, "model": "meta-llama/Llama-3.1-8B-Instruct", "input_tokens_per_minute": 861637.9634563904, "output_tokens_per_minute": 33799.932960381484, "Latency": {"unit": "s", "min": 0.3013884079409763, "p50": 2.6367175249615684, "p90": 5.921121091581881, "p95": 6.858895528246649, "p99": 8.548965174023753, "max": 9.087283288943581}, "Throughput": {"unit": "tokens/s", "min": 2.3690957770448864, "p50": 51.1247180662841, "p90": 100.70785199991374, "p95": 106.52094797742181, "p99": 113.92147387599233, "max": 122.86211329639276}, "TTFT": {"unit": "s", "min": 0.052913567051291466, "p50": 0.5513447480043396, "p90": 1.8492030364577658, "p95": 2.1818590975017287, "p99": 3.89975744056282, "max": 7.238493110053241}, "TPOT": {"unit": "ms", "min": 7.091692624574837, "p50": 14.281935567778053, "p90": 24.0276596434625, "p95": 25.073004368841282, "p99": 37.2847890130091, "max": 38.94695324832391}, "Input Tokens per Minute": {"unit": "tokens/min", "min": 861637.9634563904, "p50": 861637.9634563904, "p90": 861637.9634563904, "p95": 861637.9634563904, "p99": 861637.9634563904, "max": 861637.9634563904}, "Output Tokens per Minute": {"unit": "tokens/min", "min": 33799.932960381484, "p50": 33799.932960381484, "p90": 33799.932960381484, "p95": 33799.932960381484, "p99": 33799.932960381484, "max": 33799.932960381484}}
{"actual_qps": 3.3118935859180945, "success_rate": 100.0, "input_tokens": 4134, "output_tokens": 179, "model": "meta-llama/Llama-3.1-8B-Instruct", "input_tokens_per_minute": 796251.3611982397, "output_tokens_per_minute": 34550.9135472582, "Latency": {"unit": "s", "min": 0.4209556399146095, "p50": 3.0801374989096075, "p90": 6.197560127056206, "p95": 6.680510952067561, "p99": 9.211135624747259, "max": 10.935821079066955}, "Throughput": {"unit": "tokens/s", "min": 5.348181574605923, "p50": 54.30611603548115, "p90": 104.55022953810466, "p95": 112.10597843912866, "p99": 119.13088683343805, "max": 121.15290820273916}, "TTFT": {"unit": "s", "min": 0.02860085992142558, "p50": 0.43371350702364, "p90": 2.1551203867886217, "p95": 2.791416443977504, "p99": 4.164272082378173, "max": 7.500957794021815}, "TPOT": {"unit": "ms", "min": 5.7189762151825265, "p50": 14.336133763619966, "p90": 22.108765650568674, "p95": 24.261618035742494, "p99": 26.498319512884102, "max": 33.38418516094081}, "Input Tokens per Minute": {"unit": "tokens/min", "min": 796251.3611982397, "p50": 796251.3611982397, "p90": 796251.3611982397, "p95": 796251.3611982397, "p99": 796251.3611982397, "max": 796251.3611982397}, "Output Tokens per Minute": {"unit": "tokens/min", "min": 34550.9135472582, "p50": 34550.9135472582, "p90": 34550.9135472582, "p95": 34550.9135472582, "p99": 34550.9135472582, "max": 34550.9135472582}}
{"actual_qps": 3.6229750782190773, "success_rate": 100.0, "input_tokens": 4155, "output_tokens": 172, "model": "meta-llama/Llama-3.1-8B-Instruct", "input_tokens_per_minute": 876791.1258653023, "output_tokens_per_minute": 36436.10708235592, "Latency": {"unit": "s", "min": 0.3322097610216588, "p50": 2.197262856992893, "p90": 8.422822308633478, "p95": 9.744805691280636, "p99": 11.4922480460396, "max": 11.817040120018646}, "Throughput": {"unit": "tokens/s", "min": 8.351242778606599, "p50": 60.074007219900416, "p90": 109.91257678501117, "p95": 113.56534208540523, "p99": 123.76963866001546, "max": 128.3548626288429}, "TTFT": {"unit": "s", "min": 0.026212312979623675, "p50": 0.26741134806070477, "p90": 2.1373702580574903, "p95": 3.038680674065833, "p99": 5.188829785087131, "max": 5.817146209999919}, "TPOT": {"unit": "ms", "min": 7.682931432196281, "p50": 12.674029158464531, "p90": 30.539595546088552, "p95": 35.64692415196411, "p99": 50.06741014480632, "max": 51.103332080532},