{"target_qps": 6.0, "actual_qps": 5.201177892299005, "success_rate": 100.0, "input_tokens": 163, "output_tokens": 350, "model": "meta-llama/Llama-3.1-8B-Instruct", "input_tokens_per_minute": 58916.92307692308, "output_tokens_per_minute": 126000.0, "Latency": {"unit": "s", "min": 2.8390223120804876, "p50": 10.943542280467227, "p90": 17.94623472929234, "p95": 19.77669665974681, "p99": 24.63146946498193, "max": 24.864982284023426}, "Throughput": {"unit": "tokens/s", "min": 14.07602048543934, "p50": 31.982404836648506, "p90": 112.90904846531123, "p95": 115.83678605856635, "p99": 120.70814688018962, "max": 123.28187718380894}, "TTFT": {"unit": "s", "min": 0.021006177994422615, "p50": 0.17772419197717682, "p90": 0.578663070232142, "p95": 0.9578610057418694, "p99": 5.775555762079309, "max": 10.793912774068303}, "TPOT": {"unit": "ms", "min": 7.942277753664271, "p50": 30.623814769230655, "p90": 47.810471950320476, "p95": 52.59808750054599, "p99": 61.384046266924834, "max": 69.85099523803245}, "Input Tokens per Minute": {"unit": "tokens/min", "min": 58916.92307692308, "p50": 58916.92307692308, "p90": 58916.92307692308, "p95": 58916.92307692308, "p99": 58916.92307692308, "max": 58916.92307692308}, "Output Tokens per Minute": {"unit": "tokens/min", "min": 126000.0, "p50": 126000.0, "p90": 126000.0, "p95": 126000.0, "p99": 126000.0, "max": 126000.0}}
{"target_qps": 6.0, "actual_qps": 5.3772024686388065, "success_rate": 100.0, "input_tokens": 179, "output_tokens": 349, "model": "meta-llama/Llama-3.1-8B-Instruct", "input_tokens_per_minute": 64680.94488188976, "output_tokens_per_minute": 125907.87401574802, "Latency": {"unit": "s", "min": 2.508955930941738, "p50": 11.348691215447616, "p90": 18.385743355099113, "p95": 21.377128476207137, "p99": 25.32031517296098, "max": 29.35078906698618}, "Throughput": {"unit": "tokens/s", "min": 11.924721996441336, "p50": 30.840561631302727, "p90": 111.40659097138465, "p95": 113.73897961683113, "p99": 118.07962624427667, "max": 122.13674194594108}, "TTFT": {"unit": "s", "min": 0.02426014095544815, "p50": 0.2189457215135917, "p90": 0.7822983147227214, "p95": 2.276653648138738, "p99": 12.427823856080645, "max": 16.594226108980365}, "TPOT": {"unit": "ms", "min": 7.9197601950927545, "p50": 31.718204190713063, "p90": 45.084094558275424, "p95": 51.99261530468248, "p99": 63.79764375495017, "max": 65.99777073060352}, "Input Tokens per Minute": {"unit": "tokens/min", "min": 64680.94488188976, "p50": 64680.94488188976, "p90": 64680.94488188976, "p95": 64680.94488188976, "p99": 64680.94488188976, "max": 64680.94488188976}, "Output Tokens per Minute": {"unit": "tokens/min", "min": 125907.87401574802, "p50": 125907.87401574802, "p90": 125907.87401574802, "p95": 125907.87401574802, "p99": 125907.87401574802, "max": 125907.87401574802}}
{"target_qps": 6.0, "actual_qps": 5.673965317576666, "success_rate": 100.0, "input_tokens": 161, "output_tokens": 349, "model": "meta-llama/Llama-3.1-8B-Instruct", "input_tokens_per_minute": 57988.97832817337, "output_tokens_per_minute": 125874.05572755418, "Latency": {"unit": "s", "min": 8.197902697953396, "p50": 15.164691976038739, "p90": 20.331251264992172, "p95": 22.21320140716852, "p99": 32.94672286294843, "max": 35.74324813601561}, "Throughput": {"unit": "tokens/s", "min": 9.792059151091337, "p50": 23.01392781614851, "p90": 30.775279963507387, "p95": 31.6917269478277, "p99": 38.04996223661301, "max": 42.6938465721699}, "TTFT": {"unit": "s", "min": 0.04045285505708307, "p50": 0.34423436305951327, "p90": 2.3633543480420487, "p95": 5.87900150106288, "p99": 12.902514707241206, "max": 14.572878807084635}, "TPOT": {"unit": "ms", "min": 22.043613919769456, "p50": 41.759497349625484, "p90": 51.76883521278911, "p95": 56.299351534991615, "p99": 73.18246078577394, "max": 99.99257366754713}, "Input Tokens per Minute": {"unit": "tokens/min", "min": 57988.97832817337, "p50": 57988.97832817337, "p90": 57988.97832817337, "p95": 57988.97832817337, "p99": 57988.97832817337, "max": 57988.97832817337}, "Output Tokens per Minute": {"unit": "tokens/min", "min": 125874.05572755418, "p50": 125874.05572755418, "p90": 125874.05572755418, "p95": 125874.05572755418, "p99": 125874.05572755418, "max": 125874.05572755418}}
{"target_qps": 6.0, "actual_qps": 6.096717374036586, "success_rate": 100.0, "input_tokens": 160, "output_tokens": 349, "model": "meta-llama/Llama-3.1-8B-Instruct", "input_tokens_per_minute": 57632.432432432426, "output_tokens_per_minute": 125993.5135135135, "Latency": {"unit": "s", "min": 8.00691740505863, "p50": 14.861912889056839, "p90": 19.65939037264325, "p95": 22.039514615153887, "p99": 33.65124397863169, "max": 36.08816525200382}, "Throughput": {"unit": "tokens/s", "min": 9.69847033108911, "p50": 23.550131306294553, "p90": 31.405551270067214, "p95": 32.484598784780154, "p99": 42.47296775311893, "max": 43.712203123124034}, "TTFT": {"unit": "s", "min": 0.03744645300321281, "p50": 0.3185465399874374, "p90": 2.139547534240411, "p95": 4.824790003360245, "p99": 9.237991006248635, "max": 16.098851251997985}, "TPOT": {"unit": "ms", "min": 21.828838149058956, "p50": 41.3655284411917, "p90": 51.67153942883068, "p95": 54.40194655295171, "p99": 91.64030988535241, "max": 99.9314265127526}, "Input Tokens per Minute": {"unit": "tokens/min", "min": 57632.432432432426, "p50": 57632.432432432426, "p90": 57632.432432432426, "p95": 57632.432432432426, "p99": 57632.432432432426, "max": 57632.432432432426}, "Output Tokens per Minute": {"unit": "tokens/min", "min": 125993.5135135135, "p50": 125993.5135135135, "p90": 125993.5135135135, "p95": 125993.5135135135, "p99": 125993.5135135135, "max": 125993.5135135135}}
{"target_qps": 6.0, "actual_qps": 5.512783949897876, "success_rate": 100.0, "input_tokens": 78, "output_tokens": 348, "model": "meta-llama/Llama-3.1-8B-Instruct", "input_tokens_per_minute": 28185.337620578775, "output_tokens_per_minute": 125446.68810289388, "Latency": {"unit": "s", "min": 8.13626212195959, "p50": 16.874219181016088, "p90": 26.335933591006324, "p95": 30.64892400248209, "p99": 41.294852507917675, "max": 42.15307907294482}, "Throughput": {"unit": "tokens/s", "min": 8.303070800458823, "p50": 20.70660527791797, "p90": 27.614862792564523, "p95": 32.158308512936145, "p99": 41.47314771207734, "max": 43.01729648745679}, "TTFT": {"unit": "s", "min": 0.03230521397199482, "p50": 0.4150583470473066, "p90": 3.172014330048114, "p95": 6.697182864008937, "p99": 12.629461263492681, "max": 15.325155830010772}, "TPOT": {"unit": "ms", "min": 22.863647383824524, "p50": 45.44281721466026, "p90": 71.20406506302896, "p95": 82.17656104571925, "p99": 116.7143807252789, "max": 117.35196592003363}, "Input Tokens per Minute": {"unit": "tokens/min", "min": 28185.337620578775, "p50": 28185.337620578775, "p90": 28185.337620578775, "p95": 28185.337620578775, "p99": 28185.337620578775, "max": 28185.337620578775}, "Output Tokens per Minute": {"unit": "tokens/min", "min": 125446.68810289388, "p50": 125446.68810289388, "p90": 125446.68810289388, "p95": 125446.68810289388, "p99": 125446.68810289388, "max": 125446.68810289388}}
{"target_qps": 6.0, "actual_qps": 6.097337015365649, "success_rate": 100.0, "input_tokens": 80, "output_tokens": 348, "model": "meta-llama/Llama-3.1-8B-Instruct", "input_tokens_per_minute": 29075.744680851065, "output_tokens_per_minute": 125490.09118541033, "Latency": {"unit": "s", "min": 8.899871509987861, "p50": 17.22332802193705, "p90": 28.85748898745514, "p95": 33.238849757518594, "p99": 41.357010258655066, "max": 42.787170473951846}, "Throughput": {"unit": "tokens/s", "min": 7.865568184503907, "p50": 20.251609536921606, "p90": 25.898661308766258, "p95": 31.310865375728486, "p99": 35.57130117524451, "max": 39.32641045516368}, "TTFT": {"unit": "s", "min": 0.034466485027223825, "p50": 0.4043562919832766, "p90": 3.816296933800908, "p95": 6.963197359768658, "p99": 15.475088498997497, "max": 18.617440243950114}, "TPOT": {"unit": "ms", "min": 22.864090062926035, "p50": 46.12902228361566, "p90": 77.78836584984883,