{"target_qps": 4.5, "actual_qps": 4.330749872710561, "success_rate": 100.0, "input_tokens": 154, "output_tokens": 349, "model": "meta-llama/Llama-3.1-8B-Instruct", "input_tokens_per_minute": 41719.60975609756, "output_tokens_per_minute": 94403.85365853658, "Latency": {"unit": "s", "min": 2.4187714160070755, "p50": 2.9536033819895238, "p90": 22.32749168804148, "p95": 25.841000697633692, "p99": 35.957179008456876, "max": 36.369569751026575}, "Throughput": {"unit": "tokens/s", "min": 9.623429762737867, "p50": 118.46679653369775, "p90": 122.6233363065938, "p95": 123.11046698986733, "p99": 126.41337627784505, "max": 126.62515591269582}, "TTFT": {"unit": "s", "min": 0.016217019991017878, "p50": 0.030880656966473907, "p90": 0.4524815111770294, "p95": 0.9764801986166276, "p99": 3.7685253099212455, "max": 5.184821059985552}, "TPOT": {"unit": "ms", "min": 7.845707914030132, "p50": 8.357367446955646, "p90": 60.82156945105353, "p95": 69.81934501261138, "p99": 101.36019264285808, "max": 102.12293166762623}, "Input Tokens per Minute": {"unit": "tokens/min", "min": 41719.60975609756, "p50": 41719.60975609756, "p90": 41719.60975609756, "p95": 41719.60975609756, "p99": 41719.60975609756, "max": 41719.60975609756}, "Output Tokens per Minute": {"unit": "tokens/min", "min": 94403.85365853658, "p50": 94403.85365853658, "p90": 94403.85365853658, "p95": 94403.85365853658, "p99": 94403.85365853658, "max": 94403.85365853658}}
{"target_qps": 4.5, "actual_qps": 3.780533464655841, "success_rate": 100.0, "input_tokens": 189, "output_tokens": 350, "model": "meta-llama/Llama-3.1-8B-Instruct", "input_tokens_per_minute": 51122.36842105263, "output_tokens_per_minute": 94500.0, "Latency": {"unit": "s", "min": 2.785326156998053, "p50": 2.936243439471582, "p90": 27.652834215766045, "p95": 34.151663799874946, "p99": 36.27346888781176, "max": 36.34681422205176}, "Throughput": {"unit": "tokens/s", "min": 9.629454671371269, "p50": 119.19992792947673, "p90": 122.68919887790233, "p95": 123.32273628605223, "p99": 123.87055947998569, "max": 125.6585334254787}, "TTFT": {"unit": "s", "min": 0.017307475034613162, "p50": 0.031172308517852798, "p90": 1.1203541831870096, "p95": 1.7919522258336624, "p99": 3.799165811573605, "max": 6.006210461026058}, "TPOT": {"unit": "ms", "min": 7.898682690549771, "p50": 8.325173583096507, "p90": 76.53338241680754, "p95": 92.52560158185275, "p99": 98.47461562416245, "max": 100.77650230651439}, "Input Tokens per Minute": {"unit": "tokens/min", "min": 51122.36842105263, "p50": 51122.36842105263, "p90": 51122.36842105263, "p95": 51122.36842105263, "p99": 51122.36842105263, "max": 51122.36842105263}, "Output Tokens per Minute": {"unit": "tokens/min", "min": 94500.0, "p50": 94500.0, "p90": 94500.0, "p95": 94500.0, "p99": 94500.0, "max": 94500.0}}
{"target_qps": 4.5, "actual_qps": 3.68306016174316, "success_rate": 100.0, "input_tokens": 185, "output_tokens": 348, "model": "meta-llama/Llama-3.1-8B-Instruct", "input_tokens_per_minute": 49966.95067264574, "output_tokens_per_minute": 94112.55605381166, "Latency": {"unit": "s", "min": 1.5254772889893502, "p50": 3.0246495949686505, "p90": 26.40146871362813, "p95": 28.827442004246393, "p99": 34.52657294291654, "max": 35.07786020101048}, "Throughput": {"unit": "tokens/s", "min": 9.826991629751422, "p50": 115.71588344719568, "p90": 121.5649142732623, "p95": 123.13560369687046, "p99": 125.86520901855202, "max": 127.11443153260505}, "TTFT": {"unit": "s", "min": 0.017012647003866732, "p50": 0.04379455797607079, "p90": 3.945938810019289, "p95": 5.143002816103398, "p99": 9.844410721183522, "max": 10.103701103013009}, "TPOT": {"unit": "ms", "min": 7.804238710607159, "p50": 8.484082730629757, "p90": 65.69539997249677, "p95": 74.69932503675051, "p99": 88.12777469954825, "max": 94.32988810151426}, "Input Tokens per Minute": {"unit": "tokens/min", "min": 49966.95067264574, "p50": 49966.95067264574, "p90": 49966.95067264574, "p95": 49966.95067264574, "p99": 49966.95067264574, "max": 49966.95067264574}, "Output Tokens per Minute": {"unit": "tokens/min", "min": 94112.55605381166, "p50": 94112.55605381166, "p90": 94112.55605381166, "p95": 94112.55605381166, "p99": 94112.55605381166, "max": 94112.55605381166}}
{"target_qps": 4.5, "actual_qps": 4.220540696481976, "success_rate": 100.0, "input_tokens": 177, "output_tokens": 348, "model": "meta-llama/Llama-3.1-8B-Instruct", "input_tokens_per_minute": 50738.4866606059, "output_tokens_per_minute": 99615.19323420188, "Latency": {"unit": "s", "min": 0.2734058490023017, "p50": 2.9765479440102354, "p90": 25.284937386983074, "p95": 28.114484774006996, "p99": 34.198288320039865, "max": 35.270129162992816}, "Throughput": {"unit": "tokens/s", "min": 9.923411348525413, "p50": 117.48142497967507, "p90": 122.61610027367098, "p95": 124.76515081380128, "p99": 126.22418444096799, "max": 127.93586978313043}, "TTFT": {"unit": "s", "min": 0.017926577012985945, "p50": 0.039441280998289585, "p90": 4.587824827001896, "p95": 6.272840581950732, "p99": 10.004996873030905, "max": 10.248007054964546}, "TPOT": {"unit": "ms", "min": 7.764343822269532, "p50": 8.42129991971554, "p90": 64.74148914322022, "p95": 70.36849942704113, "p99": 86.22894222637302, "max": 90.74811475937867}, "Input Tokens per Minute": {"unit": "tokens/min", "min": 50738.4866606059, "p50": 50738.4866606059, "p90": 50738.4866606059, "p95": 50738.4866606059, "p99": 50738.4866606059, "max": 50738.4866606059}, "Output Tokens per Minute": {"unit": "tokens/min", "min": 99615.19323420188, "p50": 99615.19323420188, "p90": 99615.19323420188, "p95": 99615.19323420188, "p99": 99615.19323420188, "max": 99615.19323420188}}
{"target_qps": 4.5, "actual_qps": 4.3799384575101925, "success_rate": 100.0, "input_tokens": 119, "output_tokens": 349, "model": "meta-llama/Llama-3.1-8B-Instruct", "input_tokens_per_minute": 32269.8406374502, "output_tokens_per_minute": 94316.05577689243, "Latency": {"unit": "s", "min": 2.134764163987711, "p50": 3.0910877519636415, "p90": 21.109620792034548, "p95": 23.65791815900593, "p99": 31.87314887647517, "max": 38.06823087896919}, "Throughput": {"unit": "tokens/s", "min": 9.194018001854603, "p50": 113.22874925749336, "p90": 122.37925601031348, "p95": 123.17866931053578, "p99": 123.82067592796315, "max": 128.62508756197047}, "TTFT": {"unit": "s", "min": 0.015965512953698635, "p50": 0.035233200003858656, "p90": 2.807755665970035, "p95": 3.3684354684955906, "p99": 5.200095216481714, "max": 8.332310145022348}, "TPOT": {"unit": "ms", "min": 7.736910005796561, "p50": 8.738476928306161, "p90": 51.96641365324353, "p95": 58.42298924791851, "p99": 83.3071917148686, "max": 99.292300550139}, "Input Tokens per Minute": {"unit": "tokens/min", "min": 32269.8406374502, "p50": 32269.8406374502, "p90": 32269.8406374502, "p95": 32269.8406374502, "p99": 32269.8406374502, "max": 32269.8406374502}, "Output Tokens per Minute": {"unit": "tokens/min", "min": 94316.05577689243, "p50": 94316.05577689243, "p90": 94316.05577689243, "p95": 94316.05577689243, "p99": 94316.05577689243, "max": 94316.05577689243}}
{"target_qps": 4.5, "actual_qps": 4.787119435797019, "success_rate": 100.0, "input_tokens": 77, "output_tokens": 349, "model": "meta-llama/Llama-3.1-8B-Instruct", "input_tokens_per_minute": 21052.5, "output_tokens_per_minute": 94489.28571428571, "Latency": {"unit": "s", "min": 2.7787173490505666, "p50": 3.024732273479458, "p90": 25.13786019238178, "p95": 30.331505087800892, "p99": 42.34084253000561, "max": 45.638549928960856}, "Throughput": {"unit": "tokens/s", "min": 7.668955313978994, "p50": 115.71272045166683, "p90": 122.57885717352015, "p95": 123.52709867700192, "p99": 125.32091561064192, "max": 125.95739545786769}, "TTFT": {"unit": "s", "min": 0.015382628014776856, "p50": 0.03225083800498396, "p90": 2.5843116092088168, "p95": 3.521762378155835, "p99": 5.088936869924077, "max": 6.935052657965571}, "TPOT": {"unit": "ms", "min": 7.690033020136776, "p50": 8.569179829456884, "p90": 65.5848890733785, "p95": 78.74490992787538, "p99": 111.38405010945607,