{"target_qps": 6.0, "actual_qps": 4.498093882861589, "success_rate": 100.0, "input_tokens": 166, "output_tokens": 350, "model": "meta-llama/Llama-3.1-8B-Instruct", "input_tokens_per_minute": 59966.153846153844, "output_tokens_per_minute": 126000.0, "Latency": {"unit": "s", "min": 2.996071020956151, "p50": 3.199311178002972, "p90": 17.983239817997674, "p95": 19.62046880038979, "p99": 22.186715209538225, "max": 24.64047277800273}, "Throughput": {"unit": "tokens/s", "min": 14.20427291121034, "p50": 109.39856715264327, "p90": 114.51552836344527, "p95": 115.25401183746997, "p99": 116.11784392768234, "max": 116.81966066622238}, "TTFT": {"unit": "s", "min": 0.040523061994463205, "p50": 0.18455295247258618, "p90": 1.9725882506347263, "p95": 2.8420503244415154, "p99": 4.19177619900845, "max": 5.257330660999287}, "TPOT": {"unit": "ms", "min": 8.170633518602699, "p50": 8.603897243591405, "p90": 46.7252604868183, "p95": 50.90747130687821, "p99": 59.260641995233335, "max": 66.63522744127003}, "Input Tokens per Minute": {"unit": "tokens/min", "min": 59966.153846153844, "p50": 59966.153846153844, "p90": 59966.153846153844, "p95": 59966.153846153844, "p99": 59966.153846153844, "max": 59966.153846153844}, "Output Tokens per Minute": {"unit": "tokens/min", "min": 126000.0, "p50": 126000.0, "p90": 126000.0, "p95": 126000.0, "p99": 126000.0, "max": 126000.0}}
{"target_qps": 6.0, "actual_qps": 4.607741497034384, "success_rate": 100.0, "input_tokens": 171, "output_tokens": 349, "model": "meta-llama/Llama-3.1-8B-Instruct", "input_tokens_per_minute": 61768.19277108434, "output_tokens_per_minute": 125839.51807228915, "Latency": {"unit": "s", "min": 2.576623947999906, "p50": 3.1949577020131983, "p90": 16.759284325374757, "p95": 19.65537177621154, "p99": 24.052239936685663, "max": 24.94847242097603}, "Throughput": {"unit": "tokens/s", "min": 14.028915041136107, "p50": 109.43386632310909, "p90": 113.90417585928378, "p95": 114.5697071077039, "p99": 115.78997204505808, "max": 116.82670437428362}, "TTFT": {"unit": "s", "min": 0.06975697301095352, "p50": 0.1959594640065916, "p90": 1.7381257679895499, "p95": 2.232544051588047, "p99": 3.8590727536426916, "max": 4.704582815000322}, "TPOT": {"unit": "ms", "min": 8.129084613214228, "p50": 8.618411295153308, "p90": 44.551635094528706, "p95": 51.83670679144, "p99": 65.74017540861276, "max": 67.1907884928059}, "Input Tokens per Minute": {"unit": "tokens/min", "min": 61768.19277108434, "p50": 61768.19277108434, "p90": 61768.19277108434, "p95": 61768.19277108434, "p99": 61768.19277108434, "max": 61768.19277108434}, "Output Tokens per Minute": {"unit": "tokens/min", "min": 125839.51807228915, "p50": 125839.51807228915, "p90": 125839.51807228915, "p95": 125839.51807228915, "p99": 125839.51807228915, "max": 125839.51807228915}}
{"target_qps": 6.0, "actual_qps": 5.749769238572786, "success_rate": 100.0, "input_tokens": 172, "output_tokens": 349, "model": "meta-llama/Llama-3.1-8B-Instruct", "input_tokens_per_minute": 61929.26045016077, "output_tokens_per_minute": 125789.32475884244, "Latency": {"unit": "s", "min": 2.931691335979849, "p50": 3.1140697700320743, "p90": 21.18208824499743, "p95": 28.315080123982625, "p99": 30.846107953408495, "max": 31.643739048973657}, "Throughput": {"unit": "tokens/s", "min": 11.060639814350637, "p50": 112.39311442800303, "p90": 116.6763970112196, "p95": 117.51557547040608, "p99": 118.37752851025701, "max": 119.38501018321587}, "TTFT": {"unit": "s", "min": 0.019438321003690362, "p50": 0.12240713700884953, "p90": 2.401123379007913, "p95": 3.217673706036294, "p99": 3.8129308357078107, "max": 5.226011164020747}, "TPOT": {"unit": "ms", "min": 7.67927927503437, "p50": 8.728278633227097, "p90": 54.798750472682016, "p95": 75.2985297549979, "p99": 84.46886428424362, "max": 87.02278764181928}, "Input Tokens per Minute": {"unit": "tokens/min", "min": 61929.26045016077, "p50": 61929.26045016077, "p90": 61929.26045016077, "p95": 61929.26045016077, "p99": 61929.26045016077, "max": 61929.26045016077}, "Output Tokens per Minute": {"unit": "tokens/min", "min": 125789.32475884244, "p50": 125789.32475884244, "p90": 125789.32475884244, "p95": 125789.32475884244, "p99": 125789.32475884244, "max": 125789.32475884244}}
{"target_qps": 6.0, "actual_qps": 5.671961959659832, "success_rate": 100.0, "input_tokens": 176, "output_tokens": 349, "model": "meta-llama/Llama-3.1-8B-Instruct", "input_tokens_per_minute": 63571.97368421053, "output_tokens_per_minute": 125705.13157894737, "Latency": {"unit": "s", "min": 2.9477462749928236, "p50": 3.1233710149826948, "p90": 19.487314581510145, "p95": 21.353029075695655, "p99": 31.25049931836838, "max": 32.426593964977656}, "Throughput": {"unit": "tokens/s", "min": 10.793609725955724, "p50": 112.05841327608347, "p90": 116.71502283843115, "p95": 117.56365474907263, "p99": 118.47316238419027, "max": 118.73477814872383}, "TTFT": {"unit": "s", "min": 0.019915468990802765, "p50": 0.12222243251744658, "p90": 2.2165787439094853, "p95": 2.6755187318311067, "p99": 3.62028816970937, "max": 5.784334075986408}, "TPOT": {"unit": "ms", "min": 8.260905080178704, "p50": 8.711997492813952, "p90": 49.81198329752028, "p95": 55.7734257269822, "p99": 85.57152130305974, "max": 87.02989067331245}, "Input Tokens per Minute": {"unit": "tokens/min", "min": 63571.97368421053, "p50": 63571.97368421053, "p90": 63571.97368421053, "p95": 63571.97368421053, "p99": 63571.97368421053, "max": 63571.97368421053}, "Output Tokens per Minute": {"unit": "tokens/min", "min": 125705.13157894737, "p50": 125705.13157894737, "p90": 125705.13157894737, "p95": 125705.13157894737, "p99": 125705.13157894737, "max": 125705.13157894737}}
{"target_qps": 6.0, "actual_qps": 5.904254361138661, "success_rate": 100.0, "input_tokens": 179, "output_tokens": 349, "model": "meta-llama/Llama-3.1-8B-Instruct", "input_tokens_per_minute": 65955.34440762231, "output_tokens_per_minute": 128727.38097095747, "Latency": {"unit": "s", "min": 2.874601657036692, "p50": 3.1491901759873144, "p90": 22.210845266177785, "p95": 23.593779879587228, "p99": 27.72811007568379, "max": 28.881419338984415}, "Throughput": {"unit": "tokens/s", "min": 12.118517995670894, "p50": 111.1396836776522, "p90": 116.85566437515145, "p95": 117.89983561947338, "p99": 120.56222880244866, "max": 121.75600022467131}, "TTFT": {"unit": "s", "min": 0.019406325998716056, "p50": 0.03546083701075986, "p90": 4.297121333982796, "p95": 6.471443115186406, "p99": 9.880815764633006, "max": 13.162832235975657}, "TPOT": {"unit": "ms", "min": 8.151328805260318, "p50": 8.92043589126655, "p90": 53.65522883883824, "p95": 60.915188705995625, "p99": 69.91881320817411, "max": 75.86211727796668}, "Input Tokens per Minute": {"unit": "tokens/min", "min": 65955.34440762231, "p50": 65955.34440762231, "p90": 65955.34440762231, "p95": 65955.34440762231, "p99": 65955.34440762231, "max": 65955.34440762231}, "Output Tokens per Minute": {"unit": "tokens/min", "min": 128727.38097095747, "p50": 128727.38097095747, "p90": 128727.38097095747, "p95": 128727.38097095747, "p99": 128727.38097095747, "max": 128727.38097095747}}
{"target_qps": 6.0, "actual_qps": 6.010702608911521, "success_rate": 100.0, "input_tokens": 174, "output_tokens": 349, "model": "meta-llama/Llama-3.1-8B-Instruct", "input_tokens_per_minute": 64638.474557119895, "output_tokens_per_minute": 129350.58511161081, "Latency": {"unit": "s", "min": 2.618638221989386, "p50": 3.1612315289967228, "p90": 21.34971884479165, "p95": 24.01724914640363, "p99": 25.427980525943568, "max": 27.41836032795254}, "Throughput": {"unit": "tokens/s", "min": 12.765168880036239, "p50": 110.71023588396582, "p90": 117.22831906304177, "p95": 118.44122077236769, "p99": 121.61621917254547, "max": 122.45856693393702}, "TTFT": {"unit": "s", "min": 0.017353157978504896, "p50": 0.04018975101644173, "p90": 4.35435338187963, "p95": 6.552490070785278, "p99": 11.280347743033799, "max": 12.92086804000428}, "TPOT": {"unit": "ms", "min": 8.115975045796516, "p50": 8.946305060046019, "p90": 51.58860111036367,