{"actual_qps": 8.403912729453728, "success_rate": 100.0, "input_tokens": 4255, "output_tokens": 175, "model": "meta-llama/Llama-3.1-8B-Instruct", "input_tokens_per_minute": 1708076.7902948766, "output_tokens_per_minute": 70446.08967934441, "Latency": {"unit": "s", "min": 1.228063445072621, "p50": 10.05777668650262, "p90": 17.53857247408014, "p95": 18.770630762237126, "p99": 22.00564138673013, "max": 25.20178182097152}, "Throughput": {"unit": "tokens/s", "min": 1.6512675573088664, "p50": 16.803576208144896, "p90": 33.284767233360576, "p95": 38.51931625950842, "p99": 49.68724876820794, "max": 51.611607381417265}, "TTFT": {"unit": "s", "min": 0.6741522790398449, "p50": 4.548703089938499, "p90": 9.910683025221806, "p95": 11.090593763563083, "p99": 14.53249820118654, "max": 18.834867338067852}, "TPOT": {"unit": "ms", "min": 7.293075743721021, "p50": 31.265964057652198, "p90": 50.62230792903955, "p95": 53.18984058799798, "p99": 60.357943917641556, "max": 67.9755949984408}, "Input Tokens per Minute": {"unit": "tokens/min", "min": 1708076.7902948766, "p50": 1708076.7902948766, "p90": 1708076.7902948766, "p95": 1708076.7902948766, "p99": 1708076.7902948766, "max": 1708076.7902948766}, "Output Tokens per Minute": {"unit": "tokens/min", "min": 70446.08967934441, "p50": 70446.08967934441, "p90": 70446.08967934441, "p95": 70446.08967934441, "p99": 70446.08967934441, "max": 70446.08967934441}}
{"actual_qps": 7.866277958969179, "success_rate": 100.0, "input_tokens": 4259, "output_tokens": 177, "model": "meta-llama/Llama-3.1-8B-Instruct", "input_tokens_per_minute": 1997688.2874541916, "output_tokens_per_minute": 83182.67364209068, "Latency": {"unit": "s", "min": 1.632478363928385, "p50": 10.89192947599804, "p90": 19.06704785672482, "p95": 20.83707980272011, "p99": 26.37887454797397, "max": 30.57026909000706}, "Throughput": {"unit": "tokens/s", "min": 1.72395057179212, "p50": 15.532007739695938, "p90": 31.95390185784065, "p95": 35.56208046919658, "p99": 42.46289725855238, "max": 49.88554801076137}, "TTFT": {"unit": "s", "min": 0.683826906955801, "p50": 5.481830372475088, "p90": 10.48391965900082, "p95": 12.658696039789355, "p99": 16.777510296474198, "max": 21.89436254510656}, "TPOT": {"unit": "ms", "min": 7.080070873904955, "p50": 28.634405819068537, "p90": 51.98167753293104, "p95": 54.74117772675658, "p99": 62.38954756833664, "max": 74.97033696078385}, "Input Tokens per Minute": {"unit": "tokens/min", "min": 1997688.2874541916, "p50": 1997688.2874541916, "p90": 1997688.2874541916, "p95": 1997688.2874541916, "p99": 1997688.2874541916, "max": 1997688.2874541916}, "Output Tokens per Minute": {"unit": "tokens/min", "min": 83182.67364209068, "p50": 83182.67364209068, "p90": 83182.67364209068, "p95": 83182.67364209068, "p99": 83182.67364209068, "max": 83182.67364209068}}
{"actual_qps": 7.728237297267062, "success_rate": 100.0, "input_tokens": 4379, "output_tokens": 175, "model": "meta-llama/Llama-3.1-8B-Instruct", "input_tokens_per_minute": 1915230.894534607, "output_tokens_per_minute": 76787.73597557271, "Latency": {"unit": "s", "min": 1.2077402799623087, "p50": 10.064748728065751, "p90": 24.588248133950405, "p95": 27.42696349126054, "p99": 31.293999232850034, "max": 35.41006989299785}, "Throughput": {"unit": "tokens/s", "min": 1.0194197765740216, "p50": 17.13987671545002, "p90": 33.31018095370836, "p95": 40.125829788533785, "p99": 52.53362930090751, "max": 66.34543696460631}, "TTFT": {"unit": "s", "min": 0.46386777609586716, "p50": 5.273067874542903, "p90": 15.466756866511425, "p95": 16.617539655882865, "p99": 20.953565622031448, "max": 24.263264747918583}, "TPOT": {"unit": "ms", "min": 8.529841667041183, "p50": 28.38663121857376, "p90": 54.904201919999956, "p95": 56.01348220086984, "p99": 60.684159807029005, "max": 65.19513259575304}, "Input Tokens per Minute": {"unit": "tokens/min", "min": 1915230.894534607, "p50": 1915230.894534607, "p90": 1915230.894534607, "p95": 1915230.894534607, "p99": 1915230.894534607, "max": 1915230.894534607}, "Output Tokens per Minute": {"unit": "tokens/min", "min": 76787.73597557271, "p50": 76787.73597557271, "p90": 76787.73597557271, "p95": 76787.73597557271, "p99": 76787.73597557271, "max": 76787.73597557271}}
{"actual_qps": 8.13481691061732, "success_rate": 100.0, "input_tokens": 4304, "output_tokens": 175, "model": "meta-llama/Llama-3.1-8B-Instruct", "input_tokens_per_minute": 1903706.5499574859, "output_tokens_per_minute": 77684.1948222175, "Latency": {"unit": "s", "min": 2.6658753770170733, "p50": 13.498961838078685, "p90": 27.628376263799147, "p95": 28.48872398750391, "p99": 31.086986788650975, "max": 38.14150398795027}, "Throughput": {"unit": "tokens/s", "min": 0.934371039868421, "p50": 13.242795947410618, "p90": 23.882946683544557, "p95": 31.27394610580885, "p99": 42.427414246819026, "max": 61.738676687552804}, "TTFT": {"unit": "s", "min": 0.4850320880068466, "p50": 6.655901070917025, "p90": 16.841268248204145, "p95": 17.690041178418323, "p99": 20.661676430860577, "max": 26.969158401014283}, "TPOT": {"unit": "ms", "min": 9.590818059991053, "p50": 38.00257720139776, "p90": 57.55999215133062, "p95": 59.701506689836705, "p99": 71.28062320235396, "max": 95.28161594233312}, "Input Tokens per Minute": {"unit": "tokens/min", "min": 1903706.5499574859, "p50": 1903706.5499574859, "p90": 1903706.5499574859, "p95": 1903706.5499574859, "p99": 1903706.5499574859, "max": 1903706.5499574859}, "Output Tokens per Minute": {"unit": "tokens/min", "min": 77684.1948222175, "p50": 77684.1948222175, "p90": 77684.1948222175, "p95": 77684.1948222175, "p99": 77684.1948222175, "max": 77684.1948222175}}
{"actual_qps": 8.3876747404365, "success_rate": 100.0, "input_tokens": 4399, "output_tokens": 180, "model": "meta-llama/Llama-3.1-8B-Instruct", "input_tokens_per_minute": 2289671.662195094, "output_tokens_per_minute": 94016.3689091037, "Latency": {"unit": "s", "min": 8.339232188998722, "p50": 18.557200303999707, "p90": 28.745954181009438, "p95": 31.84201795651461, "p99": 38.91280727996491, "max": 48.242068834020756}, "Throughput": {"unit": "tokens/s", "min": 0.9592301319742353, "p50": 10.063277364114755, "p90": 13.608558447330593, "p95": 15.42209590184097, "p99": 17.551011989332288, "max": 18.055920691147097}, "TTFT": {"unit": "s", "min": 5.18373484199401, "p50": 9.417086956033017, "p90": 17.894452498003375, "p95": 20.39258381151012, "p99": 26.99768784220214, "max": 38.287153622019105}, "TPOT": {"unit": "ms", "min": 7.481996728757855, "p50": 53.53608147952537, "p90": 63.764851120322504, "p95": 66.0804473014312, "p99": 84.73390215854239, "max": 180.92459244265532}, "Input Tokens per Minute": {"unit": "tokens/min", "min": 2289671.662195094, "p50": 2289671.662195094, "p90": 2289671.662195094, "p95": 2289671.662195094, "p99": 2289671.662195094, "max": 2289671.662195094}, "Output Tokens per Minute": {"unit": "tokens/min", "min": 94016.3689091037, "p50": 94016.3689091037, "p90": 94016.3689091037, "p95": 94016.3689091037, "p99": 94016.3689091037, "max": 94016.3689091037}}
{"actual_qps": 8.202925318092388, "success_rate": 100.0, "input_tokens": 4203, "output_tokens": 173, "model": "meta-llama/Llama-3.1-8B-Instruct", "input_tokens_per_minute": 1921409.1385064062, "output_tokens_per_minute": 79326.7132388073, "Latency": {"unit": "s", "min": 9.124275625916198, "p50": 21.663799089030363, "p90": 30.068634604942055, "p95": 31.80731618902064, "p99": 35.38958119239541, "max": 36.62506166892126}, "Throughput": {"unit": "tokens/s", "min": 0.8023196898299247, "p50": 7.5905204249715155, "p90": 11.279878173697533, "p95": 12.569226463447887, "p99": 14.10405425909224, "max": 14.115484996944758}, "TTFT": {"unit": "s", "min": 7.013355963979848, "p50": 12.559034624020569, "p90": 20.47647155643208, "p95": 21.56215635637054, "p99": 24.891371081977848, "max": 26.105890812934376}, "TPOT": {"unit": "ms", "min": 10.929926552449414, "p50": 50.138390944412684, "p90": 63.87189761495068, "p95": 70.60558932398324, "p99": 99.84529777402435, "max": 136.99074069736525},