{"target_qps": 5.0, "actual_qps": 4.5078931374285975, "success_rate": 100.0, "input_tokens": 155, "output_tokens": 350, "model": "meta-llama/Llama-3.1-8B-Instruct", "input_tokens_per_minute": 46601.67364016736, "output_tokens_per_minute": 105000.0, "Latency": {"unit": "s", "min": 2.71909557597246, "p50": 2.9321704929461703, "p90": 20.135159779037366, "p95": 25.906731577066235, "p99": 29.480571765133647, "max": 30.504150301101618}, "Throughput": {"unit": "tokens/s", "min": 11.473848527010444, "p50": 119.3655010313977, "p90": 124.87805768120516, "p95": 125.76317994956788, "p99": 128.15756785170169, "max": 128.7192708828654}, "TTFT": {"unit": "s", "min": 0.018256523995660245, "p50": 0.034243786009028554, "p90": 0.8908306190744051, "p95": 1.551743451238143, "p99": 8.680552214465576, "max": 11.12133947701659}, "TPOT": {"unit": "ms", "min": 7.638547547164248, "p50": 8.25825087988968, "p90": 53.0410541976698, "p95": 66.19621158732943, "p99": 78.43533298752557, "max": 80.27766908607032}, "Input Tokens per Minute": {"unit": "tokens/min", "min": 46601.67364016736, "p50": 46601.67364016736, "p90": 46601.67364016736, "p95": 46601.67364016736, "p99": 46601.67364016736, "max": 46601.67364016736}, "Output Tokens per Minute": {"unit": "tokens/min", "min": 105000.0, "p50": 105000.0, "p90": 105000.0, "p95": 105000.0, "p99": 105000.0, "max": 105000.0}}
{"target_qps": 5.0, "actual_qps": 4.963612486545597, "success_rate": 100.0, "input_tokens": 160, "output_tokens": 349, "model": "meta-llama/Llama-3.1-8B-Instruct", "input_tokens_per_minute": 48288.043478260865, "output_tokens_per_minute": 104919.5652173913, "Latency": {"unit": "s", "min": 2.224990334943868, "p50": 2.873704309517052, "p90": 22.406317908491474, "p95": 29.735017185244942, "p99": 34.399143033719156, "max": 38.75500282004941}, "Throughput": {"unit": "tokens/s", "min": 9.031092105067062, "p50": 121.7940256931682, "p90": 125.57407714942869, "p95": 126.75091311224345, "p99": 127.1358682095272, "max": 129.7158598305082}, "TTFT": {"unit": "s", "min": 0.016652418999001384, "p50": 0.027856457512825727, "p90": 1.0659265464637429, "p95": 3.266754405456595, "p99": 10.570455791515997, "max": 14.166629779036157}, "TPOT": {"unit": "ms", "min": 7.67314215764446, "p50": 8.153766108960992, "p90": 56.078738107494104, "p95": 73.43723906234459, "p99": 89.4033622393921, "max": 93.65651579100083}, "Input Tokens per Minute": {"unit": "tokens/min", "min": 48288.043478260865, "p50": 48288.043478260865, "p90": 48288.043478260865, "p95": 48288.043478260865, "p99": 48288.043478260865, "max": 48288.043478260865}, "Output Tokens per Minute": {"unit": "tokens/min", "min": 104919.5652173913, "p50": 104919.5652173913, "p90": 104919.5652173913, "p95": 104919.5652173913, "p99": 104919.5652173913, "max": 104919.5652173913}}
{"target_qps": 5.0, "actual_qps": 5.210708658657728, "success_rate": 100.0, "input_tokens": 92, "output_tokens": 348, "model": "meta-llama/Llama-3.1-8B-Instruct", "input_tokens_per_minute": 30425.892074763604, "output_tokens_per_minute": 115326.2583069456, "Latency": {"unit": "s", "min": 1.3411035320023075, "p50": 2.8825863475212827, "p90": 24.270138784742453, "p95": 37.05260401660925, "p99": 48.707367202243766, "max": 56.40429068298545}, "Throughput": {"unit": "tokens/s", "min": 6.205201692316977, "p50": 121.41873940790248, "p90": 124.42186252758927, "p95": 125.13544852302427, "p99": 125.74662758989226, "max": 126.2010012069485}, "TTFT": {"unit": "s", "min": 0.01690121495630592, "p50": 0.02609247906366363, "p90": 1.0760071672149936, "p95": 4.4078816259861835, "p99": 13.260349519472802, "max": 15.81749432196375}, "TPOT": {"unit": "ms", "min": 7.775284240507977, "p50": 8.17494745980708, "p90": 66.4905667679591, "p95": 97.40124489260798, "p99": 132.2574190800258, "max": 142.1789457794028}, "Input Tokens per Minute": {"unit": "tokens/min", "min": 30425.892074763604, "p50": 30425.892074763604, "p90": 30425.892074763604, "p95": 30425.892074763604, "p99": 30425.892074763604, "max": 30425.892074763604}, "Output Tokens per Minute": {"unit": "tokens/min", "min": 115326.2583069456, "p50": 115326.2583069456, "p90": 115326.2583069456, "p95": 115326.2583069456, "p99": 115326.2583069456, "max": 115326.2583069456}}
{"target_qps": 5.0, "actual_qps": 4.708426328402148, "success_rate": 100.0, "input_tokens": 84, "output_tokens": 350, "model": "meta-llama/Llama-3.1-8B-Instruct", "input_tokens_per_minute": 25395.744680851065, "output_tokens_per_minute": 105000.0, "Latency": {"unit": "s", "min": 2.7157891950337216, "p50": 2.8545755814993754, "p90": 21.555390771001115, "p95": 30.906378651421978, "p99": 40.74241004493088, "max": 41.87670944095589}, "Throughput": {"unit": "tokens/s", "min": 8.357867766412804, "p50": 122.61017104824754, "p90": 126.21249666633126, "p95": 127.2830892126219, "p99": 128.60430131246008, "max": 128.87598221542157}, "TTFT": {"unit": "s", "min": 0.01659818401094526, "p50": 0.02568134549073875, "p90": 1.4181752987904475, "p95": 3.0802425541565723, "p99": 11.11172609470901, "max": 12.338943472015671}, "TPOT": {"unit": "ms", "min": 7.706143974358573, "p50": 8.111182637619425, "p90": 53.52841397179666, "p95": 71.92618148276287, "p99": 113.19978697362214, "max": 118.86584181918958}, "Input Tokens per Minute": {"unit": "tokens/min", "min": 25395.744680851065, "p50": 25395.744680851065, "p90": 25395.744680851065, "p95": 25395.744680851065, "p99": 25395.744680851065, "max": 25395.744680851065}, "Output Tokens per Minute": {"unit": "tokens/min", "min": 105000.0, "p50": 105000.0, "p90": 105000.0, "p95": 105000.0, "p99": 105000.0, "max": 105000.0}}
{"target_qps": 5.0, "actual_qps": 5.116032796513963, "success_rate": 100.0, "input_tokens": 121, "output_tokens": 349, "model": "meta-llama/Llama-3.1-8B-Instruct", "input_tokens_per_minute": 38017.889967296134, "output_tokens_per_minute": 109260.02768852854, "Latency": {"unit": "s", "min": 2.3350884650135413, "p50": 2.8770464644767344, "p90": 23.494971213024108, "p95": 36.24157479958376, "p99": 52.65852318154184, "max": 61.737179673975334}, "Throughput": {"unit": "tokens/s", "min": 5.669193213041101, "p50": 121.65254296535811, "p90": 125.37531298257876, "p95": 126.08035340441968, "p99": 127.67712606504348, "max": 129.05691605027954}, "TTFT": {"unit": "s", "min": 0.016462297062389553, "p50": 0.02670957299415022, "p90": 1.106273042387329, "p95": 4.210680366487896, "p99": 14.89668017403339, "max": 15.923599881934933}, "TPOT": {"unit": "ms", "min": 7.702638042882555, "p50": 8.16692703855184, "p90": 61.75832252106883, "p95": 95.7619519322511, "p99": 135.03128888671566, "max": 154.654881444274}, "Input Tokens per Minute": {"unit": "tokens/min", "min": 38017.889967296134, "p50": 38017.889967296134, "p90": 38017.889967296134, "p95": 38017.889967296134, "p99": 38017.889967296134, "max": 38017.889967296134}, "Output Tokens per Minute": {"unit": "tokens/min", "min": 109260.02768852854, "p50": 109260.02768852854, "p90": 109260.02768852854, "p95": 109260.02768852854, "p99": 109260.02768852854, "max": 109260.02768852854}}
{"target_qps": 5.0, "actual_qps": 5.156043555836347, "success_rate": 100.0, "input_tokens": 120, "output_tokens": 349, "model": "meta-llama/Llama-3.1-8B-Instruct", "input_tokens_per_minute": 36107.95847750865, "output_tokens_per_minute": 104766.43598615917, "Latency": {"unit": "s", "min": 1.7062883550534025, "p50": 2.8981656200485304, "p90": 21.445546214166093, "p95": 25.25093972939064, "p99": 46.45979877532461, "max": 51.54357805894688}, "Throughput": {"unit": "tokens/s", "min": 6.790370656839711, "p50": 120.76604510757366, "p90": 124.99055321175594, "p95": 125.67672761963443, "p99": 127.18179070717714, "max": 127.92665179732816}, "TTFT": {"unit": "s", "min": 0.016505390987731516, "p50": 0.025476848939433694, "p90": 0.8286974581656973, "p95": 2.916549308388492, "p99": 11.834765491690487, "max": 15.26267032395117}, "TPOT": {"unit": "ms", "min": 7.774890103259986, "p50": 8.226329180542754, "p90": 58.10572550556006, "p95": 65.09592008045405, "p99": 120.58535576735312,