{"actual_qps": 5.189324837736174, "success_rate": 100.0, "input_tokens": 4126, "output_tokens": 179, "model": "meta-llama/Llama-3.1-8B-Instruct", "input_tokens_per_minute": 1104807.5884842756, "output_tokens_per_minute": 48021.74762421499, "Latency": {"unit": "s", "min": 0.4472786800470203, "p50": 4.688689943461213, "p90": 17.179433121311014, "p95": 17.98690324407071, "p99": 19.35065118002007, "max": 20.708636430907063}, "Throughput": {"unit": "tokens/s", "min": 2.575441091745599, "p50": 34.10367184406452, "p90": 69.15619118312495, "p95": 77.058969536514, "p99": 99.1108991207654, "max": 112.75524495045784}, "TTFT": {"unit": "s", "min": 0.060495299054309726, "p50": 1.3572194384760223, "p90": 8.908311492612118, "p95": 10.467670874478058, "p99": 12.283828752005938, "max": 17.984322147909552}, "TPOT": {"unit": "ms", "min": 7.730967145829681, "p50": 19.395167996924734, "p90": 54.81036714846783, "p95": 55.848399733822674, "p99": 57.19437050831189, "max": 60.36952446790084}, "Input Tokens per Minute": {"unit": "tokens/min", "min": 1104807.5884842756, "p50": 1104807.5884842756, "p90": 1104807.5884842756, "p95": 1104807.5884842756, "p99": 1104807.5884842756, "max": 1104807.5884842756}, "Output Tokens per Minute": {"unit": "tokens/min", "min": 48021.74762421499, "p50": 48021.74762421499, "p90": 48021.74762421499, "p95": 48021.74762421499, "p99": 48021.74762421499, "max": 48021.74762421499}}
{"actual_qps": 5.146897825378963, "success_rate": 100.0, "input_tokens": 4255, "output_tokens": 179, "model": "meta-llama/Llama-3.1-8B-Instruct", "input_tokens_per_minute": 1168826.6694092292, "output_tokens_per_minute": 49351.470797604336, "Latency": {"unit": "s", "min": 0.6876199180260301, "p50": 6.209488356951624, "p90": 21.149659865978172, "p95": 23.941898700408636, "p99": 25.34028209798038, "max": 27.296908447984606}, "Throughput": {"unit": "tokens/s", "min": 1.6808923675501042, "p50": 26.53751259481869, "p90": 71.74183134893572, "p95": 77.0363336127603, "p99": 100.0802306683344, "max": 103.73714383440698}, "TTFT": {"unit": "s", "min": 0.1325155079830438, "p50": 1.4911116099683568, "p90": 12.076567633706146, "p95": 14.983181112562303, "p99": 20.087259447425613, "max": 22.716842664056458}, "TPOT": {"unit": "ms", "min": 7.787373251557799, "p50": 23.927805326930503, "p90": 53.93034398354515, "p95": 56.95373732783836, "p99": 58.55715179978098, "max": 59.75701026653581}, "Input Tokens per Minute": {"unit": "tokens/min", "min": 1168826.6694092292, "p50": 1168826.6694092292, "p90": 1168826.6694092292, "p95": 1168826.6694092292, "p99": 1168826.6694092292, "max": 1168826.6694092292}, "Output Tokens per Minute": {"unit": "tokens/min", "min": 49351.470797604336, "p50": 49351.470797604336, "p90": 49351.470797604336, "p95": 49351.470797604336, "p99": 49351.470797604336, "max": 49351.470797604336}}
{"actual_qps": 5.01759359322348, "success_rate": 100.0, "input_tokens": 4276, "output_tokens": 175, "model": "meta-llama/Llama-3.1-8B-Instruct", "input_tokens_per_minute": 1267858.819127902, "output_tokens_per_minute": 52100.16031038229, "Latency": {"unit": "s", "min": 0.6407643629936501, "p50": 4.382931482978165, "p90": 19.07843919773586, "p95": 21.44782001986168, "p99": 26.022919875229697, "max": 27.923687709961087}, "Throughput": {"unit": "tokens/s", "min": 1.1431013257005467, "p50": 29.85287633835776, "p90": 64.57270817142074, "p95": 70.63219665857278, "p99": 95.15200928586243, "max": 97.38280422180742}, "TTFT": {"unit": "s", "min": 0.15581483498681337, "p50": 1.5513562889536843, "p90": 10.64459015629254, "p95": 14.447983390663286, "p99": 20.713479703722957, "max": 24.53870623500552}, "TPOT": {"unit": "ms", "min": 7.783286196259248, "p50": 17.259736315084055, "p90": 55.097926903665815, "p95": 56.287196628988056, "p99": 57.307092086035645, "max": 58.89613109951218}, "Input Tokens per Minute": {"unit": "tokens/min", "min": 1267858.819127902, "p50": 1267858.819127902, "p90": 1267858.819127902, "p95": 1267858.819127902, "p99": 1267858.819127902, "max": 1267858.819127902}, "Output Tokens per Minute": {"unit": "tokens/min", "min": 52100.16031038229, "p50": 52100.16031038229, "p90": 52100.16031038229, "p95": 52100.16031038229, "p99": 52100.16031038229, "max": 52100.16031038229}}
{"actual_qps": 5.172262417154885, "success_rate": 100.0, "input_tokens": 4265, "output_tokens": 173, "model": "meta-llama/Llama-3.1-8B-Instruct", "input_tokens_per_minute": 1454491.2554411928, "output_tokens_per_minute": 59107.09946330213, "Latency": {"unit": "s", "min": 0.7559380610473454, "p50": 6.298248020000756, "p90": 19.09476857099217, "p95": 23.779968578205445, "p99": 26.7006758046709, "max": 27.903501110966317}, "Throughput": {"unit": "tokens/s", "min": 0.9513609246422263, "p50": 22.185803732286505, "p90": 62.84435053000162, "p95": 74.88695790238211, "p99": 85.90510974540572, "max": 94.65177665377162}, "TTFT": {"unit": "s", "min": 0.12317196605727077, "p50": 2.391706168069504, "p90": 11.764698746823706, "p95": 15.519233944593, "p99": 20.186213632184085, "max": 24.123751858016476}, "TPOT": {"unit": "ms", "min": 8.18814388565292, "p50": 20.97163320081449, "p90": 53.57571264024562, "p95": 55.20237290106403, "p99": 60.14991874176694, "max": 68.2276336165766}, "Input Tokens per Minute": {"unit": "tokens/min", "min": 1454491.2554411928, "p50": 1454491.2554411928, "p90": 1454491.2554411928, "p95": 1454491.2554411928, "p99": 1454491.2554411928, "max": 1454491.2554411928}, "Output Tokens per Minute": {"unit": "tokens/min", "min": 59107.09946330213, "p50": 59107.09946330213, "p90": 59107.09946330213, "p95": 59107.09946330213, "p99": 59107.09946330213, "max": 59107.09946330213}}
{"actual_qps": 5.087173608790216, "success_rate": 100.0, "input_tokens": 4271, "output_tokens": 175, "model": "meta-llama/Llama-3.1-8B-Instruct", "input_tokens_per_minute": 1287482.1964259222, "output_tokens_per_minute": 52907.302875503556, "Latency": {"unit": "s", "min": 0.9393776159267873, "p50": 5.69554031197913, "p90": 15.451860417751595, "p95": 23.606498816213584, "p99": 27.860507833589796, "max": 29.893651298014447}, "Throughput": {"unit": "tokens/s", "min": 0.8467930179889175, "p50": 30.317501765367204, "p90": 61.634175072165164, "p95": 72.48545599158447, "p99": 94.79396690471229, "max": 102.84985834218011}, "TTFT": {"unit": "s", "min": 0.14354878501035273, "p50": 1.810610443004407, "p90": 9.697973110596651, "p95": 14.488945182389582, "p99": 22.395961613627133, "max": 26.823974868981168}, "TPOT": {"unit": "ms", "min": 7.824944155571523, "p50": 21.200698372163814, "p90": 54.5743465268266, "p95": 56.92182900407468, "p99": 58.14111449416675, "max": 65.31551241299466}, "Input Tokens per Minute": {"unit": "tokens/min", "min": 1287482.1964259222, "p50": 1287482.1964259222, "p90": 1287482.1964259222, "p95": 1287482.1964259222, "p99": 1287482.1964259222, "max": 1287482.1964259222}, "Output Tokens per Minute": {"unit": "tokens/min", "min": 52907.302875503556, "p50": 52907.302875503556, "p90": 52907.302875503556, "p95": 52907.302875503556, "p99": 52907.302875503556, "max": 52907.302875503556}}
{"actual_qps": 5.259879062529384, "success_rate": 100.0, "input_tokens": 4260, "output_tokens": 174, "model": "meta-llama/Llama-3.1-8B-Instruct", "input_tokens_per_minute": 1424382.4824666681, "output_tokens_per_minute": 58347.18095575564, "Latency": {"unit": "s", "min": 0.4092923670541495, "p50": 5.8952237870544195, "p90": 17.812151363934387, "p95": 19.37271345194894, "p99": 20.91945729734376, "max": 21.6855077840155}, "Throughput": {"unit": "tokens/s", "min": 1.6093813504161727, "p50": 30.341615464282196, "p90": 66.4129549302959, "p95": 75.41926799570929, "p99": 93.59619103191694, "max": 101.81033259530508}, "TTFT": {"unit": "s", "min": 0.05014177493285388, "p50": 1.137594059924595, "p90": 9.603813978773541, "p95": 10.669047433382364, "p99": 15.326719387895432, "max": 18.620621921960264}, "TPOT": {"unit": "ms", "min": 5.202435608134235, "p50": 24.93448273381733, "p90": 53.52067224615006, "p95": 55.989968097281995, "p99": 56.77368106460177,