{"target_qps": 3.0, "actual_qps": 2.997328917998127, "success_rate": 100.0, "input_tokens": 4214, "output_tokens": 174, "model": "meta-llama/Llama-3.1-8B-Instruct", "input_tokens_per_minute": 758649.0361445782, "output_tokens_per_minute": 31431.68674698795, "Latency": {"unit": "s", "min": 0.568193091021385, "p50": 2.6698311000072863, "p90": 7.096315005503129, "p95": 8.095879251035512, "p99": 10.520657569562893, "max": 11.815591001999564}, "Throughput": {"unit": "tokens/s", "min": 6.9004767920075025, "p50": 43.96182772840801, "p90": 104.68265855617634, "p95": 113.32065896174925, "p99": 119.64527972399414, "max": 122.28773335677907}, "TTFT": {"unit": "s", "min": 0.03258515696506947, "p50": 0.5999696350190789, "p90": 2.550510547007434, "p95": 3.4742186512448825, "p99": 5.417397296932168, "max": 6.654323617054615}, "TPOT": {"unit": "ms", "min": 7.449644070467326, "p50": 13.93051459802076, "p90": 26.97211695231617, "p95": 29.76587027138322, "p99": 33.13930070989451, "max": 39.162290079984814}, "Input Tokens per Minute": {"unit": "tokens/min", "min": 758649.0361445782, "p50": 758649.0361445782, "p90": 758649.0361445782, "p95": 758649.0361445782, "p99": 758649.0361445782, "max": 758649.0361445782}, "Output Tokens per Minute": {"unit": "tokens/min", "min": 31431.68674698795, "p50": 31431.68674698795, "p90": 31431.68674698795, "p95": 31431.68674698795, "p99": 31431.68674698795, "max": 31431.68674698795}}
{"target_qps": 3.0, "actual_qps": 2.999027175762435, "success_rate": 100.0, "input_tokens": 4257, "output_tokens": 177, "model": "meta-llama/Llama-3.1-8B-Instruct", "input_tokens_per_minute": 766300.2234636871, "output_tokens_per_minute": 31892.17877094972, "Latency": {"unit": "s", "min": 0.23760844900971279, "p50": 4.20348100096453, "p90": 7.073901885189119, "p95": 7.831972060626139, "p99": 9.430173319510649, "max": 12.605305715987924}, "Throughput": {"unit": "tokens/s", "min": 10.107115933613324, "p50": 40.56763531901546, "p90": 104.72712867491752, "p95": 114.96486638223107, "p99": 122.78636890992829, "max": 124.60145539530366}, "TTFT": {"unit": "s", "min": 0.03464965597959235, "p50": 0.7063486049883068, "p90": 2.163713091390674, "p95": 2.688471694337203, "p99": 4.327028864994643, "max": 6.040773710992653}, "TPOT": {"unit": "ms", "min": 6.781459035319758, "p50": 16.751811266338557, "p90": 28.277519959418683, "p95": 29.00651226036049, "p99": 31.565237594751746, "max": 32.98759801505161}, "Input Tokens per Minute": {"unit": "tokens/min", "min": 766300.2234636871, "p50": 766300.2234636871, "p90": 766300.2234636871, "p95": 766300.2234636871, "p99": 766300.2234636871, "max": 766300.2234636871}, "Output Tokens per Minute": {"unit": "tokens/min", "min": 31892.17877094972, "p50": 31892.17877094972, "p90": 31892.17877094972, "p95": 31892.17877094972, "p99": 31892.17877094972, "max": 31892.17877094972}}
{"target_qps": 3.0, "actual_qps": 2.999777570843821, "success_rate": 100.0, "input_tokens": 4081, "output_tokens": 178, "model": "meta-llama/Llama-3.1-8B-Instruct", "input_tokens_per_minute": 754460.6592782263, "output_tokens_per_minute": 33064.534404076665, "Latency": {"unit": "s", "min": 0.4214790529804304, "p50": 3.030813070014119, "p90": 7.689629434421656, "p95": 8.458880641777062, "p99": 11.493685669354162, "max": 12.971894652000628}, "Throughput": {"unit": "tokens/s", "min": 7.392001927827365, "p50": 44.93226833026921, "p90": 105.2565400919338, "p95": 109.73014689450955, "p99": 116.59811488426598, "max": 119.04226582979142}, "TTFT": {"unit": "s", "min": 0.05673499498516321, "p50": 0.650207530008629, "p90": 2.549039954598993, "p95": 3.3789374077925443, "p99": 5.0156835721875535, "max": 5.60234360297909}, "TPOT": {"unit": "ms", "min": 6.970037326727134, "p50": 15.02992006032798, "p90": 28.3969399265959, "p95": 29.753459634987088, "p99": 38.30317135159025, "max": 39.44383061399484}, "Input Tokens per Minute": {"unit": "tokens/min", "min": 754460.6592782263, "p50": 754460.6592782263, "p90": 754460.6592782263, "p95": 754460.6592782263, "p99": 754460.6592782263, "max": 754460.6592782263}, "Output Tokens per Minute": {"unit": "tokens/min", "min": 33064.534404076665, "p50": 33064.534404076665, "p90": 33064.534404076665, "p95": 33064.534404076665, "p99": 33064.534404076665, "max": 33064.534404076665}}
{"target_qps": 3.0, "actual_qps": 2.9973635052720145, "success_rate": 100.0, "input_tokens": 4374, "output_tokens": 181, "model": "meta-llama/Llama-3.1-8B-Instruct", "input_tokens_per_minute": 787384.0, "output_tokens_per_minute": 32741.0, "Latency": {"unit": "s", "min": 0.41539455199381337, "p50": 2.5413387455046177, "p90": 6.955983498191926, "p95": 7.633963203281747, "p99": 9.712446954782946, "max": 11.250585425004829}, "Throughput": {"unit": "tokens/s", "min": 8.459840010546957, "p50": 47.86367853256429, "p90": 106.10377470766134, "p95": 112.38188475676598, "p99": 119.85181154314617, "max": 124.55301883723088}, "TTFT": {"unit": "s", "min": 0.04963802400743589, "p50": 0.4779803004639689, "p90": 2.283123291493393, "p95": 2.65822236983804, "p99": 5.601043601898131, "max": 6.054035859007854}, "TPOT": {"unit": "ms", "min": 7.6839233267158455, "p50": 14.88835408543026, "p90": 27.199190880883318, "p95": 28.554454846053158, "p99": 30.20450309734926, "max": 31.00651711814434}, "Input Tokens per Minute": {"unit": "tokens/min", "min": 787384.0, "p50": 787384.0, "p90": 787384.0, "p95": 787384.0, "p99": 787384.0, "max": 787384.0}, "Output Tokens per Minute": {"unit": "tokens/min", "min": 32741.0, "p50": 32741.0, "p90": 32741.0, "p95": 32741.0, "p99": 32741.0, "max": 32741.0}}
{"target_qps": 3.0, "actual_qps": 2.9999614617964983, "success_rate": 100.0, "input_tokens": 4118, "output_tokens": 174, "model": "meta-llama/Llama-3.1-8B-Instruct", "input_tokens_per_minute": 744723.3367332898, "output_tokens_per_minute": 31479.946516094988, "Latency": {"unit": "s", "min": 0.3846094799810089, "p50": 2.2821249940316193, "p90": 6.506348819006234, "p95": 7.24615422799252, "p99": 7.550283702975137, "max": 7.990520592953544}, "Throughput": {"unit": "tokens/s", "min": 5.417934030531092, "p50": 65.51353340355786, "p90": 108.54646561632958, "p95": 114.6667699824356, "p99": 119.06982084202765, "max": 120.49587445541982}, "TTFT": {"unit": "s", "min": 0.03031808399828151, "p50": 0.33627145300852135, "p90": 2.0921660969615914, "p95": 2.8159315260127187, "p99": 4.125758143619168, "max": 4.843644885986578}, "TPOT": {"unit": "ms", "min": 6.7373492228971035, "p50": 11.029050671112762, "p90": 26.222059934636363, "p95": 28.57897264839632, "p99": 36.953411722638286, "max": 40.83484052123664}, "Input Tokens per Minute": {"unit": "tokens/min", "min": 744723.3367332898, "p50": 744723.3367332898, "p90": 744723.3367332898, "p95": 744723.3367332898, "p99": 744723.3367332898, "max": 744723.3367332898}, "Output Tokens per Minute": {"unit": "tokens/min", "min": 31479.946516094988, "p50": 31479.946516094988, "p90": 31479.946516094988, "p95": 31479.946516094988, "p99": 31479.946516094988, "max": 31479.946516094988}}
{"target_qps": 3.0, "actual_qps": 2.9999608494095567, "success_rate": 100.0, "input_tokens": 4356, "output_tokens": 172, "model": "meta-llama/Llama-3.1-8B-Instruct", "input_tokens_per_minute": 784200.0, "output_tokens_per_minute": 30980.0, "Latency": {"unit": "s", "min": 0.2958089010207914, "p50": 4.2885794779867865, "p90": 9.286341550003272, "p95": 10.749131462012883, "p99": 13.565159288817087, "max": 14.295587351021823}, "Throughput": {"unit": "tokens/s", "min": 4.88873955828299, "p50": 38.06854172214679, "p90": 118.80192711623738, "p95": 124.6511933291786, "p99": 126.01058918329612, "max": 127.43906421643072}, "TTFT": {"unit": "s", "min": 0.017894688004162163, "p50": 0.6966812040191144, "p90": 2.903421932947822, "p95": 3.9690941570152063, "p99": 6.178499873384137, "max": 6.924506408046}, "TPOT": {"unit": "ms", "min": 7.323392603818017, "p50": 18.095502713531367, "p90": 37.365920093786066, "p95": 42.13379850510471, "p99": 43.63955596348265, "max": 53.04280370610821},