{"target_qps": 3.5, "actual_qps": 3.499428711790971, "success_rate": 100.0, "input_tokens": 4159, "output_tokens": 173, "model": "meta-llama/Llama-3.1-8B-Instruct", "input_tokens_per_minute": 873509.7000000001, "output_tokens_per_minute": 36516.9, "Latency": {"unit": "s", "min": 0.5118568739853799, "p50": 3.684006257506553, "p90": 11.196896550111704, "p95": 12.180512185409315, "p99": 12.816542534105242, "max": 13.37945235799998}, "Throughput": {"unit": "tokens/s", "min": 6.124635184770184, "p50": 40.369965860331696, "p90": 71.96457167015333, "p95": 77.70659779763486, "p99": 83.45371996329048, "max": 94.0665815206944}, "TTFT": {"unit": "s", "min": 0.13560868299100548, "p50": 0.9680327989917714, "p90": 3.0883728300279474, "p95": 3.480045599472941, "p99": 4.283690039587087, "max": 5.758441212004982}, "TPOT": {"unit": "ms", "min": 9.731646259097555, "p50": 17.200566984005874, "p90": 43.69103938455801, "p95": 46.64020430132566, "p99": 48.29257984134373, "max": 48.840266563828386}, "Input Tokens per Minute": {"unit": "tokens/min", "min": 873509.7000000001, "p50": 873509.7000000001, "p90": 873509.7000000001, "p95": 873509.7000000001, "p99": 873509.7000000001, "max": 873509.7000000001}, "Output Tokens per Minute": {"unit": "tokens/min", "min": 36516.9, "p50": 36516.9, "p90": 36516.9, "p95": 36516.9, "p99": 36516.9, "max": 36516.9}}
{"target_qps": 3.5, "actual_qps": 3.4987081584605475, "success_rate": 100.0, "input_tokens": 4159, "output_tokens": 174, "model": "meta-llama/Llama-3.1-8B-Instruct", "input_tokens_per_minute": 873580.9090909091, "output_tokens_per_minute": 36617.42424242424, "Latency": {"unit": "s", "min": 0.6849553339998238, "p50": 3.280994696979178, "p90": 9.91201123502106, "p95": 11.046174222577244, "p99": 11.82973327828804, "max": 12.987493203021586}, "Throughput": {"unit": "tokens/s", "min": 5.162108133666487, "p50": 52.109356828081275, "p90": 74.63167340482157, "p95": 78.26713627330533, "p99": 87.22565103216108, "max": 89.09907185760198}, "TTFT": {"unit": "s", "min": 0.0745205589919351, "p50": 0.6444800919853151, "p90": 2.5767548092058874, "p95": 3.1701006704941377, "p99": 4.12249591750151, "max": 5.381439697986934}, "TPOT": {"unit": "ms", "min": 9.063667784371944, "p50": 14.895990208514828, "p90": 41.77339514509784, "p95": 46.51116514607712, "p99": 51.60923470234203, "max": 52.75385566589345}, "Input Tokens per Minute": {"unit": "tokens/min", "min": 873580.9090909091, "p50": 873580.9090909091, "p90": 873580.9090909091, "p95": 873580.9090909091, "p99": 873580.9090909091, "max": 873580.9090909091}, "Output Tokens per Minute": {"unit": "tokens/min", "min": 36617.42424242424, "p50": 36617.42424242424, "p90": 36617.42424242424, "p95": 36617.42424242424, "p99": 36617.42424242424, "max": 36617.42424242424}}
{"target_qps": 3.5, "actual_qps": 3.4994256335529226, "success_rate": 100.0, "input_tokens": 4308, "output_tokens": 174, "model": "meta-llama/Llama-3.1-8B-Instruct", "input_tokens_per_minute": 904797.6811594203, "output_tokens_per_minute": 36730.72463768116, "Latency": {"unit": "s", "min": 0.35513094800990075, "p50": 3.156290227023419, "p90": 9.506698795384727, "p95": 10.195200881385244, "p99": 11.14181546734646, "max": 11.543707047007047}, "Throughput": {"unit": "tokens/s", "min": 9.430104491434165, "p50": 55.14827632784366, "p90": 76.36146758218935, "p95": 81.0848631456355, "p99": 87.68991832124448, "max": 90.49029106549163}, "TTFT": {"unit": "s", "min": 0.08009438699809834, "p50": 0.5733595190104097, "p90": 2.6435413825791336, "p95": 3.2956978756934396, "p99": 4.1164928626187605, "max": 4.350579300022218}, "TPOT": {"unit": "ms", "min": 9.799801723753106, "p50": 14.3981374840223, "p90": 37.00375889946272, "p95": 39.63463690746738, "p99": 44.6886853696222, "max": 59.449691522825994}, "Input Tokens per Minute": {"unit": "tokens/min", "min": 904797.6811594203, "p50": 904797.6811594203, "p90": 904797.6811594203, "p95": 904797.6811594203, "p99": 904797.6811594203, "max": 904797.6811594203}, "Output Tokens per Minute": {"unit": "tokens/min", "min": 36730.72463768116, "p50": 36730.72463768116, "p90": 36730.72463768116, "p95": 36730.72463768116, "p99": 36730.72463768116, "max": 36730.72463768116}}
{"target_qps": 3.5, "actual_qps": 3.4962220361915266, "success_rate": 100.0, "input_tokens": 4304, "output_tokens": 180, "model": "meta-llama/Llama-3.1-8B-Instruct", "input_tokens_per_minute": 904037.6470588235, "output_tokens_per_minute": 37879.26470588236, "Latency": {"unit": "s", "min": 0.49398314498830587, "p50": 3.2444111760123633, "p90": 9.493849735002732, "p95": 9.976890738678048, "p99": 11.379051447237725, "max": 12.738950973027386}, "Throughput": {"unit": "tokens/s", "min": 3.5321681492978736, "p50": 58.75901278010416, "p90": 75.31031685086683, "p95": 78.87647271791911, "p99": 89.06192879175497, "max": 89.66038040303692}, "TTFT": {"unit": "s", "min": 0.06580831698374823, "p50": 0.5673102845321409, "p90": 2.851938340789639, "p95": 3.3824605198286006, "p99": 3.8437192547734593, "max": 4.644420374010224}, "TPOT": {"unit": "ms", "min": 7.149039600820592, "p50": 14.206424959813567, "p90": 37.80277105268845, "p95": 39.697290329998545, "p99": 44.58738167543914, "max": 46.00772381398649}, "Input Tokens per Minute": {"unit": "tokens/min", "min": 904037.6470588235, "p50": 904037.6470588235, "p90": 904037.6470588235, "p95": 904037.6470588235, "p99": 904037.6470588235, "max": 904037.6470588235}, "Output Tokens per Minute": {"unit": "tokens/min", "min": 37879.26470588236, "p50": 37879.26470588236, "p90": 37879.26470588236, "p95": 37879.26470588236, "p99": 37879.26470588236, "max": 37879.26470588236}}
{"target_qps": 3.5, "actual_qps": 3.4988780744816617, "success_rate": 100.0, "input_tokens": 4056, "output_tokens": 181, "model": "meta-llama/Llama-3.1-8B-Instruct", "input_tokens_per_minute": 851826.0, "output_tokens_per_minute": 38049.0, "Latency": {"unit": "s", "min": 0.4298905010218732, "p50": 3.0289794180134777, "p90": 11.578405644389568, "p95": 13.576239835767772, "p99": 18.013836621838852, "max": 18.490546394023113}, "Throughput": {"unit": "tokens/s", "min": 3.99319300354755, "p50": 62.01394724153894, "p90": 80.511112200295, "p95": 88.24199987559223, "p99": 99.23726801918703, "max": 102.47965538682934}, "TTFT": {"unit": "s", "min": 0.11537602700991556, "p50": 0.5394362819788512, "p90": 3.2336626335745673, "p95": 4.534365854901256, "p99": 6.563961429695482, "max": 7.261766166018788}, "TPOT": {"unit": "ms", "min": 8.233076567824781, "p50": 13.700482258707726, "p90": 44.36806957734673, "p95": 51.619374132644964, "p99": 57.29124330961433, "max": 58.841163070226585}, "Input Tokens per Minute": {"unit": "tokens/min", "min": 851826.0, "p50": 851826.0, "p90": 851826.0, "p95": 851826.0, "p99": 851826.0, "max": 851826.0}, "Output Tokens per Minute": {"unit": "tokens/min", "min": 38049.0, "p50": 38049.0, "p90": 38049.0, "p95": 38049.0, "p99": 38049.0, "max": 38049.0}}
{"target_qps": 3.5, "actual_qps": 3.4983938723299457, "success_rate": 100.0, "input_tokens": 4074, "output_tokens": 180, "model": "meta-llama/Llama-3.1-8B-Instruct", "input_tokens_per_minute": 855651.724137931, "output_tokens_per_minute": 37852.75862068965, "Latency": {"unit": "s", "min": 0.6260125669650733, "p50": 3.1350632900139317, "p90": 11.028524707793258, "p95": 12.90264457819284, "p99": 16.89345228728255, "max": 17.834056499006692}, "Throughput": {"unit": "tokens/s", "min": 3.3035162947152905, "p50": 57.74671105143531, "p90": 81.66666709422584, "p95": 88.59114084057919, "p99": 98.21117357211324, "max": 102.75496765022393}, "TTFT": {"unit": "s", "min": 0.07631223200587556, "p50": 0.6924140250193886, "p90": 3.58012408980867, "p95": 4.333640964806545, "p99": 6.030987997661572, "max": 6.766262333956547}, "TPOT": {"unit": "ms", "min": 8.47623869315675, "p50": 13.84150602417521, "p90": 43.01167745043726, "p95": 50.806737806935836, "p99": 57.58835465209293, "max": 63.31684429810762}, "Input Tokens per Minute": {"unit": "tokens/min", "min": 855651.724137931, "p50": 855651.724137931,