{"target_qps": 5.5, "actual_qps": 5.49066007370407, "success_rate": 100.0, "input_tokens": 4281, "output_tokens": 176, "model": "meta-llama/Llama-3.1-8B-Instruct", "input_tokens_per_minute": 1412767.358490566, "output_tokens_per_minute": 58122.33962264151, "Latency": {"unit": "s", "min": 2.2280043800128624, "p50": 11.064481573994271, "p90": 14.115422378364018, "p95": 16.78562011020258, "p99": 21.607930306978524, "max": 21.85172519600019}, "Throughput": {"unit": "tokens/s", "min": 3.0940627051525547, "p50": 17.061407266182783, "p90": 20.227852936465542, "p95": 21.843236319184115, "p99": 24.819428738799054, "max": 38.25000092836554}, "TTFT": {"unit": "s", "min": 0.829095029970631, "p50": 2.449302030960098, "p90": 4.321634071227163, "p95": 7.0046358498046075, "p99": 10.52519732858986, "max": 10.741402461077087}, "TPOT": {"unit": "ms", "min": 22.108859362094734, "p50": 46.404436989406584, "p90": 54.32865593044658, "p95": 55.13953524197091, "p99": 56.48306009544519, "max": 56.99691775397646}, "Input Tokens per Minute": {"unit": "tokens/min", "min": 1412767.358490566, "p50": 1412767.358490566, "p90": 1412767.358490566, "p95": 1412767.358490566, "p99": 1412767.358490566, "max": 1412767.358490566}, "Output Tokens per Minute": {"unit": "tokens/min", "min": 58122.33962264151, "p50": 58122.33962264151, "p90": 58122.33962264151, "p95": 58122.33962264151, "p99": 58122.33962264151, "max": 58122.33962264151}}
{"target_qps": 5.5, "actual_qps": 5.492896263571266, "success_rate": 100.0, "input_tokens": 4243, "output_tokens": 178, "model": "meta-llama/Llama-3.1-8B-Instruct", "input_tokens_per_minute": 1400281.6666666665, "output_tokens_per_minute": 58785.22222222222, "Latency": {"unit": "s", "min": 1.8239318520063534, "p50": 11.251864437013865, "p90": 16.05681812954135, "p95": 18.56426401439239, "p99": 21.34109077530331, "max": 22.12995504005812}, "Throughput": {"unit": "tokens/s", "min": 1.7098349383832683, "p50": 16.808618422142132, "p90": 20.75715840456631, "p95": 23.1655077657727, "p99": 31.50961200335754, "max": 41.1643351453898}, "TTFT": {"unit": "s", "min": 0.64273906708695, "p50": 2.38712889701128, "p90": 6.418743976939004, "p95": 8.151232181349766, "p99": 10.862839515360537, "max": 11.11058228299953}, "TPOT": {"unit": "ms", "min": 20.991707507324353, "p50": 47.29137621590838, "p90": 54.45937644854076, "p95": 55.288881865468866, "p99": 56.41423713851339, "max": 59.54465827542461}, "Input Tokens per Minute": {"unit": "tokens/min", "min": 1400281.6666666665, "p50": 1400281.6666666665, "p90": 1400281.6666666665, "p95": 1400281.6666666665, "p99": 1400281.6666666665, "max": 1400281.6666666665}, "Output Tokens per Minute": {"unit": "tokens/min", "min": 58785.22222222222, "p50": 58785.22222222222, "p90": 58785.22222222222, "p95": 58785.22222222222, "p99": 58785.22222222222, "max": 58785.22222222222}}
{"target_qps": 5.5, "actual_qps": 5.496673505640929, "success_rate": 100.0, "input_tokens": 4127, "output_tokens": 178, "model": "meta-llama/Llama-3.1-8B-Instruct", "input_tokens_per_minute": 1362043.064516129, "output_tokens_per_minute": 58927.354838709674, "Latency": {"unit": "s", "min": 1.5876312360633165, "p50": 8.829951326944865, "p90": 24.69653104982572, "p95": 27.218011544813635, "p99": 29.77077442091192, "max": 30.246864314074628}, "Throughput": {"unit": "tokens/s", "min": 0.8934526099631297, "p50": 21.77215342876076, "p90": 32.0932844873539, "p95": 33.6217065520054, "p99": 35.48092776652931, "max": 37.22619589198878}, "TTFT": {"unit": "s", "min": 0.34091113007161766, "p50": 1.525723465543706, "p90": 15.977900258312005, "p95": 17.27477715951973, "p99": 19.53234880909906, "max": 20.480555371032096}, "TPOT": {"unit": "ms", "min": 20.221414400397666, "p50": 38.37186587423358, "p90": 54.96469172124993, "p95": 55.5934675805383, "p99": 56.99671894123844, "max": 59.713409939671266}, "Input Tokens per Minute": {"unit": "tokens/min", "min": 1362043.064516129, "p50": 1362043.064516129, "p90": 1362043.064516129, "p95": 1362043.064516129, "p99": 1362043.064516129, "max": 1362043.064516129}, "Output Tokens per Minute": {"unit": "tokens/min", "min": 58927.354838709674, "p50": 58927.354838709674, "p90": 58927.354838709674, "p95": 58927.354838709674, "p99": 58927.354838709674, "max": 58927.354838709674}}
{"target_qps": 5.5, "actual_qps": 5.486236961979771, "success_rate": 100.0, "input_tokens": 4194, "output_tokens": 176, "model": "meta-llama/Llama-3.1-8B-Instruct", "input_tokens_per_minute": 1384190.0338983051, "output_tokens_per_minute": 58109.08474576271, "Latency": {"unit": "s", "min": 1.0485451940912753, "p50": 8.629122968064621, "p90": 25.725644173123875, "p95": 27.84239061897388, "p99": 29.7836913201632, "max": 30.255869455984794}, "Throughput": {"unit": "tokens/s", "min": 0.9544969688194322, "p50": 21.789086004667116, "p90": 32.933820451654455, "p95": 34.2569308076811, "p99": 37.02159851286709, "max": 38.470180247187685}, "TTFT": {"unit": "s", "min": 0.29427597497124225, "p50": 1.3880876720650122, "p90": 16.14060325061437, "p95": 17.703572193998845, "p99": 19.083421934773217, "max": 19.847490607993677}, "TPOT": {"unit": "ms", "min": 21.76607874894722, "p50": 37.472928768894334, "p90": 54.73240379106029, "p95": 55.71613483184752, "p99": 57.12966678346154, "max": 59.35137575891401}, "Input Tokens per Minute": {"unit": "tokens/min", "min": 1384190.0338983051, "p50": 1384190.0338983051, "p90": 1384190.0338983051, "p95": 1384190.0338983051, "p99": 1384190.0338983051, "max": 1384190.0338983051}, "Output Tokens per Minute": {"unit": "tokens/min", "min": 58109.08474576271, "p50": 58109.08474576271, "p90": 58109.08474576271, "p95": 58109.08474576271, "p99": 58109.08474576271, "max": 58109.08474576271}}
{"target_qps": 5.5, "actual_qps": 5.4914701092722, "success_rate": 100.0, "input_tokens": 4315, "output_tokens": 180, "model": "meta-llama/Llama-3.1-8B-Instruct", "input_tokens_per_minute": 1424123.9047619046, "output_tokens_per_minute": 59490.09523809524, "Latency": {"unit": "s", "min": 1.3362784259952605, "p50": 10.47866471298039, "p90": 36.37630400576163, "p95": 40.068919181230015, "p99": 41.62435435174033, "max": 42.83706863899715}, "Throughput": {"unit": "tokens/s", "min": 0.5740715084280423, "p50": 18.434727309336523, "p90": 30.270806696856095, "p95": 32.747423216265055, "p99": 37.80171841411977, "max": 38.18245561680563}, "TTFT": {"unit": "s", "min": 0.5540757630951703, "p50": 1.9716519529465586, "p90": 27.380599784594967, "p95": 30.137297735572794, "p99": 31.316124526881612, "max": 32.63250753399916}, "TPOT": {"unit": "ms", "min": 17.032738280996014, "p50": 44.958386517565074, "p90": 54.86530429957407, "p95": 55.71651700689969, "p99": 57.069440627770824, "max": 68.04069506951832}, "Input Tokens per Minute": {"unit": "tokens/min", "min": 1424123.9047619046, "p50": 1424123.9047619046, "p90": 1424123.9047619046, "p95": 1424123.9047619046, "p99": 1424123.9047619046, "max": 1424123.9047619046}, "Output Tokens per Minute": {"unit": "tokens/min", "min": 59490.09523809524, "p50": 59490.09523809524, "p90": 59490.09523809524, "p95": 59490.09523809524, "p99": 59490.09523809524, "max": 59490.09523809524}}
{"target_qps": 5.5, "actual_qps": 5.494038055140191, "success_rate": 100.0, "input_tokens": 4381, "output_tokens": 179, "model": "meta-llama/Llama-3.1-8B-Instruct", "input_tokens_per_minute": 1446682.7819641465, "output_tokens_per_minute": 59336.14648788486, "Latency": {"unit": "s", "min": 1.3067590289283544, "p50": 10.188990226015449, "p90": 36.213764950982295, "p95": 39.404881080496125, "p99": 41.05607021048199, "max": 42.48493873293046}, "Throughput": {"unit": "tokens/s", "min": 0.6551874345230997, "p50": 18.744613249208488, "p90": 34.806321570249004, "p95": 38.88192742661893, "p99": 42.767696033457426, "max": 44.63328536549992}, "TTFT": {"unit": "s", "min": 0.2890090390574187, "p50": 1.6790888929972425, "p90": 27.078463345998898, "p95": 29.039251742011402, "p99": 31.820876720012166, "max": 32.718451175955124}, "TPOT": {"unit": "ms", "min": 19.572759728665307,