{"actual_qps": 7.4501101077076965, "success_rate": 100.0, "input_tokens": 4150, "output_tokens": 177, "model": "meta-llama/Llama-3.1-8B-Instruct", "input_tokens_per_minute": 1603745.4689656615, "output_tokens_per_minute": 68560.87995119803, "Latency": {"unit": "s", "min": 1.6658539469353855, "p50": 6.688537119072862, "p90": 14.0604240415385, "p95": 16.921988758398218, "p99": 22.317741988599305, "max": 28.24413138499949}, "Throughput": {"unit": "tokens/s", "min": 2.075118443312436, "p50": 26.638294836991395, "p90": 45.95578772339863, "p95": 52.04455204630298, "p99": 64.57834306944072, "max": 70.77224364472697}, "TTFT": {"unit": "s", "min": 0.19601369102019817, "p50": 2.8268084649462253, "p90": 7.1764333212515306, "p95": 9.923260317789378, "p99": 14.077982800598265, "max": 20.45924241899047}, "TPOT": {"unit": "ms", "min": 9.254958004990227, "p50": 23.435771537841713, "p90": 45.03121321701959, "p95": 49.17147176564861, "p99": 56.18200470623209, "max": 72.5704358725731}, "Input Tokens per Minute": {"unit": "tokens/min", "min": 1603745.4689656615, "p50": 1603745.4689656615, "p90": 1603745.4689656615, "p95": 1603745.4689656615, "p99": 1603745.4689656615, "max": 1603745.4689656615}, "Output Tokens per Minute": {"unit": "tokens/min", "min": 68560.87995119803, "p50": 68560.87995119803, "p90": 68560.87995119803, "p95": 68560.87995119803, "p99": 68560.87995119803, "max": 68560.87995119803}}
{"actual_qps": 6.992877428140096, "success_rate": 100.0, "input_tokens": 4284, "output_tokens": 179, "model": "meta-llama/Llama-3.1-8B-Instruct", "input_tokens_per_minute": 1763726.80141616, "output_tokens_per_minute": 74021.08494533366, "Latency": {"unit": "s", "min": 0.8320498010143638, "p50": 5.512682369502727, "p90": 12.178703944012524, "p95": 14.377256997994843, "p99": 22.06138035795418, "max": 26.929564199992456}, "Throughput": {"unit": "tokens/s", "min": 3.8438900134848994, "p50": 28.52394447464677, "p90": 61.01349685446726, "p95": 66.35122379417155, "p99": 82.50141239651838, "max": 89.04484138945773}, "TTFT": {"unit": "s", "min": 0.1997732270974666, "p50": 1.9069153840537183, "p90": 5.044495314988309, "p95": 7.369631408946588, "p99": 14.73359357788111, "max": 19.139512442983687}, "TPOT": {"unit": "ms", "min": 9.71296821643678, "p50": 20.438589497314926, "p90": 39.30463608718201, "p95": 42.77200619421018, "p99": 51.084936263134864, "max": 55.12657713489202}, "Input Tokens per Minute": {"unit": "tokens/min", "min": 1763726.80141616, "p50": 1763726.80141616, "p90": 1763726.80141616, "p95": 1763726.80141616, "p99": 1763726.80141616, "max": 1763726.80141616}, "Output Tokens per Minute": {"unit": "tokens/min", "min": 74021.08494533366, "p50": 74021.08494533366, "p90": 74021.08494533366, "p95": 74021.08494533366, "p99": 74021.08494533366, "max": 74021.08494533366}}
{"actual_qps": 6.773378256367914, "success_rate": 100.0, "input_tokens": 4284, "output_tokens": 180, "model": "meta-llama/Llama-3.1-8B-Instruct", "input_tokens_per_minute": 1755468.311664758, "output_tokens_per_minute": 73789.63055158536, "Latency": {"unit": "s", "min": 0.7915835099993274, "p50": 5.542051354015712, "p90": 14.663525815529283, "p95": 16.45414831500966, "p99": 20.416318906930975, "max": 22.419556729029864}, "Throughput": {"unit": "tokens/s", "min": 1.9866119702089375, "p50": 29.595389353467823, "p90": 55.42458074669767, "p95": 59.4847412928363, "p99": 67.73387996953825, "max": 73.64513838474983}, "TTFT": {"unit": "s", "min": 0.27126029797364026, "p50": 1.825604907993693, "p90": 6.534310145012569, "p95": 8.468085258529754, "p99": 11.646266689244658, "max": 14.262533804983832}, "TPOT": {"unit": "ms", "min": 9.23449541711197, "p50": 21.145053670610576, "p90": 44.556418959701894, "p95": 51.000696427192324, "p99": 54.91827107263913, "max": 63.87163071277817}, "Input Tokens per Minute": {"unit": "tokens/min", "min": 1755468.311664758, "p50": 1755468.311664758, "p90": 1755468.311664758, "p95": 1755468.311664758, "p99": 1755468.311664758, "max": 1755468.311664758}, "Output Tokens per Minute": {"unit": "tokens/min", "min": 73789.63055158536, "p50": 73789.63055158536, "p90": 73789.63055158536, "p95": 73789.63055158536, "p99": 73789.63055158536, "max": 73789.63055158536}}
{"actual_qps": 7.149749080531188, "success_rate": 100.0, "input_tokens": 4320, "output_tokens": 176, "model": "meta-llama/Llama-3.1-8B-Instruct", "input_tokens_per_minute": 1825500.5017391103, "output_tokens_per_minute": 74458.38601267088, "Latency": {"unit": "s", "min": 1.0051765999523923, "p50": 6.186081854975782, "p90": 16.86718978306744, "p95": 18.818861869187085, "p99": 22.427067620917214, "max": 27.162466246052645}, "Throughput": {"unit": "tokens/s", "min": 2.216665998737054, "p50": 26.619697857997874, "p90": 47.843637704994, "p95": 50.971496754643944, "p99": 56.61945696750784, "max": 69.58908661637989}, "TTFT": {"unit": "s", "min": 0.2967190209310502, "p50": 2.7637837340589613, "p90": 8.163688974571414, "p95": 10.381193421385245, "p99": 13.68577714446466, "max": 16.31358411407564}, "TPOT": {"unit": "ms", "min": 9.481725366622323, "p50": 20.79287049215493, "p90": 48.53626303702368, "p95": 50.230988677045865, "p99": 55.65500105532197, "max": 65.54182622965206}, "Input Tokens per Minute": {"unit": "tokens/min", "min": 1825500.5017391103, "p50": 1825500.5017391103, "p90": 1825500.5017391103, "p95": 1825500.5017391103, "p99": 1825500.5017391103, "max": 1825500.5017391103}, "Output Tokens per Minute": {"unit": "tokens/min", "min": 74458.38601267088, "p50": 74458.38601267088, "p90": 74458.38601267088, "p95": 74458.38601267088, "p99": 74458.38601267088, "max": 74458.38601267088}}
{"actual_qps": 7.201393726250864, "success_rate": 100.0, "input_tokens": 4290, "output_tokens": 179, "model": "meta-llama/Llama-3.1-8B-Instruct", "input_tokens_per_minute": 1863771.2395173132, "output_tokens_per_minute": 77891.79033865627, "Latency": {"unit": "s", "min": 1.4371517000254244, "p50": 5.738111059064977, "p90": 13.958647032966837, "p95": 16.04991613898892, "p99": 18.73406296018512, "max": 20.879497814108618}, "Throughput": {"unit": "tokens/s", "min": 1.2666088114381764, "p50": 29.727817934802527, "p90": 48.259337468453715, "p95": 51.9957121052121, "p99": 56.916059209458204, "max": 65.83591045917883}, "TTFT": {"unit": "s", "min": 0.36901230306830257, "p50": 2.184930691961199, "p90": 6.364849451929331, "p95": 7.912422438035719, "p99": 10.646447650832126, "max": 13.953778416034766}, "TPOT": {"unit": "ms", "min": 6.766271770798735, "p50": 19.834095422042786, "p90": 44.300356291318735, "p95": 46.5334604269633, "p99": 58.30315425054223, "max": 78.59532439449269}, "Input Tokens per Minute": {"unit": "tokens/min", "min": 1863771.2395173132, "p50": 1863771.2395173132, "p90": 1863771.2395173132, "p95": 1863771.2395173132, "p99": 1863771.2395173132, "max": 1863771.2395173132}, "Output Tokens per Minute": {"unit": "tokens/min", "min": 77891.79033865627, "p50": 77891.79033865627, "p90": 77891.79033865627, "p95": 77891.79033865627, "p99": 77891.79033865627, "max": 77891.79033865627}}
{"actual_qps": 7.06076415191018, "success_rate": 100.0, "input_tokens": 4238, "output_tokens": 177, "model": "meta-llama/Llama-3.1-8B-Instruct", "input_tokens_per_minute": 1882586.0194482654, "output_tokens_per_minute": 78837.30615992592, "Latency": {"unit": "s", "min": 0.6399368359707296, "p50": 5.309673085925169, "p90": 12.721249587018974, "p95": 14.826468825980555, "p99": 21.711274978413712, "max": 23.576005221926607}, "Throughput": {"unit": "tokens/s", "min": 1.8651276630465392, "p50": 33.97793130135467, "p90": 51.53228744519264, "p95": 54.456407442642956, "p99": 65.01515722397673, "max": 72.25465126952058}, "TTFT": {"unit": "s", "min": 0.09901645197533071, "p50": 1.6139066719915718, "p90": 5.881295984028839, "p95": 7.866252800507937, "p99": 13.1569996229955, "max": 15.25357250298839}, "TPOT": {"unit": "ms", "min": 10.45340010498524, "p50": 20.63607278890702, "p90": 42.03010364330313, "p95": 47.358832191020696, "p99": 55.606986713670565, "max": 60.49567793824655},