{"target_qps": 3.5, "actual_qps": 3.2780804676415523, "success_rate": 100.0, "input_tokens": 157, "output_tokens": 350, "model": "meta-llama/Llama-3.1-8B-Instruct", "input_tokens_per_minute": 33063.614457831325, "output_tokens_per_minute": 73500.0, "Latency": {"unit": "s", "min": 2.723138311994262, "p50": 2.939485312497709, "p90": 19.60707655051374, "p95": 20.9743610737205, "p99": 25.101188454669288, "max": 29.378811824019067}, "Throughput": {"unit": "tokens/s", "min": 11.91334769072766, "p50": 119.06846450597828, "p90": 124.00041716543825, "p95": 125.04751792412108, "p99": 127.12950643044626, "max": 128.5281759132099}, "TTFT": {"unit": "s", "min": 0.01673334900988266, "p50": 0.030786616523982957, "p90": 0.27856187749421224, "p95": 1.1027085552632343, "p99": 3.0881085022323482, "max": 3.669172784953844}, "TPOT": {"unit": "ms", "min": 7.679218146149443, "p50": 8.327448952750952, "p90": 52.539683786523725, "p95": 56.40680167472449, "p99": 69.9007162328423, "max": 80.50559509751042}, "Input Tokens per Minute": {"unit": "tokens/min", "min": 33063.614457831325, "p50": 33063.614457831325, "p90": 33063.614457831325, "p95": 33063.614457831325, "p99": 33063.614457831325, "max": 33063.614457831325}, "Output Tokens per Minute": {"unit": "tokens/min", "min": 73500.0, "p50": 73500.0, "p90": 73500.0, "p95": 73500.0, "p99": 73500.0, "max": 73500.0}}
{"target_qps": 3.5, "actual_qps": 3.1413304273264595, "success_rate": 100.0, "input_tokens": 161, "output_tokens": 349, "model": "meta-llama/Llama-3.1-8B-Instruct", "input_tokens_per_minute": 33865.060975609755, "output_tokens_per_minute": 73314.32926829268, "Latency": {"unit": "s", "min": 1.7419066049624234, "p50": 2.990511110489024, "p90": 20.272914622386455, "p95": 22.839770884357858, "p99": 30.881793395475835, "max": 32.53225977200782}, "Throughput": {"unit": "tokens/s", "min": 10.75855174072953, "p50": 117.03686426055896, "p90": 124.58696795600315, "p95": 125.43122079907576, "p99": 126.7487326168429, "max": 127.27920698809201}, "TTFT": {"unit": "s", "min": 0.014559483039192855, "p50": 0.02925548449275084, "p90": 1.2973715444037233, "p95": 1.8184061968466259, "p99": 3.7028191544557925, "max": 4.0073260749923065}, "TPOT": {"unit": "ms", "min": 7.644669633134559, "p50": 8.399747606136746, "p90": 54.94052375072045, "p95": 61.75848683335666, "p99": 80.24402994482566, "max": 84.47222381094365}, "Input Tokens per Minute": {"unit": "tokens/min", "min": 33865.060975609755, "p50": 33865.060975609755, "p90": 33865.060975609755, "p95": 33865.060975609755, "p99": 33865.060975609755, "max": 33865.060975609755}, "Output Tokens per Minute": {"unit": "tokens/min", "min": 73314.32926829268, "p50": 73314.32926829268, "p90": 73314.32926829268, "p95": 73314.32926829268, "p99": 73314.32926829268, "max": 73314.32926829268}}
{"target_qps": 3.5, "actual_qps": 3.9140006748521072, "success_rate": 100.0, "input_tokens": 172, "output_tokens": 348, "model": "meta-llama/Llama-3.1-8B-Instruct", "input_tokens_per_minute": 39307.16488017461, "output_tokens_per_minute": 79364.31483703692, "Latency": {"unit": "s", "min": 0.7679922570241615, "p50": 2.994394703011494, "p90": 27.713187600614038, "p95": 30.156045045831707, "p99": 31.937037166587544, "max": 32.245059709995985}, "Throughput": {"unit": "tokens/s", "min": 10.854375930694891, "p50": 116.88505848878283, "p90": 122.21970564266566, "p95": 123.5230419426943, "p99": 125.1136569262429, "max": 125.2736880216707}, "TTFT": {"unit": "s", "min": 0.018279499956406653, "p50": 0.038642643019557, "p90": 3.0051594873657486, "p95": 4.551166666019707, "p99": 7.270708692353218, "max": 8.16914941102732}, "TPOT": {"unit": "ms", "min": 7.921237681194784, "p50": 8.488163851030748, "p90": 70.95203825621532, "p95": 79.08762616787858, "p99": 86.81235274166552, "max": 89.01232959306333}, "Input Tokens per Minute": {"unit": "tokens/min", "min": 39307.16488017461, "p50": 39307.16488017461, "p90": 39307.16488017461, "p95": 39307.16488017461, "p99": 39307.16488017461, "max": 39307.16488017461}, "Output Tokens per Minute": {"unit": "tokens/min", "min": 79364.31483703692, "p50": 79364.31483703692, "p90": 79364.31483703692, "p95": 79364.31483703692, "p99": 79364.31483703692, "max": 79364.31483703692}}
{"target_qps": 3.5, "actual_qps": 4.0663662841365396, "success_rate": 100.0, "input_tokens": 173, "output_tokens": 349, "model": "meta-llama/Llama-3.1-8B-Instruct", "input_tokens_per_minute": 40346.281445372646, "output_tokens_per_minute": 81117.85070244488, "Latency": {"unit": "s", "min": 2.281162865983788, "p50": 2.998490514990408, "p90": 27.529899221484083, "p95": 30.39071759726794, "p99": 31.849480882807402, "max": 32.64173000701703}, "Throughput": {"unit": "tokens/s", "min": 10.722470896143069, "p50": 116.72539843259317, "p90": 122.38849390650788, "p95": 123.54509332167406, "p99": 126.64344144634292, "max": 127.74170362425573}, "TTFT": {"unit": "s", "min": 0.01602085097692907, "p50": 0.03599664900684729, "p90": 3.362131119892001, "p95": 4.931772079112124, "p99": 6.2876540982048015, "max": 7.821244229970034}, "TPOT": {"unit": "ms", "min": 7.567114177537564, "p50": 8.490655164685993, "p90": 70.61604609893753, "p95": 76.78694031117907, "p99": 86.66225063695104, "max": 88.74930150708167}, "Input Tokens per Minute": {"unit": "tokens/min", "min": 40346.281445372646, "p50": 40346.281445372646, "p90": 40346.281445372646, "p95": 40346.281445372646, "p99": 40346.281445372646, "max": 40346.281445372646}, "Output Tokens per Minute": {"unit": "tokens/min", "min": 81117.85070244488, "p50": 81117.85070244488, "p90": 81117.85070244488, "p95": 81117.85070244488, "p99": 81117.85070244488, "max": 81117.85070244488}}
{"target_qps": 3.5, "actual_qps": 4.252429321951251, "success_rate": 100.0, "input_tokens": 145, "output_tokens": 349, "model": "meta-llama/Llama-3.1-8B-Instruct", "input_tokens_per_minute": 35788.69184490602, "output_tokens_per_minute": 86146.96133190252, "Latency": {"unit": "s", "min": 2.3068360299803317, "p50": 2.9375891985255294, "p90": 21.457045499101515, "p95": 23.612473192499596, "p99": 26.163384949519532, "max": 28.320530330995098}, "Throughput": {"unit": "tokens/s", "min": 12.358525631737422, "p50": 119.14532100235176, "p90": 122.63178731783046, "p95": 123.40934483197468, "p99": 124.82318446113561, "max": 126.0099553900847}, "TTFT": {"unit": "s", "min": 0.017698034003842622, "p50": 0.03398046150687151, "p90": 3.436209177394631, "p95": 4.163281630404523, "p99": 5.3645903169695535, "max": 6.776849431975279}, "TPOT": {"unit": "ms", "min": 7.905858696270253, "p50": 8.320197931198633, "p90": 57.37670504127464, "p95": 59.72421997405066, "p99": 69.10299824745218, "max": 69.73239952160638}, "Input Tokens per Minute": {"unit": "tokens/min", "min": 35788.69184490602, "p50": 35788.69184490602, "p90": 35788.69184490602, "p95": 35788.69184490602, "p99": 35788.69184490602, "max": 35788.69184490602}, "Output Tokens per Minute": {"unit": "tokens/min", "min": 86146.96133190252, "p50": 86146.96133190252, "p90": 86146.96133190252, "p95": 86146.96133190252, "p99": 86146.96133190252, "max": 86146.96133190252}}
{"target_qps": 3.5, "actual_qps": 3.849444219875454, "success_rate": 100.0, "input_tokens": 138, "output_tokens": 348, "model": "meta-llama/Llama-3.1-8B-Instruct", "input_tokens_per_minute": 29678.323314171987, "output_tokens_per_minute": 74529.75587393498, "Latency": {"unit": "s", "min": 1.7911997199989855, "p50": 2.944860192015767, "p90": 21.70113747601863, "p95": 23.97334155999124, "p99": 26.446242740214803, "max": 26.973055076028686}, "Throughput": {"unit": "tokens/s", "min": 12.975912406416642, "p50": 118.8511430691804, "p90": 122.83805307382147, "p95": 123.16523957879703, "p99": 124.11385620325014, "max": 125.97554871155931}, "TTFT": {"unit": "s", "min": 0.015568813018035144, "p50": 0.03348190104588866, "p90": 3.320226542011369, "p95": 4.355456585006323, "p99": 6.727468175592379, "max": 7.440540581999812}, "TPOT": {"unit": "ms", "min": 7.883325280697702, "p50": 8.320969730758383, "p90": 55.66872313187022,