{"target_qps": 4.5, "actual_qps": 4.0056307381959035, "success_rate": 100.0, "input_tokens": 165, "output_tokens": 349, "model": "meta-llama/Llama-3.1-8B-Instruct", "input_tokens_per_minute": 44763.75, "output_tokens_per_minute": 94465.0, "Latency": {"unit": "s", "min": 2.7932428990025073, "p50": 2.9888106669823173, "p90": 18.643175691977376, "p95": 19.429327394478605, "p99": 21.3554587788647, "max": 22.97014281799784}, "Throughput": {"unit": "tokens/s", "min": 15.237171260675133, "p50": 117.02810224993829, "p90": 119.91629368244074, "p95": 120.7362643822119, "p99": 122.16231680018673, "max": 125.30238602772005}, "TTFT": {"unit": "s", "min": 0.015989900974091142, "p50": 0.07708647300023586, "p90": 1.3287370904581621, "p95": 2.017051673203241, "p99": 3.1393921505048614, "max": 3.522493977972772}, "TPOT": {"unit": "ms", "min": 7.8886415529862735, "p50": 8.366355647544449, "p90": 49.650756700513455, "p95": 52.36262063177091, "p99": 56.212497161733666, "max": 61.79358220921381}, "Input Tokens per Minute": {"unit": "tokens/min", "min": 44763.75, "p50": 44763.75, "p90": 44763.75, "p95": 44763.75, "p99": 44763.75, "max": 44763.75}, "Output Tokens per Minute": {"unit": "tokens/min", "min": 94465.0, "p50": 94465.0, "p90": 94465.0, "p95": 94465.0, "p99": 94465.0, "max": 94465.0}}
{"target_qps": 4.5, "actual_qps": 3.791963141764479, "success_rate": 100.0, "input_tokens": 154, "output_tokens": 349, "model": "meta-llama/Llama-3.1-8B-Instruct", "input_tokens_per_minute": 41783.18181818182, "output_tokens_per_minute": 94401.81818181819, "Latency": {"unit": "s", "min": 2.7862429600208998, "p50": 3.0094147195050027, "p90": 18.96475541291875, "p95": 20.030334725507416, "p99": 20.78489200882963, "max": 24.675297591951676}, "Throughput": {"unit": "tokens/s", "min": 14.18422609477096, "p50": 116.30168411924372, "p90": 119.63798797380345, "p95": 120.89212448112491, "p99": 123.60364293104338, "max": 125.61718594611527}, "TTFT": {"unit": "s", "min": 0.018307753023691475, "p50": 0.11277769148000516, "p90": 1.5039299992844466, "p95": 2.586293932108673, "p99": 3.092842831746675, "max": 3.147440938046202}, "TPOT": {"unit": "ms", "min": 7.910254699101986, "p50": 8.391441763588828, "p90": 51.082548482278845, "p95": 52.96123965051596, "p99": 56.94329724153091, "max": 67.1298848738611}, "Input Tokens per Minute": {"unit": "tokens/min", "min": 41783.18181818182, "p50": 41783.18181818182, "p90": 41783.18181818182, "p95": 41783.18181818182, "p99": 41783.18181818182, "max": 41783.18181818182}, "Output Tokens per Minute": {"unit": "tokens/min", "min": 94401.81818181819, "p50": 94401.81818181819, "p90": 94401.81818181819, "p95": 94401.81818181819, "p99": 94401.81818181819, "max": 94401.81818181819}}
{"target_qps": 4.5, "actual_qps": 4.112739830424184, "success_rate": 100.0, "input_tokens": 173, "output_tokens": 350, "model": "meta-llama/Llama-3.1-8B-Instruct", "input_tokens_per_minute": 46952.643171806165, "output_tokens_per_minute": 94500.0, "Latency": {"unit": "s", "min": 2.807529541954864, "p50": 2.9806707340176217, "p90": 23.95681156818755, "p95": 25.95623292310047, "p99": 29.943201357654765, "max": 34.320566473994404}, "Throughput": {"unit": "tokens/s", "min": 10.19796687403759, "p50": 117.42323498048302, "p90": 120.3408175583671, "p95": 121.0263839991388, "p99": 124.28943589462668, "max": 124.66476123214625}, "TTFT": {"unit": "s", "min": 0.018739786988589913, "p50": 0.030761952977627516, "p90": 2.6818383565638215, "p95": 3.6269047180307097, "p99": 5.08689540919848, "max": 10.089956140029244}, "TPOT": {"unit": "ms", "min": 7.76369331229777, "p50": 8.448981501516968, "p90": 61.47606645958941, "p95": 69.08225485064985, "p99": 76.81996862237932, "max": 87.34349142122923}, "Input Tokens per Minute": {"unit": "tokens/min", "min": 46952.643171806165, "p50": 46952.643171806165, "p90": 46952.643171806165, "p95": 46952.643171806165, "p99": 46952.643171806165, "max": 46952.643171806165}, "Output Tokens per Minute": {"unit": "tokens/min", "min": 94500.0, "p50": 94500.0, "p90": 94500.0, "p95": 94500.0, "p99": 94500.0, "max": 94500.0}}
{"target_qps": 4.5, "actual_qps": 4.460985806965782, "success_rate": 100.0, "input_tokens": 185, "output_tokens": 349, "model": "meta-llama/Llama-3.1-8B-Instruct", "input_tokens_per_minute": 49964.82352941177, "output_tokens_per_minute": 94242.70588235294, "Latency": {"unit": "s", "min": 2.088122183980886, "p50": 3.0006949679809622, "p90": 24.611319065780844, "p95": 26.262136064504737, "p99": 32.989523444036045, "max": 34.865331749024335}, "Throughput": {"unit": "tokens/s", "min": 10.038625260171068, "p50": 116.63964639348193, "p90": 120.40999017025977, "p95": 121.01814971060806, "p99": 123.36220174545011, "max": 124.5892575153619}, "TTFT": {"unit": "s", "min": 0.018449697992764413, "p50": 0.03160814201692119, "p90": 3.29971025660634, "p95": 4.314365160593297, "p99": 7.300016123547709, "max": 10.074670925037935}, "TPOT": {"unit": "ms", "min": 7.921426214930205, "p50": 8.49445542119801, "p90": 64.33436150267656, "p95": 69.22676535128123, "p99": 77.13886111208845, "max": 83.99674102859466}, "Input Tokens per Minute": {"unit": "tokens/min", "min": 49964.82352941177, "p50": 49964.82352941177, "p90": 49964.82352941177, "p95": 49964.82352941177, "p99": 49964.82352941177, "max": 49964.82352941177}, "Output Tokens per Minute": {"unit": "tokens/min", "min": 94242.70588235294, "p50": 94242.70588235294, "p90": 94242.70588235294, "p95": 94242.70588235294, "p99": 94242.70588235294, "max": 94242.70588235294}}
{"target_qps": 4.5, "actual_qps": 4.697749904712184, "success_rate": 100.0, "input_tokens": 126, "output_tokens": 349, "model": "meta-llama/Llama-3.1-8B-Instruct", "input_tokens_per_minute": 34107.198443579764, "output_tokens_per_minute": 94356.0700389105, "Latency": {"unit": "s", "min": 2.1202244349988177, "p50": 2.9609184430446476, "p90": 30.13422710380983, "p95": 35.44371414636261, "p99": 40.22094318630872, "max": 41.9277783370344}, "Throughput": {"unit": "tokens/s", "min": 8.347687711629796, "p50": 118.20656554123208, "p90": 120.97997675571689, "p95": 121.49438216618812, "p99": 122.35462780072058, "max": 123.51580044061507}, "TTFT": {"unit": "s", "min": 0.018634982989169657, "p50": 0.029432622017338872, "p90": 3.7278218636056413, "p95": 5.694877247395924, "p99": 12.42131527245743, "max": 12.84964960697107}, "TPOT": {"unit": "ms", "min": 8.0488639886032, "p50": 8.381187343899224, "p90": 75.79710695873892, "p95": 88.54433630598456, "p99": 106.07126644337522, "max": 110.69219731518939}, "Input Tokens per Minute": {"unit": "tokens/min", "min": 34107.198443579764, "p50": 34107.198443579764, "p90": 34107.198443579764, "p95": 34107.198443579764, "p99": 34107.198443579764, "max": 34107.198443579764}, "Output Tokens per Minute": {"unit": "tokens/min", "min": 94356.0700389105, "p50": 94356.0700389105, "p90": 94356.0700389105, "p95": 94356.0700389105, "p99": 94356.0700389105, "max": 94356.0700389105}}
{"target_qps": 4.5, "actual_qps": 4.601828141771258, "success_rate": 100.0, "input_tokens": 117, "output_tokens": 346, "model": "meta-llama/Llama-3.1-8B-Instruct", "input_tokens_per_minute": 31595.29411764706, "output_tokens_per_minute": 93660.35294117648, "Latency": {"unit": "s", "min": 0.030103592027444392, "p50": 2.9416413870058022, "p90": 30.162708666583057, "p95": 37.3483212610008, "p99": 39.88252835443244, "max": 42.65996739000548}, "Throughput": {"unit": "tokens/s", "min": 8.204413210170413, "p50": 118.78213423144939, "p90": 121.22454343125673, "p95": 121.68641877853376, "p99": 122.68795307354884, "max": 124.26495292161043}, "TTFT": {"unit": "s", "min": 0.01708548399619758, "p50": 0.029146886517992243, "p90": 3.706145392474719, "p95": 5.418431503215105, "p99": 12.4366593198193, "max": 12.764557928021532}, "TPOT": {"unit": "ms", "min": 7.509020416854093, "p50": 8.336487306578132, "p90": 75.86134742284301, "p95": 91.02246601424403, "p99": 107.60986999877765, "max": 109.3130022549887}, "Input Tokens per Minute": {"unit": "tokens/min", "min": 31595.29411764706,