{"target_qps": 5.5, "actual_qps": 5.495969027493786, "success_rate": 100.0, "input_tokens": 4414, "output_tokens": 173, "model": "meta-llama/Llama-3.1-8B-Instruct", "input_tokens_per_minute": 1456894.525862069, "output_tokens_per_minute": 57328.965517241384, "Latency": {"unit": "s", "min": 0.7759979780530557, "p50": 13.118472450471018, "p90": 26.72656284166733, "p95": 36.61999513948103, "p99": 45.137661260664466, "max": 46.27329510299023}, "Throughput": {"unit": "tokens/s", "min": 0.8574737350199558, "p50": 14.182627966460238, "p90": 32.491574950926804, "p95": 42.07099754677612, "p99": 85.33758205220478, "max": 94.81497254155865}, "TTFT": {"unit": "s", "min": 0.11515557195525616, "p50": 4.37402834801469, "p90": 15.873079244955445, "p95": 26.85972239142864, "p99": 37.251314804025455, "max": 39.29614976700395}, "TPOT": {"unit": "ms", "min": 8.33014476384462, "p50": 49.25910568118667, "p90": 55.53997639337339, "p95": 56.77714632635904, "p99": 57.81076757561114, "max": 61.868460170979446}, "Input Tokens per Minute": {"unit": "tokens/min", "min": 1456894.525862069, "p50": 1456894.525862069, "p90": 1456894.525862069, "p95": 1456894.525862069, "p99": 1456894.525862069, "max": 1456894.525862069}, "Output Tokens per Minute": {"unit": "tokens/min", "min": 57328.965517241384, "p50": 57328.965517241384, "p90": 57328.965517241384, "p95": 57328.965517241384, "p99": 57328.965517241384, "max": 57328.965517241384}}
{"target_qps": 5.5, "actual_qps": 5.483610729657514, "success_rate": 100.0, "input_tokens": 4404, "output_tokens": 174, "model": "meta-llama/Llama-3.1-8B-Instruct", "input_tokens_per_minute": 1453497.3568281939, "output_tokens_per_minute": 57736.916299559474, "Latency": {"unit": "s", "min": 0.49354144104290754, "p50": 12.97422108403407, "p90": 24.892600484844298, "p95": 36.37067283280194, "p99": 44.67950923462865, "max": 44.88736289890949}, "Throughput": {"unit": "tokens/s", "min": 0.7135178123219075, "p50": 14.622489689942297, "p90": 38.00395424727052, "p95": 54.1508008211297, "p99": 73.60834292445513, "max": 78.89941900212865}, "TTFT": {"unit": "s", "min": 0.12142020394094288, "p50": 3.709832284017466, "p90": 16.717108326591553, "p95": 27.89666688441066, "p99": 36.259617652553146, "max": 37.55762100010179}, "TPOT": {"unit": "ms", "min": 9.284558487779943, "p50": 49.36220777869206, "p90": 54.987704281042326, "p95": 55.81735774731947, "p99": 59.278473859666, "max": 61.677709351951144}, "Input Tokens per Minute": {"unit": "tokens/min", "min": 1453497.3568281939, "p50": 1453497.3568281939, "p90": 1453497.3568281939, "p95": 1453497.3568281939, "p99": 1453497.3568281939, "max": 1453497.3568281939}, "Output Tokens per Minute": {"unit": "tokens/min", "min": 57736.916299559474, "p50": 57736.916299559474, "p90": 57736.916299559474, "p95": 57736.916299559474, "p99": 57736.916299559474, "max": 57736.916299559474}}
{"target_qps": 5.5, "actual_qps": 5.493193910411483, "success_rate": 100.0, "input_tokens": 4048, "output_tokens": 182, "model": "meta-llama/Llama-3.1-8B-Instruct", "input_tokens_per_minute": 1399082.531055813, "output_tokens_per_minute": 62940.017062965606, "Latency": {"unit": "s", "min": 1.803680615965277, "p50": 14.267746738507412, "p90": 41.65627015795326, "p95": 45.74036205658922, "p99": 55.95612960894942, "max": 58.26160400593653}, "Throughput": {"unit": "tokens/s", "min": 0.5317998248634144, "p50": 13.54388305775143, "p90": 21.70819692946313, "p95": 24.928758414881145, "p99": 38.83495145150183, "max": 43.685312450674814}, "TTFT": {"unit": "s", "min": 0.4889708390692249, "p50": 5.0000613035517745, "p90": 31.346974858955946, "p95": 35.99151791847544, "p99": 41.49814510131255, "max": 44.52429230697453}, "TPOT": {"unit": "ms", "min": 20.035882607972876, "p50": 48.26055999480225, "p90": 55.602872598244716, "p95": 58.541570996093576, "p99": 75.9589331351634, "max": 157.27352792442696}, "Input Tokens per Minute": {"unit": "tokens/min", "min": 1399082.531055813, "p50": 1399082.531055813, "p90": 1399082.531055813, "p95": 1399082.531055813, "p99": 1399082.531055813, "max": 1399082.531055813}, "Output Tokens per Minute": {"unit": "tokens/min", "min": 62940.017062965606, "p50": 62940.017062965606, "p90": 62940.017062965606, "p95": 62940.017062965606, "p99": 62940.017062965606, "max": 62940.017062965606}}
{"target_qps": 5.5, "actual_qps": 5.492389917809397, "success_rate": 100.0, "input_tokens": 4087, "output_tokens": 176, "model": "meta-llama/Llama-3.1-8B-Instruct", "input_tokens_per_minute": 1471224.8422033964, "output_tokens_per_minute": 63400.51023616751, "Latency": {"unit": "s", "min": 0.8450758729595691, "p50": 13.592479438055307, "p90": 41.5230145069072, "p95": 45.934742538956925, "p99": 57.87881764902268, "max": 58.25700229196809}, "Throughput": {"unit": "tokens/s", "min": 0.5125688095098987, "p50": 13.943454473547256, "p90": 21.321994624283224, "p95": 25.408523397103263, "p99": 40.41295979355583, "max": 45.094160466581535}, "TTFT": {"unit": "s", "min": 0.36312148894649, "p50": 4.454309365944937, "p90": 31.413755174027756, "p95": 37.32683941698633, "p99": 41.307821287563996, "max": 44.466736429021694}, "TPOT": {"unit": "ms", "min": 14.72335211504438, "p50": 48.30198290059343, "p90": 55.54628230702992, "p95": 58.549190322101005, "p99": 75.23234291979097, "max": 87.50694762826453}, "Input Tokens per Minute": {"unit": "tokens/min", "min": 1471224.8422033964, "p50": 1471224.8422033964, "p90": 1471224.8422033964, "p95": 1471224.8422033964, "p99": 1471224.8422033964, "max": 1471224.8422033964}, "Output Tokens per Minute": {"unit": "tokens/min", "min": 63400.51023616751, "p50": 63400.51023616751, "p90": 63400.51023616751, "p95": 63400.51023616751, "p99": 63400.51023616751, "max": 63400.51023616751}}
{"target_qps": 5.5, "actual_qps": 5.495939591341192, "success_rate": 100.0, "input_tokens": 4415, "output_tokens": 177, "model": "meta-llama/Llama-3.1-8B-Instruct", "input_tokens_per_minute": 1457051.7049180327, "output_tokens_per_minute": 58696.72131147541, "Latency": {"unit": "s", "min": 1.1422412398969755, "p50": 12.60561544506345, "p90": 46.934219350246714, "p95": 49.774383634119296, "p99": 52.9215456358902, "max": 53.66039068601094}, "Throughput": {"unit": "tokens/s", "min": 0.42446865538353323, "p50": 15.272467628262236, "p90": 39.12084156085931, "p95": 45.265647009172916, "p99": 54.33064549583378, "max": 83.91875902194282}, "TTFT": {"unit": "s", "min": 0.2350703829433769, "p50": 3.815191970905289, "p90": 37.38113518338652, "p95": 40.272040392039344, "p99": 45.45604444317052, "max": 52.30171350692399}, "TPOT": {"unit": "ms", "min": 8.818687055606265, "p50": 46.674810517251714, "p90": 57.581274247473594, "p95": 59.40589961308013, "p99": 66.20408969238899, "max": 85.27650821365808}, "Input Tokens per Minute": {"unit": "tokens/min", "min": 1457051.7049180327, "p50": 1457051.7049180327, "p90": 1457051.7049180327, "p95": 1457051.7049180327, "p99": 1457051.7049180327, "max": 1457051.7049180327}, "Output Tokens per Minute": {"unit": "tokens/min", "min": 58696.72131147541, "p50": 58696.72131147541, "p90": 58696.72131147541, "p95": 58696.72131147541, "p99": 58696.72131147541, "max": 58696.72131147541}}
{"target_qps": 5.5, "actual_qps": 5.48932643675561, "success_rate": 100.0, "input_tokens": 4361, "output_tokens": 176, "model": "meta-llama/Llama-3.1-8B-Instruct", "input_tokens_per_minute": 1439351.821192053, "output_tokens_per_minute": 58264.66887417219, "Latency": {"unit": "s", "min": 0.5273509291000664, "p50": 12.434883118490689, "p90": 42.11696285197978, "p95": 47.19813579937327, "p99": 51.59273950138713, "max": 52.19095652305987}, "Throughput": {"unit": "tokens/s", "min": 0.4128947399819144, "p50": 15.636125285314385, "p90": 41.12258689808755, "p95": 46.55515875067344, "p99": 58.51006114267626, "max": 86.26883876837753}, "TTFT": {"unit": "s", "min": 0.11378578597214073, "p50": 3.206240172032267, "p90": 33.04230394472839, "p95": 37.38697811933816, "p99": 43.20381901141023, "max": 45.57391151203774}, "TPOT": {"unit": "ms", "min": 10.183383361436427,