{"target_qps": 3.0, "actual_qps": 2.999298218105648, "success_rate": 100.0, "input_tokens": 4212, "output_tokens": 172, "model": "meta-llama/Llama-3.1-8B-Instruct", "input_tokens_per_minute": 758228.1656804733, "output_tokens_per_minute": 31037.751479289942, "Latency": {"unit": "s", "min": 0.24129952595103532, "p50": 3.6785990450298414, "p90": 18.13979297617919, "p95": 24.612833208998197, "p99": 26.2076851780992, "max": 27.837547563016415}, "Throughput": {"unit": "tokens/s", "min": 1.2527986197580827, "p50": 49.324123180491156, "p90": 75.07639271297536, "p95": 83.88193504727832, "p99": 92.66117302661196, "max": 104.09294836669545}, "TTFT": {"unit": "s", "min": 0.0685099649708718, "p50": 0.6906990060233511, "p90": 7.729311738780263, "p95": 16.328535043215375, "p99": 20.18312799648614, "max": 24.67397325701313}, "TPOT": {"unit": "ms", "min": 8.531480482381642, "p50": 16.903640949822513, "p90": 50.24032388344622, "p95": 53.198525100424604, "p99": 61.960739259252385, "max": 69.17627718754999}, "Input Tokens per Minute": {"unit": "tokens/min", "min": 758228.1656804733, "p50": 758228.1656804733, "p90": 758228.1656804733, "p95": 758228.1656804733, "p99": 758228.1656804733, "max": 758228.1656804733}, "Output Tokens per Minute": {"unit": "tokens/min", "min": 31037.751479289942, "p50": 31037.751479289942, "p90": 31037.751479289942, "p95": 31037.751479289942, "p99": 31037.751479289942, "max": 31037.751479289942}}
{"target_qps": 3.0, "actual_qps": 2.999833397052721, "success_rate": 100.0, "input_tokens": 4201, "output_tokens": 173, "model": "meta-llama/Llama-3.1-8B-Instruct", "input_tokens_per_minute": 756334.5882352941, "output_tokens_per_minute": 31222.58823529412, "Latency": {"unit": "s", "min": 0.163509375997819, "p50": 3.643301332980627, "p90": 17.936557934188738, "p95": 22.545744330357405, "p99": 26.045039029463076, "max": 26.10608781396877}, "Throughput": {"unit": "tokens/s", "min": 1.5808757541815572, "p50": 50.61738088590918, "p90": 78.17605348316648, "p95": 87.60516521975218, "p99": 103.52688567959052, "max": 110.08543020945842}, "TTFT": {"unit": "s", "min": 0.045541967963799834, "p50": 0.4993171665119007, "p90": 10.183127405430417, "p95": 15.82457059604057, "p99": 20.0883727969497, "max": 24.583486709045246}, "TPOT": {"unit": "ms", "min": 6.560149883358355, "p50": 16.749691462375914, "p90": 52.14815034865187, "p95": 54.08199617123504, "p99": 66.05461535486569, "max": 77.84129769201033}, "Input Tokens per Minute": {"unit": "tokens/min", "min": 756334.5882352941, "p50": 756334.5882352941, "p90": 756334.5882352941, "p95": 756334.5882352941, "p99": 756334.5882352941, "max": 756334.5882352941}, "Output Tokens per Minute": {"unit": "tokens/min", "min": 31222.58823529412, "p50": 31222.58823529412, "p90": 31222.58823529412, "p95": 31222.58823529412, "p99": 31222.58823529412, "max": 31222.58823529412}}
{"target_qps": 3.0, "actual_qps": 2.9992037134132854, "success_rate": 100.0, "input_tokens": 4280, "output_tokens": 176, "model": "meta-llama/Llama-3.1-8B-Instruct", "input_tokens_per_minute": 770479.2857142857, "output_tokens_per_minute": 31696.071428571428, "Latency": {"unit": "s", "min": 0.45688435999909416, "p50": 3.7448550749977585, "p90": 16.081531559897137, "p95": 20.41277341672976, "p99": 21.300400657138095, "max": 23.654247114027385}, "Throughput": {"unit": "tokens/s", "min": 4.103149478673641, "p50": 48.5161208741235, "p90": 71.34364217478493, "p95": 80.20334887580653, "p99": 91.01944256921715, "max": 93.28149030243408}, "TTFT": {"unit": "s", "min": 0.08553574903635308, "p50": 0.6809409605048131, "p90": 5.001275794289552, "p95": 9.039557976549261, "p99": 12.776608324757003, "max": 20.51002177601913}, "TPOT": {"unit": "ms", "min": 7.759984758748069, "p50": 16.87616320858106, "p90": 53.017508230013, "p95": 64.5061585278661, "p99": 83.75625654652274, "max": 85.28307468329682}, "Input Tokens per Minute": {"unit": "tokens/min", "min": 770479.2857142857, "p50": 770479.2857142857, "p90": 770479.2857142857, "p95": 770479.2857142857, "p99": 770479.2857142857, "max": 770479.2857142857}, "Output Tokens per Minute": {"unit": "tokens/min", "min": 31696.071428571428, "p50": 31696.071428571428, "p90": 31696.071428571428, "p95": 31696.071428571428, "p99": 31696.071428571428, "max": 31696.071428571428}}
{"target_qps": 3.0, "actual_qps": 2.9993761229180276, "success_rate": 100.0, "input_tokens": 4324, "output_tokens": 175, "model": "meta-llama/Llama-3.1-8B-Instruct", "input_tokens_per_minute": 778353.0177514793, "output_tokens_per_minute": 31556.44970414201, "Latency": {"unit": "s", "min": 0.47637299000052735, "p50": 3.8921188630047254, "p90": 18.43236465955852, "p95": 20.4371084248065, "p99": 21.184576941677367, "max": 23.59135301603237}, "Throughput": {"unit": "tokens/s", "min": 1.385598112825361, "p50": 48.12109671635386, "p90": 73.20950925858243, "p95": 78.93926665445369, "p99": 93.08413398616976, "max": 95.35406589678425}, "TTFT": {"unit": "s", "min": 0.05620587297016755, "p50": 0.5865613350179046, "p90": 4.828415600559693, "p95": 8.860616237984502, "p99": 12.640588663688373, "max": 20.485246175026987}, "TPOT": {"unit": "ms", "min": 8.971348100390996, "p50": 17.146388623376737, "p90": 54.72015936298755, "p95": 80.62524842420106, "p99": 86.04391723311969, "max": 542.2632440595943}, "Input Tokens per Minute": {"unit": "tokens/min", "min": 778353.0177514793, "p50": 778353.0177514793, "p90": 778353.0177514793, "p95": 778353.0177514793, "p99": 778353.0177514793, "max": 778353.0177514793}, "Output Tokens per Minute": {"unit": "tokens/min", "min": 31556.44970414201, "p50": 31556.44970414201, "p90": 31556.44970414201, "p95": 31556.44970414201, "p99": 31556.44970414201, "max": 31556.44970414201}}
{"target_qps": 3.0, "actual_qps": 2.9994754647273143, "success_rate": 100.0, "input_tokens": 3948, "output_tokens": 184, "model": "meta-llama/Llama-3.1-8B-Instruct", "input_tokens_per_minute": 714412.3240041869, "output_tokens_per_minute": 33452.11848484065, "Latency": {"unit": "s", "min": 0.6366125789936632, "p50": 3.04115314304363, "p90": 18.513647938962094, "p95": 21.043982932984363, "p99": 23.317319139000023, "max": 25.45837944804225}, "Throughput": {"unit": "tokens/s", "min": 3.9869320378431246, "p50": 62.25450046678831, "p90": 84.77487052154015, "p95": 89.44301932209287, "p99": 94.35297609006919, "max": 95.65405934990856}, "TTFT": {"unit": "s", "min": 0.08278334100032225, "p50": 0.5120697010424919, "p90": 6.453587304044049, "p95": 13.145239659992512, "p99": 17.982123589608793, "max": 22.394496724009514}, "TPOT": {"unit": "ms", "min": 7.448272788943957, "p50": 13.68152582900945, "p90": 59.31555289805805, "p95": 63.457559949797975, "p99": 74.52106675485277, "max": 97.58217101625632}, "Input Tokens per Minute": {"unit": "tokens/min", "min": 714412.3240041869, "p50": 714412.3240041869, "p90": 714412.3240041869, "p95": 714412.3240041869, "p99": 714412.3240041869, "max": 714412.3240041869}, "Output Tokens per Minute": {"unit": "tokens/min", "min": 33452.11848484065, "p50": 33452.11848484065, "p90": 33452.11848484065, "p95": 33452.11848484065, "p99": 33452.11848484065, "max": 33452.11848484065}}
{"target_qps": 3.0, "actual_qps": 2.9965441064579705, "success_rate": 100.0, "input_tokens": 3987, "output_tokens": 177, "model": "meta-llama/Llama-3.1-8B-Instruct", "input_tokens_per_minute": 732821.8416509, "output_tokens_per_minute": 32678.312328959655, "Latency": {"unit": "s", "min": 0.44789658597437665, "p50": 3.0158597189874854, "p90": 17.904522560705672, "p95": 19.760185347512014, "p99": 22.520138065866774, "max": 23.193319228012115}, "Throughput": {"unit": "tokens/s", "min": 3.990844230428601, "p50": 60.74100349245633, "p90": 84.38254620499946, "p95": 92.39134880466099, "p99": 98.31133008477178, "max": 99.36382978862626}, "TTFT": {"unit": "s", "min": 0.04693601204780862, "p50": 0.458545569999842, "p90": 6.054254014207987, "p95": 10.11817688648298, "p99": 15.456561862013162, "max": 17.38446714699967}, "TPOT": {"unit": "ms", "min": 8.69473594477185, "p50": 13.789891841705543,