{"target_qps": 3.5, "actual_qps": 3.429742846615175, "success_rate": 100.0, "input_tokens": 295, "output_tokens": 300, "model": "meta-llama/Llama-3.1-8B-Instruct", "input_tokens_per_minute": 62033.582089552234, "output_tokens_per_minute": 63000.0, "Latency": {"unit": "s", "min": 2.3993332179961726, "p50": 2.6563446070067585, "p90": 3.7713912120088935, "p95": 4.843948460009415, "p99": 14.993922285968438, "max": 17.838044329022523}, "Throughput": {"unit": "tokens/s", "min": 16.81798713281027, "p50": 112.93715401558843, "p90": 119.07671501680773, "p95": 120.41862765149142, "p99": 122.27276637051521, "max": 125.03473788044666}, "TTFT": {"unit": "s", "min": 0.025019249005708843, "p50": 0.11442862899275497, "p90": 0.30165288294665515, "p95": 0.4060319499694742, "p99": 0.5681397349690087, "max": 7.22306251100963}, "TPOT": {"unit": "ms", "min": 7.841212324366709, "p50": 8.415514194051482, "p90": 12.316417424818095, "p95": 15.527215645528619, "p99": 35.50161143148125, "max": 51.98465555518504}, "Input Tokens per Minute": {"unit": "tokens/min", "min": 62033.582089552234, "p50": 62033.582089552234, "p90": 62033.582089552234, "p95": 62033.582089552234, "p99": 62033.582089552234, "max": 62033.582089552234}, "Output Tokens per Minute": {"unit": "tokens/min", "min": 63000.0, "p50": 63000.0, "p90": 63000.0, "p95": 63000.0, "p99": 63000.0, "max": 63000.0}}
{"target_qps": 3.5, "actual_qps": 3.333071979916419, "success_rate": 100.0, "input_tokens": 194, "output_tokens": 296, "model": "meta-llama/Llama-3.1-8B-Instruct", "input_tokens_per_minute": 40930.10526315789, "output_tokens_per_minute": 62287.10526315789, "Latency": {"unit": "s", "min": 0.11239290097728372, "p50": 2.668239601480309, "p90": 4.817128045286517, "p95": 5.882471283941411, "p99": 14.49549633691201, "max": 17.743920281995088}, "Throughput": {"unit": "tokens/s", "min": 16.907199493249113, "p50": 112.29886766312525, "p90": 118.74589901209767, "p95": 120.38386962326196, "p99": 122.76753353658125, "max": 124.48023836402974}, "TTFT": {"unit": "s", "min": 0.023075770994182676, "p50": 0.11801637301687151, "p90": 0.2880351153668018, "p95": 0.3706165843643246, "p99": 1.1899440082814552, "max": 2.567464991007}, "TPOT": {"unit": "ms", "min": 7.826728367847842, "p50": 8.505249464881286, "p90": 15.457950996734938, "p95": 18.092020854071997, "p99": 47.19044707123703, "max": 51.85261094318952}, "Input Tokens per Minute": {"unit": "tokens/min", "min": 40930.10526315789, "p50": 40930.10526315789, "p90": 40930.10526315789, "p95": 40930.10526315789, "p99": 40930.10526315789, "max": 40930.10526315789}, "Output Tokens per Minute": {"unit": "tokens/min", "min": 62287.10526315789, "p50": 62287.10526315789, "p90": 62287.10526315789, "p95": 62287.10526315789, "p99": 62287.10526315789, "max": 62287.10526315789}}
{"target_qps": 3.5, "actual_qps": 3.0797269385437884, "success_rate": 100.0, "input_tokens": 207, "output_tokens": 299, "model": "meta-llama/Llama-3.1-8B-Instruct", "input_tokens_per_minute": 43576.72131147541, "output_tokens_per_minute": 62969.016393442624, "Latency": {"unit": "s", "min": 2.3204228719696403, "p50": 2.6428801649599336, "p90": 9.148405030218434, "p95": 27.341161677864164, "p99": 34.26752661032253, "max": 39.18548726697918}, "Throughput": {"unit": "tokens/s", "min": 7.655895611455212, "p50": 113.51252469842802, "p90": 118.91630729571531, "p95": 120.32446634455013, "p99": 123.5882896377652, "max": 129.28677941592238}, "TTFT": {"unit": "s", "min": 0.025122016959358007, "p50": 0.09715163800865412, "p90": 0.31782668479718273, "p95": 0.4565158770070412, "p99": 1.2208969758625825, "max": 10.893070305988658}, "TPOT": {"unit": "ms", "min": 7.576023180576596, "p50": 8.450613223969388, "p90": 24.68272598123929, "p95": 91.07246805353479, "p99": 113.89899188497674, "max": 118.23204795640729}, "Input Tokens per Minute": {"unit": "tokens/min", "min": 43576.72131147541, "p50": 43576.72131147541, "p90": 43576.72131147541, "p95": 43576.72131147541, "p99": 43576.72131147541, "max": 43576.72131147541}, "Output Tokens per Minute": {"unit": "tokens/min", "min": 62969.016393442624, "p50": 62969.016393442624, "p90": 62969.016393442624, "p95": 62969.016393442624, "p99": 62969.016393442624, "max": 62969.016393442624}}
{"target_qps": 3.5, "actual_qps": 3.1168627481377777, "success_rate": 100.0, "input_tokens": 229, "output_tokens": 298, "model": "meta-llama/Llama-3.1-8B-Instruct", "input_tokens_per_minute": 48102.833333333336, "output_tokens_per_minute": 62650.0, "Latency": {"unit": "s", "min": 1.31604403804522, "p50": 2.6160061474947724, "p90": 5.207198440341735, "p95": 24.696836415943103, "p99": 35.620770612157656, "max": 39.65807439497439}, "Throughput": {"unit": "tokens/s", "min": 7.564663806218918, "p50": 114.58252659624797, "p90": 119.11299794543767, "p95": 120.81702492921718, "p99": 122.81938599079528, "max": 129.6875430606449}, "TTFT": {"unit": "s", "min": 0.02378415403654799, "p50": 0.09004115400603041, "p90": 0.21712221314664912, "p95": 0.34937807866372167, "p99": 3.066862575634752, "max": 10.160154430021066}, "TPOT": {"unit": "ms", "min": 7.649845414659488, "p50": 8.43511209694706, "p90": 16.44024700808248, "p95": 81.3247158570545, "p99": 116.14375607696337, "max": 126.0661530637856}, "Input Tokens per Minute": {"unit": "tokens/min", "min": 48102.833333333336, "p50": 48102.833333333336, "p90": 48102.833333333336, "p95": 48102.833333333336, "p99": 48102.833333333336, "max": 48102.833333333336}, "Output Tokens per Minute": {"unit": "tokens/min", "min": 62650.0, "p50": 62650.0, "p90": 62650.0, "p95": 62650.0, "p99": 62650.0, "max": 62650.0}}
{"target_qps": 3.5, "actual_qps": 3.0289201152984453, "success_rate": 100.0, "input_tokens": 180, "output_tokens": 299, "model": "meta-llama/Llama-3.1-8B-Instruct", "input_tokens_per_minute": 37838.07692307692, "output_tokens_per_minute": 62895.0, "Latency": {"unit": "s", "min": 1.9230685050133616, "p50": 2.597925951995421, "p90": 4.359783383383185, "p95": 4.889162371083511, "p99": 36.85152613107115, "max": 40.438248769030906}, "Throughput": {"unit": "tokens/s", "min": 7.418718889472558, "p50": 115.46703206488155, "p90": 119.34259958740554, "p95": 120.07016537216846, "p99": 120.93778644718273, "max": 122.0337387751139}, "TTFT": {"unit": "s", "min": 0.020443969988264143, "p50": 0.08108241049922071, "p90": 0.15516751158284023, "p95": 0.36394674230832597, "p99": 3.358823611247926, "max": 11.261632933979854}, "TPOT": {"unit": "ms", "min": 8.03956630103209, "p50": 8.384100769169125, "p90": 12.475630682850241, "p95": 15.643463636186661, "p99": 98.03048413970474, "max": 120.95550941805632}, "Input Tokens per Minute": {"unit": "tokens/min", "min": 37838.07692307692, "p50": 37838.07692307692, "p90": 37838.07692307692, "p95": 37838.07692307692, "p99": 37838.07692307692, "max": 37838.07692307692}, "Output Tokens per Minute": {"unit": "tokens/min", "min": 62895.0, "p50": 62895.0, "p90": 62895.0, "p95": 62895.0, "p99": 62895.0, "max": 62895.0}}
{"target_qps": 3.5, "actual_qps": 3.4277860858669573, "success_rate": 100.0, "input_tokens": 274, "output_tokens": 298, "model": "meta-llama/Llama-3.1-8B-Instruct", "input_tokens_per_minute": 57602.18446601942, "output_tokens_per_minute": 62682.961165048546, "Latency": {"unit": "s", "min": 1.6423022479866631, "p50": 2.626997491985094, "p90": 4.626366079522995, "p95": 5.050322243507253, "p99": 30.629738776167443, "max": 43.37924907397246}, "Throughput": {"unit": "tokens/s", "min": 6.915749036790034, "p50": 114.08293049741391, "p90": 118.277960475141, "p95": 119.26744489761352, "p99": 120.59591220585918, "max": 121.32386941846391}, "TTFT": {"unit": "s", "min": 0.020676207961514592, "p50": 0.10601767801563255, "p90": 0.34416899050120264, "p95": 0.5301467504905304, "p99": 7.745834138701264, "max": 10.578440887969919}, "TPOT": {"unit": "ms", "min": 7.866208381401094, "p50": 8.392470112042407, "p90": 15.130354185650177, "p95": 15.366638954055269, "p99": 92.60364721336829, "max": 122.527585702249}, "Input Tokens per Minute": {"unit": "tokens/min",