{"target_qps": 2.5, "actual_qps": 2.498283075900822, "success_rate": 100.0, "input_tokens": 4136, "output_tokens": 179, "model": "meta-llama/Llama-3.1-8B-Instruct", "input_tokens_per_minute": 620439.928057554, "output_tokens_per_minute": 26868.345323741007, "Latency": {"unit": "s", "min": 0.7088132099015638, "p50": 3.189668347942643, "p90": 12.663778728549369, "p95": 17.705365269712637, "p99": 19.07508013187442, "max": 19.32694934308529}, "Throughput": {"unit": "tokens/s", "min": 5.35413545683441, "p50": 55.63929832680787, "p90": 89.03418139570141, "p95": 92.11947287272474, "p99": 98.56305470014647, "max": 102.10523295601165}, "TTFT": {"unit": "s", "min": 0.10546544496901333, "p50": 0.5703519220696762, "p90": 5.0078752258792525, "p95": 8.248246277775609, "p99": 12.690748560696381, "max": 13.252307958086021}, "TPOT": {"unit": "ms", "min": 7.906432547863929, "p50": 13.092602821529027, "p90": 49.094482100335725, "p95": 51.97968126488756, "p99": 52.702324713180175, "max": 59.83001547043815}, "Input Tokens per Minute": {"unit": "tokens/min", "min": 620439.928057554, "p50": 620439.928057554, "p90": 620439.928057554, "p95": 620439.928057554, "p99": 620439.928057554, "max": 620439.928057554}, "Output Tokens per Minute": {"unit": "tokens/min", "min": 26868.345323741007, "p50": 26868.345323741007, "p90": 26868.345323741007, "p95": 26868.345323741007, "p99": 26868.345323741007, "max": 26868.345323741007}}
{"target_qps": 2.5, "actual_qps": 2.4994939977286452, "success_rate": 100.0, "input_tokens": 4160, "output_tokens": 174, "model": "meta-llama/Llama-3.1-8B-Instruct", "input_tokens_per_minute": 624023.9130434783, "output_tokens_per_minute": 26186.95652173913, "Latency": {"unit": "s", "min": 0.545737287029624, "p50": 3.3339839914697222, "p90": 13.455835928651503, "p95": 17.824155504989903, "p99": 18.88971650241292, "max": 19.083441206021234}, "Throughput": {"unit": "tokens/s", "min": 1.4223586766026544, "p50": 31.754401138992584, "p90": 90.12689101771805, "p95": 92.08055702989526, "p99": 103.74398245710913, "max": 104.58638314926311}, "TTFT": {"unit": "s", "min": 0.0622796630486846, "p50": 0.6730871900217608, "p90": 7.258009727194438, "p95": 9.855006445309849, "p99": 13.3058584560093, "max": 14.266018548980355}, "TPOT": {"unit": "ms", "min": 8.314788708903233, "p50": 14.991785389914487, "p90": 50.763820293718645, "p95": 52.25527129336682, "p99": 53.68013342046433, "max": 54.13060425245471}, "Input Tokens per Minute": {"unit": "tokens/min", "min": 624023.9130434783, "p50": 624023.9130434783, "p90": 624023.9130434783, "p95": 624023.9130434783, "p99": 624023.9130434783, "max": 624023.9130434783}, "Output Tokens per Minute": {"unit": "tokens/min", "min": 26186.95652173913, "p50": 26186.95652173913, "p90": 26186.95652173913, "p95": 26186.95652173913, "p99": 26186.95652173913, "max": 26186.95652173913}}
{"target_qps": 2.5, "actual_qps": 2.4994724623445093, "success_rate": 100.0, "input_tokens": 4106, "output_tokens": 173, "model": "meta-llama/Llama-3.1-8B-Instruct", "input_tokens_per_minute": 615960.6164383561, "output_tokens_per_minute": 25986.986301369863, "Latency": {"unit": "s", "min": 0.6154239469906315, "p50": 2.936777460447047, "p90": 12.13361411349615, "p95": 14.007128362543881, "p99": 15.243607122101823, "max": 15.750383742968552}, "Throughput": {"unit": "tokens/s", "min": 3.8390905335969996, "p50": 48.47423983305814, "p90": 92.94678795573162, "p95": 100.2528150867863, "p99": 109.19441595117578, "max": 118.66007088070195}, "TTFT": {"unit": "s", "min": 0.047892768983729184, "p50": 0.46799101849319413, "p90": 3.720071068033576, "p95": 5.18799388356274, "p99": 7.572536260029301, "max": 7.89247752702795}, "TPOT": {"unit": "ms", "min": 8.050301763926393, "p50": 13.832341784250982, "p90": 49.47408045239597, "p95": 53.85743067076257, "p99": 86.43995420840733, "max": 155.09872863832345}, "Input Tokens per Minute": {"unit": "tokens/min", "min": 615960.6164383561, "p50": 615960.6164383561, "p90": 615960.6164383561, "p95": 615960.6164383561, "p99": 615960.6164383561, "max": 615960.6164383561}, "Output Tokens per Minute": {"unit": "tokens/min", "min": 25986.986301369863, "p50": 25986.986301369863, "p90": 25986.986301369863, "p95": 25986.986301369863, "p99": 25986.986301369863, "max": 25986.986301369863}}
{"target_qps": 2.5, "actual_qps": 2.499672847902236, "success_rate": 100.0, "input_tokens": 4121, "output_tokens": 173, "model": "meta-llama/Llama-3.1-8B-Instruct", "input_tokens_per_minute": 618293.9189189189, "output_tokens_per_minute": 25953.04054054054, "Latency": {"unit": "s", "min": 0.33252947905566543, "p50": 3.067934393999167, "p90": 12.788515716907572, "p95": 14.144720119319391, "p99": 15.622930600754916, "max": 16.457375910016708}, "Throughput": {"unit": "tokens/s", "min": 4.819663081859735, "p50": 37.35467130325202, "p90": 92.92203260624804, "p95": 98.40083765564108, "p99": 112.37479108172813, "max": 121.66093081879424}, "TTFT": {"unit": "s", "min": 0.036546484916470945, "p50": 0.5487346819718368, "p90": 4.024059861840217, "p95": 5.267139218671946, "p99": 7.958622772906674, "max": 8.878775893012062}, "TPOT": {"unit": "ms", "min": 7.839149015080465, "p50": 13.835709620473889, "p90": 52.91677878768272, "p95": 56.46286442867674, "p99": 67.15766178753493, "max": 70.60840225312859}, "Input Tokens per Minute": {"unit": "tokens/min", "min": 618293.9189189189, "p50": 618293.9189189189, "p90": 618293.9189189189, "p95": 618293.9189189189, "p99": 618293.9189189189, "max": 618293.9189189189}, "Output Tokens per Minute": {"unit": "tokens/min", "min": 25953.04054054054, "p50": 25953.04054054054, "p90": 25953.04054054054, "p95": 25953.04054054054, "p99": 25953.04054054054, "max": 25953.04054054054}}
{"target_qps": 2.5, "actual_qps": 2.498654466074662, "success_rate": 100.0, "input_tokens": 4417, "output_tokens": 175, "model": "meta-llama/Llama-3.1-8B-Instruct", "input_tokens_per_minute": 662620.7746478873, "output_tokens_per_minute": 26326.05633802817, "Latency": {"unit": "s", "min": 0.36213915899861604, "p50": 3.4597059685038403, "p90": 12.739782754506452, "p95": 14.281972796056646, "p99": 15.086753742737928, "max": 15.431662269984372}, "Throughput": {"unit": "tokens/s", "min": 2.1999555145253913, "p50": 45.19411701041098, "p90": 91.39602887520078, "p95": 103.24403602942263, "p99": 108.32341756749877, "max": 113.58695744097145}, "TTFT": {"unit": "s", "min": 0.03756681503728032, "p50": 0.5409855915349908, "p90": 3.2947625633329167, "p95": 6.036937369132643, "p99": 8.38413645929657, "max": 10.925229387008585}, "TPOT": {"unit": "ms", "min": 7.678996025111958, "p50": 15.219415826467529, "p90": 49.14536615933091, "p95": 53.27356753647959, "p99": 62.10252390850344, "max": 62.23973887446032}, "Input Tokens per Minute": {"unit": "tokens/min", "min": 662620.7746478873, "p50": 662620.7746478873, "p90": 662620.7746478873, "p95": 662620.7746478873, "p99": 662620.7746478873, "max": 662620.7746478873}, "Output Tokens per Minute": {"unit": "tokens/min", "min": 26326.05633802817, "p50": 26326.05633802817, "p90": 26326.05633802817, "p95": 26326.05633802817, "p99": 26326.05633802817, "max": 26326.05633802817}}
{"target_qps": 2.5, "actual_qps": 2.4993556249595836, "success_rate": 100.0, "input_tokens": 4426, "output_tokens": 170, "model": "meta-llama/Llama-3.1-8B-Instruct", "input_tokens_per_minute": 664041.6666666667, "output_tokens_per_minute": 25504.166666666668, "Latency": {"unit": "s", "min": 0.3997104010777548, "p50": 3.4034090649802238, "p90": 12.438967582804624, "p95": 13.85307141546509, "p99": 15.083433933453628, "max": 15.423231323016807}, "Throughput": {"unit": "tokens/s", "min": 2.106514115615447, "p50": 31.14764004785968, "p90": 90.75145774697774, "p95": 104.35177041344276, "p99": 108.99161788033966, "max": 114.84215022685835}, "TTFT": {"unit": "s", "min": 0.05661851400509477, "p50": 0.5942711995448917, "p90": 3.4113290253793864, "p95": 6.259664698864797, "p99": 9.822381810870702, "max": 11.296684997039847}, "TPOT": {"unit": "ms", "min": 7.713994060423056,