{"target_qps": 3.5, "actual_qps": 3.122103567745487, "success_rate": 100.0, "input_tokens": 365, "output_tokens": 299, "model": "meta-llama/Llama-3.1-8B-Instruct", "input_tokens_per_minute": 76822.4074074074, "output_tokens_per_minute": 62915.74074074074, "Latency": {"unit": "s", "min": 2.3914059300441295, "p50": 2.720932887023082, "p90": 17.21394069910166, "p95": 19.098920871136944, "p99": 24.41653440814404, "max": 25.86321418901207}, "Throughput": {"unit": "tokens/s", "min": 11.599486351833809, "p50": 110.25658532035985, "p90": 117.66891088191531, "p95": 120.11448654119917, "p99": 123.99846608494933, "max": 125.449216392327}, "TTFT": {"unit": "s", "min": 0.02114601095672697, "p50": 0.13956165753188543, "p90": 0.7752899760962464, "p95": 2.9898944319836995, "p99": 9.542221586743835, "max": 10.452216164965648}, "TPOT": {"unit": "ms", "min": 7.786230127098207, "p50": 8.608850796008483, "p90": 44.27222437355715, "p95": 57.043543406289125, "p99": 70.74249042879019, "max": 86.16025489307223}, "Input Tokens per Minute": {"unit": "tokens/min", "min": 76822.4074074074, "p50": 76822.4074074074, "p90": 76822.4074074074, "p95": 76822.4074074074, "p99": 76822.4074074074, "max": 76822.4074074074}, "Output Tokens per Minute": {"unit": "tokens/min", "min": 62915.74074074074, "p50": 62915.74074074074, "p90": 62915.74074074074, "p95": 62915.74074074074, "p99": 62915.74074074074, "max": 62915.74074074074}}
{"target_qps": 3.5, "actual_qps": 2.9728230158625073, "success_rate": 100.0, "input_tokens": 213, "output_tokens": 298, "model": "meta-llama/Llama-3.1-8B-Instruct", "input_tokens_per_minute": 44936.03773584906, "output_tokens_per_minute": 62622.264150943396, "Latency": {"unit": "s", "min": 1.1948976559797302, "p50": 2.739913086988963, "p90": 17.221401824208446, "p95": 18.73272539550089, "p99": 23.4858323313249, "max": 25.417551163001917}, "Throughput": {"unit": "tokens/s", "min": 11.802867950421733, "p50": 108.98412996637077, "p90": 117.30867949357047, "p95": 118.66734666613252, "p99": 121.04940754767442, "max": 122.28891647800315}, "TTFT": {"unit": "s", "min": 0.026126526994630694, "p50": 0.13835961796576157, "p90": 0.5180044683977031, "p95": 0.942551423195982, "p99": 7.800651877564345, "max": 10.420994144049473}, "TPOT": {"unit": "ms", "min": 7.502059147180834, "p50": 8.6391653645983, "p90": 50.51432046350132, "p95": 59.13912975891216, "p99": 71.15511501895922, "max": 81.7769960802824}, "Input Tokens per Minute": {"unit": "tokens/min", "min": 44936.03773584906, "p50": 44936.03773584906, "p90": 44936.03773584906, "p95": 44936.03773584906, "p99": 44936.03773584906, "max": 44936.03773584906}, "Output Tokens per Minute": {"unit": "tokens/min", "min": 62622.264150943396, "p50": 62622.264150943396, "p90": 62622.264150943396, "p95": 62622.264150943396, "p99": 62622.264150943396, "max": 62622.264150943396}}
{"target_qps": 3.5, "actual_qps": 3.133181863311382, "success_rate": 100.0, "input_tokens": 179, "output_tokens": 297, "model": "meta-llama/Llama-3.1-8B-Instruct", "input_tokens_per_minute": 37608.0, "output_tokens_per_minute": 62494.799999999996, "Latency": {"unit": "s", "min": 0.753757854050491, "p50": 2.650367504975293, "p90": 22.790622157789763, "p95": 25.22033333501312, "p99": 32.901593598949255, "max": 34.99552330101142}, "Throughput": {"unit": "tokens/s", "min": 8.572525046120102, "p50": 113.1590141664589, "p90": 119.95308991709754, "p95": 121.123169168013, "p99": 122.90563749023627, "max": 124.5298135097638}, "TTFT": {"unit": "s", "min": 0.021608275012113154, "p50": 0.11834167496999726, "p90": 0.4919465839746404, "p95": 1.481647839280767, "p99": 9.053950920170154, "max": 12.360326484020334}, "TPOT": {"unit": "ms", "min": 7.806770153885651, "p50": 8.51243135443792, "p90": 70.49034201146033, "p95": 79.22415310967816, "p99": 107.73269096233284, "max": 115.78115941797006}, "Input Tokens per Minute": {"unit": "tokens/min", "min": 37608.0, "p50": 37608.0, "p90": 37608.0, "p95": 37608.0, "p99": 37608.0, "max": 37608.0}, "Output Tokens per Minute": {"unit": "tokens/min", "min": 62494.799999999996, "p50": 62494.799999999996, "p90": 62494.799999999996, "p95": 62494.799999999996, "p99": 62494.799999999996, "max": 62494.799999999996}}
{"target_qps": 3.5, "actual_qps": 3.1477407353653466, "success_rate": 100.0, "input_tokens": 366, "output_tokens": 298, "model": "meta-llama/Llama-3.1-8B-Instruct", "input_tokens_per_minute": 76867.94594594595, "output_tokens_per_minute": 62677.62162162162, "Latency": {"unit": "s", "min": 2.42624009802239, "p50": 2.712435216002632, "p90": 23.298204956413247, "p95": 27.45463719476247, "p99": 33.24616329056909, "max": 36.8854592370335}, "Throughput": {"unit": "tokens/s", "min": 1.1363993572365663, "p50": 110.60171989733851, "p90": 118.89924742204857, "p95": 121.11989308121221, "p99": 122.770403703315, "max": 123.6481089586013}, "TTFT": {"unit": "s", "min": 0.019450024992693216, "p50": 0.14681223197840154, "p90": 1.0375541703891937, "p95": 3.306238308397586, "p99": 11.168902569850905, "max": 12.7990014970419}, "TPOT": {"unit": "ms", "min": 7.826493969880182, "p50": 8.554582257465425, "p90": 72.21763460331574, "p95": 86.05322372978145, "p99": 110.02208557447108, "max": 714.4565775330799}, "Input Tokens per Minute": {"unit": "tokens/min", "min": 76867.94594594595, "p50": 76867.94594594595, "p90": 76867.94594594595, "p95": 76867.94594594595, "p99": 76867.94594594595, "max": 76867.94594594595}, "Output Tokens per Minute": {"unit": "tokens/min", "min": 62677.62162162162, "p50": 62677.62162162162, "p90": 62677.62162162162, "p95": 62677.62162162162, "p99": 62677.62162162162, "max": 62677.62162162162}}
{"target_qps": 3.5, "actual_qps": 3.3808317600956013, "success_rate": 100.0, "input_tokens": 278, "output_tokens": 300, "model": "meta-llama/Llama-3.1-8B-Instruct", "input_tokens_per_minute": 59712.44941926498, "output_tokens_per_minute": 64434.675898292626, "Latency": {"unit": "s", "min": 2.4611000540317036, "p50": 2.6996845150133595, "p90": 31.106601891980972, "p95": 37.498807606243645, "p99": 45.4317854174238, "max": 49.25482942996314}, "Throughput": {"unit": "tokens/s", "min": 6.090773300242135, "p50": 111.12409811241317, "p90": 118.29981525189812, "p95": 120.1318910894694, "p99": 121.80721526812653, "max": 121.89671017582101}, "TTFT": {"unit": "s", "min": 0.017557937011588365, "p50": 0.1429894329921808, "p90": 2.614483961951919, "p95": 3.484883021505084, "p99": 8.883220361199346, "max": 16.236449735006317}, "TPOT": {"unit": "ms", "min": 7.4217022140821856, "p50": 8.606017428122454, "p90": 99.45748032446028, "p95": 114.83862736371593, "p99": 130.9762231631237, "max": 142.76070951836115}, "Input Tokens per Minute": {"unit": "tokens/min", "min": 59712.44941926498, "p50": 59712.44941926498, "p90": 59712.44941926498, "p95": 59712.44941926498, "p99": 59712.44941926498, "max": 59712.44941926498}, "Output Tokens per Minute": {"unit": "tokens/min", "min": 64434.675898292626, "p50": 64434.675898292626, "p90": 64434.675898292626, "p95": 64434.675898292626, "p99": 64434.675898292626, "max": 64434.675898292626}}
{"target_qps": 3.5, "actual_qps": 3.20313131782614, "success_rate": 100.0, "input_tokens": 196, "output_tokens": 299, "model": "meta-llama/Llama-3.1-8B-Instruct", "input_tokens_per_minute": 41358.27411167513, "output_tokens_per_minute": 62930.710659898476, "Latency": {"unit": "s", "min": 2.414021953998599, "p50": 2.6510604079812765, "p90": 28.7602749227779, "p95": 36.585745806596236, "p99": 43.51122711052651, "max": 52.28419885202311}, "Throughput": {"unit": "tokens/s", "min": 5.73787122279663, "p50": 113.16226484195558, "p90": 120.05797096665086, "p95": 121.22710665366621, "p99": 122.57769979863681, "max": 124.2739319346613}, "TTFT": {"unit": "s", "min": 0.02193929103668779, "p50": 0.13005159399472177, "p90": 2.717882141598966, "p95": 3.0091144980164204, "p99": 11.129427765128154, "max": 19.78532460704446}, "TPOT": {"unit": "ms", "min": 7.938646933143293, "p50": 8.49436441152964, "p90": 89.14615514386063, "p95": 109.80239775449182,