{"target_qps": 6.0, "actual_qps": 4.794027960868832, "success_rate": 100.0, "input_tokens": 250, "output_tokens": 298, "model": "meta-llama/Llama-3.1-8B-Instruct", "input_tokens_per_minute": 90036.138996139, "output_tokens_per_minute": 107619.15057915058, "Latency": {"unit": "s", "min": 1.614548510988243, "p50": 2.774797913036309, "p90": 16.72858812219929, "p95": 18.26175143365981, "p99": 21.153066371439486, "max": 21.64803535991814}, "Throughput": {"unit": "tokens/s", "min": 13.858070490565497, "p50": 107.95428216607247, "p90": 115.38716665347586, "p95": 116.86903748559874, "p99": 118.31525020800484, "max": 119.96457992970815}, "TTFT": {"unit": "s", "min": 0.031205330975353718, "p50": 0.16096625791396946, "p90": 0.8019174735527491, "p95": 1.1685864980565384, "p99": 10.257628166663913, "max": 12.641970116994344}, "TPOT": {"unit": "ms", "min": 7.819989892766253, "p50": 8.732908086876158, "p90": 52.37149758658444, "p95": 57.052622889332085, "p99": 64.40700090031628, "max": 67.40065038135667}, "Input Tokens per Minute": {"unit": "tokens/min", "min": 90036.138996139, "p50": 90036.138996139, "p90": 90036.138996139, "p95": 90036.138996139, "p99": 90036.138996139, "max": 90036.138996139}, "Output Tokens per Minute": {"unit": "tokens/min", "min": 107619.15057915058, "p50": 107619.15057915058, "p90": 107619.15057915058, "p95": 107619.15057915058, "p99": 107619.15057915058, "max": 107619.15057915058}}
{"target_qps": 6.0, "actual_qps": 5.126705690736666, "success_rate": 100.0, "input_tokens": 139, "output_tokens": 299, "model": "meta-llama/Llama-3.1-8B-Instruct", "input_tokens_per_minute": 50177.3851590106, "output_tokens_per_minute": 107848.62190812721, "Latency": {"unit": "s", "min": 2.4758439260767773, "p50": 2.7858993150293827, "p90": 16.764115501963534, "p95": 18.84240487830247, "p99": 20.913680864190685, "max": 22.232952828984708}, "Throughput": {"unit": "tokens/s", "min": 13.493484302674151, "p50": 107.68515516033139, "p90": 114.60201186434803, "p95": 116.3750035531908, "p99": 118.5966783245669, "max": 121.17080436301171}, "TTFT": {"unit": "s", "min": 0.04158351803198457, "p50": 0.18535919394344091, "p90": 0.7369338015792896, "p95": 1.204574981378389, "p99": 10.063512719331776, "max": 14.716145397978835}, "TPOT": {"unit": "ms", "min": 8.08754362544375, "p50": 8.66785912033183, "p90": 49.946874680844786, "p95": 57.49866832954881, "p99": 64.75977575489755, "max": 67.24125524105996}, "Input Tokens per Minute": {"unit": "tokens/min", "min": 50177.3851590106, "p50": 50177.3851590106, "p90": 50177.3851590106, "p95": 50177.3851590106, "p99": 50177.3851590106, "max": 50177.3851590106}, "Output Tokens per Minute": {"unit": "tokens/min", "min": 107848.62190812721, "p50": 107848.62190812721, "p90": 107848.62190812721, "p95": 107848.62190812721, "p99": 107848.62190812721, "max": 107848.62190812721}}
{"target_qps": 6.0, "actual_qps": 4.77876122160409, "success_rate": 100.0, "input_tokens": 254, "output_tokens": 299, "model": "meta-llama/Llama-3.1-8B-Instruct", "input_tokens_per_minute": 91611.25, "output_tokens_per_minute": 107882.5, "Latency": {"unit": "s", "min": 2.450159705011174, "p50": 2.8276891249697655, "p90": 17.118493691063488, "p95": 29.804742455860826, "p99": 35.08150244937977, "max": 36.16519203002099}, "Throughput": {"unit": "tokens/s", "min": 8.295269101598238, "p50": 105.94449957430669, "p90": 114.37173525540003, "p95": 115.71374044836448, "p99": 118.90014145046108, "max": 120.67756849338664}, "TTFT": {"unit": "s", "min": 0.02198242105077952, "p50": 0.16241531091509387, "p90": 0.5651609019609168, "p95": 0.9090126176073671, "p99": 9.201691705845287, "max": 19.504243639996275}, "TPOT": {"unit": "ms", "min": 7.671531351333029, "p50": 8.923718776050832, "p90": 52.66384221508286, "p95": 86.36932932013673, "p99": 112.45372330234153, "max": 114.53299158187365}, "Input Tokens per Minute": {"unit": "tokens/min", "min": 91611.25, "p50": 91611.25, "p90": 91611.25, "p95": 91611.25, "p99": 91611.25, "max": 91611.25}, "Output Tokens per Minute": {"unit": "tokens/min", "min": 107882.5, "p50": 107882.5, "p90": 107882.5, "p95": 107882.5, "p99": 107882.5, "max": 107882.5}}
{"target_qps": 6.0, "actual_qps": 4.796990466037434, "success_rate": 100.0, "input_tokens": 224, "output_tokens": 298, "model": "meta-llama/Llama-3.1-8B-Instruct", "input_tokens_per_minute": 80792.05776173285, "output_tokens_per_minute": 107576.31768953068, "Latency": {"unit": "s", "min": 0.787260201992467, "p50": 2.826061472063884, "p90": 14.264592332788744, "p95": 24.2150981562212, "p99": 32.31963865709493, "max": 34.54398573003709}, "Throughput": {"unit": "tokens/s", "min": 8.6845797802406, "p50": 106.02190308774294, "p90": 114.41974425423408, "p95": 116.68340030789254, "p99": 118.91847989220108, "max": 119.87270410461501}, "TTFT": {"unit": "s", "min": 0.04984299500938505, "p50": 0.15667967090848833, "p90": 0.6005895919399337, "p95": 1.0921100785722921, "p99": 9.627265478037298, "max": 17.304742989945225}, "TPOT": {"unit": "ms", "min": 8.044244368003065, "p50": 8.902126906461465, "p90": 44.77359408109347, "p95": 71.86887827187925, "p99": 98.30516036268149, "max": 112.61807542830007}, "Input Tokens per Minute": {"unit": "tokens/min", "min": 80792.05776173285, "p50": 80792.05776173285, "p90": 80792.05776173285, "p95": 80792.05776173285, "p99": 80792.05776173285, "max": 80792.05776173285}, "Output Tokens per Minute": {"unit": "tokens/min", "min": 107576.31768953068, "p50": 107576.31768953068, "p90": 107576.31768953068, "p95": 107576.31768953068, "p99": 107576.31768953068, "max": 107576.31768953068}}
{"target_qps": 6.0, "actual_qps": 4.777624493212307, "success_rate": 100.0, "input_tokens": 246, "output_tokens": 299, "model": "meta-llama/Llama-3.1-8B-Instruct", "input_tokens_per_minute": 88848.24324324324, "output_tokens_per_minute": 107787.16216216216, "Latency": {"unit": "s", "min": 2.1804350869497284, "p50": 2.811695183510892, "p90": 23.137543723511044, "p95": 32.61369699329953, "p99": 35.39457275360474, "max": 37.65294947999064}, "Throughput": {"unit": "tokens/s", "min": 7.967503320275737, "p50": 106.63122698842622, "p90": 114.82982398316247, "p95": 117.72246955393229, "p99": 120.12154599164043, "max": 121.74489551799351}, "TTFT": {"unit": "s", "min": 0.025547008961439133, "p50": 0.16112239548237994, "p90": 0.7271822955226526, "p95": 1.729228566720849, "p99": 17.597993080288965, "max": 31.05397301807534}, "TPOT": {"unit": "ms", "min": 7.969760805925971, "p50": 8.848807091955532, "p90": 58.325690578631935, "p95": 98.724910245942, "p99": 109.34239914333197, "max": 116.05083856211483}, "Input Tokens per Minute": {"unit": "tokens/min", "min": 88848.24324324324, "p50": 88848.24324324324, "p90": 88848.24324324324, "p95": 88848.24324324324, "p99": 88848.24324324324, "max": 88848.24324324324}, "Output Tokens per Minute": {"unit": "tokens/min", "min": 107787.16216216216, "p50": 107787.16216216216, "p90": 107787.16216216216, "p95": 107787.16216216216, "p99": 107787.16216216216, "max": 107787.16216216216}}
{"target_qps": 6.0, "actual_qps": 4.632420082368162, "success_rate": 100.0, "input_tokens": 273, "output_tokens": 298, "model": "meta-llama/Llama-3.1-8B-Instruct", "input_tokens_per_minute": 98454.62686567164, "output_tokens_per_minute": 107631.94029850746, "Latency": {"unit": "s", "min": 1.324601518921554, "p50": 2.8058626074925996, "p90": 23.7197851412464, "p95": 32.53338263358455, "p99": 34.952761883020855, "max": 38.28805111604743}, "Throughput": {"unit": "tokens/s", "min": 7.835342652743767, "p50": 106.84900404488862, "p90": 115.17253898240187, "p95": 117.13735633973452, "p99": 119.77742427695806, "max": 120.56052909857071}, "TTFT": {"unit": "s", "min": 0.024867794010788202, "p50": 0.15300681994995102, "p90": 0.7018282988457945, "p95": 1.1993139040365346, "p99": 13.203241625976489, "max": 32.43140831205528}, "TPOT": {"unit": "ms", "min": 7.970854518530161, "p50": 8.87927966387818, "p90": 68.8276820454395, "p95": 98.61017543912853, "p99": 111.16428452929367, "max": 120.39737566880396},