{"actual_qps": 3.7160292416540885, "success_rate": 100.0, "input_tokens": 4021, "output_tokens": 181, "model": "meta-llama/Llama-3.1-8B-Instruct", "input_tokens_per_minute": 860554.7338990022, "output_tokens_per_minute": 38829.187692033745, "Latency": {"unit": "s", "min": 0.6186525500379503, "p50": 2.897137851919979, "p90": 6.85825736138504, "p95": 7.709311453951521, "p99": 8.346700954905243, "max": 9.718273216974922}, "Throughput": {"unit": "tokens/s", "min": 5.206328789301098, "p50": 59.925823265100966, "p90": 99.3842232448094, "p95": 102.96209542127046, "p99": 111.81599866828816, "max": 117.09141919215416}, "TTFT": {"unit": "s", "min": 0.06428692699410021, "p50": 0.7174408870050684, "p90": 2.4782762757968153, "p95": 3.1363103065290483, "p99": 3.9720040387730045, "max": 5.637308144010603}, "TPOT": {"unit": "ms", "min": 7.5215900605825246, "p50": 13.16380322133963, "p90": 25.078178792092107, "p95": 26.958794680999674, "p99": 29.719270399266186, "max": 41.70678725252704}, "Input Tokens per Minute": {"unit": "tokens/min", "min": 860554.7338990022, "p50": 860554.7338990022, "p90": 860554.7338990022, "p95": 860554.7338990022, "p99": 860554.7338990022, "max": 860554.7338990022}, "Output Tokens per Minute": {"unit": "tokens/min", "min": 38829.187692033745, "p50": 38829.187692033745, "p90": 38829.187692033745, "p95": 38829.187692033745, "p99": 38829.187692033745, "max": 38829.187692033745}}
{"actual_qps": 3.3321054027291757, "success_rate": 100.0, "input_tokens": 4152, "output_tokens": 184, "model": "meta-llama/Llama-3.1-8B-Instruct", "input_tokens_per_minute": 776999.81640041, "output_tokens_per_minute": 34445.60034018251, "Latency": {"unit": "s", "min": 0.3526387360179797, "p50": 3.112199372088071, "p90": 7.640330910659396, "p95": 8.528060911293142, "p99": 11.024297621708827, "max": 12.080579019966535}, "Throughput": {"unit": "tokens/s", "min": 11.773177830531193, "p50": 49.531531592338865, "p90": 102.07546150635427, "p95": 107.12693361060833, "p99": 115.90863891528089, "max": 122.26979562210332}, "TTFT": {"unit": "s", "min": 0.056749942945316434, "p50": 0.6780140360933729, "p90": 2.3532761064823724, "p95": 3.1680487522506158, "p99": 5.594431607261066, "max": 6.782496977015398}, "TPOT": {"unit": "ms", "min": 7.604798849615919, "p50": 14.396044913196356, "p90": 28.693502582902155, "p95": 32.816793439013594, "p99": 35.144680757031765, "max": 40.39111734806176}, "Input Tokens per Minute": {"unit": "tokens/min", "min": 776999.81640041, "p50": 776999.81640041, "p90": 776999.81640041, "p95": 776999.81640041, "p99": 776999.81640041, "max": 776999.81640041}, "Output Tokens per Minute": {"unit": "tokens/min", "min": 34445.60034018251, "p50": 34445.60034018251, "p90": 34445.60034018251, "p95": 34445.60034018251, "p99": 34445.60034018251, "max": 34445.60034018251}}
{"actual_qps": 3.3858267829512316, "success_rate": 100.0, "input_tokens": 4191, "output_tokens": 178, "model": "meta-llama/Llama-3.1-8B-Instruct", "input_tokens_per_minute": 879971.5439936208, "output_tokens_per_minute": 37448.21159852146, "Latency": {"unit": "s", "min": 0.4827701640315354, "p50": 2.593140408047475, "p90": 7.266456222673878, "p95": 8.257132561597972, "p99": 9.09425560330041, "max": 9.69537632202264}, "Throughput": {"unit": "tokens/s", "min": 6.000809341942999, "p50": 65.5977139801841, "p90": 101.17604491595738, "p95": 106.0827378765337, "p99": 113.69046486970846, "max": 117.9146629555564}, "TTFT": {"unit": "s", "min": 0.07662757998332381, "p50": 0.5887349130352959, "p90": 2.3197344991844147, "p95": 3.4651299546705556, "p99": 4.589763669609094, "max": 6.559805692057125}, "TPOT": {"unit": "ms", "min": 7.68246976227534, "p50": 11.36557635816809, "p90": 25.135277485446863, "p95": 26.751625875301247, "p99": 30.75213857185271, "max": 35.4572993864377}, "Input Tokens per Minute": {"unit": "tokens/min", "min": 879971.5439936208, "p50": 879971.5439936208, "p90": 879971.5439936208, "p95": 879971.5439936208, "p99": 879971.5439936208, "max": 879971.5439936208}, "Output Tokens per Minute": {"unit": "tokens/min", "min": 37448.21159852146, "p50": 37448.21159852146, "p90": 37448.21159852146, "p95": 37448.21159852146, "p99": 37448.21159852146, "max": 37448.21159852146}}
{"actual_qps": 3.425323498506362, "success_rate": 100.0, "input_tokens": 4329, "output_tokens": 172, "model": "meta-llama/Llama-3.1-8B-Instruct", "input_tokens_per_minute": 896307.6745318201, "output_tokens_per_minute": 35757.232965207535, "Latency": {"unit": "s", "min": 0.3320682659978047, "p50": 3.3304529599263333, "p90": 7.166231264988893, "p95": 8.355068154254695, "p99": 9.655706916673807, "max": 10.153756785904989}, "Throughput": {"unit": "tokens/s", "min": 3.2256551464549923, "p50": 39.683316113570584, "p90": 95.76087069290156, "p95": 102.92033780402629, "p99": 113.75532137451088, "max": 114.82208267628597}, "TTFT": {"unit": "s", "min": 0.07064167899079621, "p50": 0.8572935445117764, "p90": 2.8016327071934946, "p95": 3.516942745872074, "p99": 4.827453948555049, "max": 5.960586893954314}, "TPOT": {"unit": "ms", "min": 7.5803717438028615, "p50": 17.84898246984798, "p90": 27.12150834986397, "p95": 30.660499025018773, "p99": 40.45941073034493, "max": 41.58418919260223}, "Input Tokens per Minute": {"unit": "tokens/min", "min": 896307.6745318201, "p50": 896307.6745318201, "p90": 896307.6745318201, "p95": 896307.6745318201, "p99": 896307.6745318201, "max": 896307.6745318201}, "Output Tokens per Minute": {"unit": "tokens/min", "min": 35757.232965207535, "p50": 35757.232965207535, "p90": 35757.232965207535, "p95": 35757.232965207535, "p99": 35757.232965207535, "max": 35757.232965207535}}
{"actual_qps": 3.3479196286749406, "success_rate": 100.0, "input_tokens": 4086, "output_tokens": 175, "model": "meta-llama/Llama-3.1-8B-Instruct", "input_tokens_per_minute": 806525.2220387618, "output_tokens_per_minute": 34702.789767088434, "Latency": {"unit": "s", "min": 0.427959460997954, "p50": 2.695240029017441, "p90": 6.325289227417671, "p95": 7.422550675191447, "p99": 8.73316751913284, "max": 10.182826051022857}, "Throughput": {"unit": "tokens/s", "min": 4.676350566031597, "p50": 54.168199673853096, "p90": 102.0540076238097, "p95": 108.25688280493301, "p99": 114.37005707538519, "max": 116.63568411537841}, "TTFT": {"unit": "s", "min": 0.028151292935945094, "p50": 0.5638423239579424, "p90": 2.0348250801907857, "p95": 2.9575257507676715, "p99": 4.1265451656864025, "max": 5.562955957022496}, "TPOT": {"unit": "ms", "min": 7.481593321587647, "p50": 14.261266809926234, "p90": 24.4534921225736, "p95": 25.300984912506312, "p99": 30.792658193751787, "max": 43.894669811596124}, "Input Tokens per Minute": {"unit": "tokens/min", "min": 806525.2220387618, "p50": 806525.2220387618, "p90": 806525.2220387618, "p95": 806525.2220387618, "p99": 806525.2220387618, "max": 806525.2220387618}, "Output Tokens per Minute": {"unit": "tokens/min", "min": 34702.789767088434, "p50": 34702.789767088434, "p90": 34702.789767088434, "p95": 34702.789767088434, "p99": 34702.789767088434, "max": 34702.789767088434}}
{"actual_qps": 3.6166659235042276, "success_rate": 100.0, "input_tokens": 4237, "output_tokens": 169, "model": "meta-llama/Llama-3.1-8B-Instruct", "input_tokens_per_minute": 877141.9601821544, "output_tokens_per_minute": 35177.77289578245, "Latency": {"unit": "s", "min": 0.34900069795548916, "p50": 2.6144308029906824, "p90": 7.610783211886884, "p95": 8.28767609411734, "p99": 9.562591661091428, "max": 10.6035634460859}, "Throughput": {"unit": "tokens/s", "min": 6.536979481897241, "p50": 49.87024090366356, "p90": 103.16238138750165, "p95": 106.72410258845323, "p99": 120.27630553230122, "max": 124.93101566751342}, "TTFT": {"unit": "s", "min": 0.026135572930797935, "p50": 0.4620764084975235, "p90": 2.3360203191288758, "p95": 3.6406173656228926, "p99": 5.132364360134817, "max": 5.305419274955057}, "TPOT": {"unit": "ms", "min": 7.55430181905265, "p50": 14.582512477690779, "p90": 26.455185640996426, "p95": 29.465211240276435, "p99": 33.25199560103962, "max": 43.63985177503348},