{"target_qps": 4.5, "actual_qps": 4.497820105846019, "success_rate": 100.0, "input_tokens": 4137, "output_tokens": 174, "model": "meta-llama/Llama-3.1-8B-Instruct", "input_tokens_per_minute": 1117180.0, "output_tokens_per_minute": 47221.11111111111, "Latency": {"unit": "s", "min": 0.548426209948957, "p50": 3.5794657859951258, "p90": 10.058449256047608, "p95": 13.90924155807588, "p99": 19.299350196134764, "max": 19.605382121982984}, "Throughput": {"unit": "tokens/s", "min": 2.500118701690049, "p50": 52.971520881112454, "p90": 67.05004628542139, "p95": 70.57462934633364, "p99": 74.75066909092179, "max": 78.38510511189884}, "TTFT": {"unit": "s", "min": 0.06007878400851041, "p50": 0.5861453249817714, "p90": 2.9742861705599384, "p95": 6.2357533786562245, "p99": 7.609320926915385, "max": 8.828678397927433}, "TPOT": {"unit": "ms", "min": 11.586448162415763, "p50": 15.803052773511965, "p90": 40.896480130266475, "p95": 43.14649521288972, "p99": 62.417508716105324, "max": 119.23282515579977}, "Input Tokens per Minute": {"unit": "tokens/min", "min": 1117180.0, "p50": 1117180.0, "p90": 1117180.0, "p95": 1117180.0, "p99": 1117180.0, "max": 1117180.0}, "Output Tokens per Minute": {"unit": "tokens/min", "min": 47221.11111111111, "p50": 47221.11111111111, "p90": 47221.11111111111, "p95": 47221.11111111111, "p99": 47221.11111111111, "max": 47221.11111111111}}
{"target_qps": 4.5, "actual_qps": 4.498046554686714, "success_rate": 100.0, "input_tokens": 4118, "output_tokens": 172, "model": "meta-llama/Llama-3.1-8B-Instruct", "input_tokens_per_minute": 1112097.0731707318, "output_tokens_per_minute": 46570.60975609756, "Latency": {"unit": "s", "min": 0.5801138000097126, "p50": 3.5393859334872104, "p90": 10.559262824477628, "p95": 14.24765272877994, "p99": 17.653522876510408, "max": 18.959479101002216}, "Throughput": {"unit": "tokens/s", "min": 3.7848727405452145, "p50": 52.31867428780728, "p90": 67.45414604757016, "p95": 70.70993265430366, "p99": 73.92817089158518, "max": 77.52573575122743}, "TTFT": {"unit": "s", "min": 0.07864156202413142, "p50": 0.5925495039555244, "p90": 3.01552197401179, "p95": 4.7040459548006766, "p99": 6.905665753403447, "max": 7.114802032941952}, "TPOT": {"unit": "ms", "min": 11.276662041917954, "p50": 16.043311170707153, "p90": 42.73584464085978, "p95": 51.618752252218286, "p99": 62.75622627195368, "max": 64.72616652616409}, "Input Tokens per Minute": {"unit": "tokens/min", "min": 1112097.0731707318, "p50": 1112097.0731707318, "p90": 1112097.0731707318, "p95": 1112097.0731707318, "p99": 1112097.0731707318, "max": 1112097.0731707318}, "Output Tokens per Minute": {"unit": "tokens/min", "min": 46570.60975609756, "p50": 46570.60975609756, "p90": 46570.60975609756, "p95": 46570.60975609756, "p99": 46570.60975609756, "max": 46570.60975609756}}
{"target_qps": 4.5, "actual_qps": 4.49907309428734, "success_rate": 100.0, "input_tokens": 4235, "output_tokens": 178, "model": "meta-llama/Llama-3.1-8B-Instruct", "input_tokens_per_minute": 1143624.9438202246, "output_tokens_per_minute": 48225.84269662921, "Latency": {"unit": "s", "min": 0.5218412270769477, "p50": 3.565586908021942, "p90": 13.242018777830527, "p95": 14.973948292061685, "p99": 16.712050366040774, "max": 18.053718411014415}, "Throughput": {"unit": "tokens/s", "min": 2.2431806650297577, "p50": 49.94888112918745, "p90": 70.9051086742838, "p95": 74.66293191030542, "p99": 79.65278357600326, "max": 83.32843133127322}, "TTFT": {"unit": "s", "min": 0.05374640703666955, "p50": 0.5719780690269545, "p90": 2.789478685380891, "p95": 3.776575739576946, "p99": 4.817560398941859, "max": 6.264150473056361}, "TPOT": {"unit": "ms", "min": 11.369571829186611, "p50": 16.040443160791117, "p90": 55.98292759182072, "p95": 64.23889661150676, "p99": 94.33437544683646, "max": 407.79252144663286}, "Input Tokens per Minute": {"unit": "tokens/min", "min": 1143624.9438202246, "p50": 1143624.9438202246, "p90": 1143624.9438202246, "p95": 1143624.9438202246, "p99": 1143624.9438202246, "max": 1143624.9438202246}, "Output Tokens per Minute": {"unit": "tokens/min", "min": 48225.84269662921, "p50": 48225.84269662921, "p90": 48225.84269662921, "p95": 48225.84269662921, "p99": 48225.84269662921, "max": 48225.84269662921}}
{"target_qps": 4.5, "actual_qps": 4.498272941109889, "success_rate": 100.0, "input_tokens": 4211, "output_tokens": 183, "model": "meta-llama/Llama-3.1-8B-Instruct", "input_tokens_per_minute": 1140817.0964909934, "output_tokens_per_minute": 49650.93639064466, "Latency": {"unit": "s", "min": 0.3853574349777773, "p50": 3.5565187140600756, "p90": 12.976874446030706, "p95": 14.984787514957134, "p99": 16.684654760290872, "max": 18.02854724903591}, "Throughput": {"unit": "tokens/s", "min": 4.955219576464959, "p50": 50.17974915575113, "p90": 71.76414907230246, "p95": 75.5046919809409, "p99": 79.06389583636302, "max": 84.17803859188096}, "TTFT": {"unit": "s", "min": 0.06896154501009732, "p50": 0.5181369479978457, "p90": 2.6601460359524935, "p95": 3.5310572310118005, "p99": 4.906206530705096, "max": 7.404748497996479}, "TPOT": {"unit": "ms", "min": 10.547801558859646, "p50": 16.116599080237048, "p90": 54.65315373897571, "p95": 62.370383371973425, "p99": 70.80818272955561, "max": 79.50184212630971}, "Input Tokens per Minute": {"unit": "tokens/min", "min": 1140817.0964909934, "p50": 1140817.0964909934, "p90": 1140817.0964909934, "p95": 1140817.0964909934, "p99": 1140817.0964909934, "max": 1140817.0964909934}, "Output Tokens per Minute": {"unit": "tokens/min", "min": 49650.93639064466, "p50": 49650.93639064466, "p90": 49650.93639064466, "p95": 49650.93639064466, "p99": 49650.93639064466, "max": 49650.93639064466}}
{"target_qps": 4.5, "actual_qps": 4.4972611807590965, "success_rate": 100.0, "input_tokens": 4259, "output_tokens": 180, "model": "meta-llama/Llama-3.1-8B-Instruct", "input_tokens_per_minute": 1157790.9086365981, "output_tokens_per_minute": 48971.17669297256, "Latency": {"unit": "s", "min": 0.5337361940182745, "p50": 3.6975105379824527, "p90": 10.090487397252582, "p95": 11.09998900014325, "p99": 12.200492950588238, "max": 13.346626995014958}, "Throughput": {"unit": "tokens/s", "min": 4.852821167368512, "p50": 49.33269008140193, "p90": 67.66683458209945, "p95": 73.95512249554993, "p99": 81.57088647399958, "max": 83.31621042767297}, "TTFT": {"unit": "s", "min": 0.07998557493556291, "p50": 0.4977000805083662, "p90": 2.3372151740826665, "p95": 3.1577451136836303, "p99": 4.295864888695073, "max": 4.496014414005913}, "TPOT": {"unit": "ms", "min": 10.374470426800794, "p50": 16.78534702498667, "p90": 40.03438798268443, "p95": 42.96224697010761, "p99": 55.80539105528497, "max": 127.19117800075122}, "Input Tokens per Minute": {"unit": "tokens/min", "min": 1157790.9086365981, "p50": 1157790.9086365981, "p90": 1157790.9086365981, "p95": 1157790.9086365981, "p99": 1157790.9086365981, "max": 1157790.9086365981}, "Output Tokens per Minute": {"unit": "tokens/min", "min": 48971.17669297256, "p50": 48971.17669297256, "p90": 48971.17669297256, "p95": 48971.17669297256, "p99": 48971.17669297256, "max": 48971.17669297256}}
{"target_qps": 4.5, "actual_qps": 4.4975134632506615, "success_rate": 100.0, "input_tokens": 4263, "output_tokens": 179, "model": "meta-llama/Llama-3.1-8B-Instruct", "input_tokens_per_minute": 1167605.466879122, "output_tokens_per_minute": 49148.82712640323, "Latency": {"unit": "s", "min": 0.5388245290378109, "p50": 3.687833604053594, "p90": 9.93394104517065, "p95": 11.037901224714004, "p99": 12.361597988064165, "max": 13.4408516070107}, "Throughput": {"unit": "tokens/s", "min": 4.420639324630077, "p50": 49.56462718284778, "p90": 67.0977393151222, "p95": 70.23055267652188, "p99": 79.97938976053858, "max": 82.76531292499996}, "TTFT": {"unit": "s", "min": 0.10571923805400729, "p50": 0.5467430244898424, "p90": 2.387855344661512, "p95": 3.154076985677237, "p99": 4.381506677367718, "max": 7.664266056963243}, "TPOT": {"unit": "ms", "min": 9.622485913417263, "p50": 16.924152457291008, "p90": 39.50558091658893,