{"actual_qps": 8.422155569541008, "success_rate": 100.0, "input_tokens": 4232, "output_tokens": 172, "model": "meta-llama/Llama-3.1-8B-Instruct", "input_tokens_per_minute": 1648289.167254722, "output_tokens_per_minute": 67300.94973528634, "Latency": {"unit": "s", "min": 1.3806763980537653, "p50": 12.268004009965807, "p90": 20.898632279853338, "p95": 25.129255968425408, "p99": 34.49876697506753, "max": 38.28291825193446}, "Throughput": {"unit": "tokens/s", "min": 0.47315005267951865, "p50": 13.99503539915022, "p90": 22.916093533364283, "p95": 27.08975834971779, "p99": 38.85179857106996, "max": 58.285148364001046}, "TTFT": {"unit": "s", "min": 0.7041803241008893, "p50": 6.248335322947241, "p90": 13.743365376628937, "p95": 16.142156696366147, "p99": 27.387657038755698, "max": 36.45912498701364}, "TPOT": {"unit": "ms", "min": 11.942403075687736, "p50": 34.31384069330279, "p90": 55.274903879614385, "p95": 59.29010004032141, "p99": 81.32121934710685, "max": 94.75727374956477}, "Input Tokens per Minute": {"unit": "tokens/min", "min": 1648289.167254722, "p50": 1648289.167254722, "p90": 1648289.167254722, "p95": 1648289.167254722, "p99": 1648289.167254722, "max": 1648289.167254722}, "Output Tokens per Minute": {"unit": "tokens/min", "min": 67300.94973528634, "p50": 67300.94973528634, "p90": 67300.94973528634, "p95": 67300.94973528634, "p99": 67300.94973528634, "max": 67300.94973528634}}
{"actual_qps": 7.8574724421196995, "success_rate": 100.0, "input_tokens": 4285, "output_tokens": 178, "model": "meta-llama/Llama-3.1-8B-Instruct", "input_tokens_per_minute": 1944562.7650382037, "output_tokens_per_minute": 81056.80688492609, "Latency": {"unit": "s", "min": 1.1424395820358768, "p50": 9.765197232540231, "p90": 22.255919666611593, "p95": 29.580220596271094, "p99": 37.76634181960255, "max": 46.638842856977135}, "Throughput": {"unit": "tokens/s", "min": 1.1780905790130343, "p50": 17.413314089641958, "p90": 33.54525446127334, "p95": 40.0589925014959, "p99": 49.957330666601216, "max": 57.64639100677541}, "TTFT": {"unit": "s", "min": 0.5061098580481485, "p50": 4.673167160013691, "p90": 14.342122796853074, "p95": 20.184905196767062, "p99": 29.424374523477173, "max": 35.073822721955366}, "TPOT": {"unit": "ms", "min": 6.548534331390459, "p50": 28.172677344216694, "p90": 54.273197253815525, "p95": 57.776839382823376, "p99": 66.19361744615614, "max": 75.77304589818706}, "Input Tokens per Minute": {"unit": "tokens/min", "min": 1944562.7650382037, "p50": 1944562.7650382037, "p90": 1944562.7650382037, "p95": 1944562.7650382037, "p99": 1944562.7650382037, "max": 1944562.7650382037}, "Output Tokens per Minute": {"unit": "tokens/min", "min": 81056.80688492609, "p50": 81056.80688492609, "p90": 81056.80688492609, "p95": 81056.80688492609, "p99": 81056.80688492609, "max": 81056.80688492609}}
{"actual_qps": 7.684059625481775, "success_rate": 100.0, "input_tokens": 4332, "output_tokens": 180, "model": "meta-llama/Llama-3.1-8B-Instruct", "input_tokens_per_minute": 2099705.742689324, "output_tokens_per_minute": 87264.31867753861, "Latency": {"unit": "s", "min": 2.7741274409927428, "p50": 11.557905828463845, "p90": 23.117142445885115, "p95": 29.67792230138439, "p99": 33.61953643861226, "max": 37.21776311297435}, "Throughput": {"unit": "tokens/s", "min": 0.8630391099753257, "p50": 14.850696856537102, "p90": 29.561486873566448, "p95": 36.759774699487835, "p99": 46.95385049119049, "max": 72.09474123093223}, "TTFT": {"unit": "s", "min": 0.7828347500180826, "p50": 5.894680989556946, "p90": 15.364869946893306, "p95": 19.142378779238783, "p99": 23.71248222919064, "max": 26.97422035492491}, "TPOT": {"unit": "ms", "min": 8.649072633241888, "p50": 32.47236198249586, "p90": 55.327298968852546, "p95": 58.51669541353023, "p99": 66.29290579818185, "max": 74.69677544496436}, "Input Tokens per Minute": {"unit": "tokens/min", "min": 2099705.742689324, "p50": 2099705.742689324, "p90": 2099705.742689324, "p95": 2099705.742689324, "p99": 2099705.742689324, "max": 2099705.742689324}, "Output Tokens per Minute": {"unit": "tokens/min", "min": 87264.31867753861, "p50": 87264.31867753861, "p90": 87264.31867753861, "p95": 87264.31867753861, "p99": 87264.31867753861, "max": 87264.31867753861}}
{"actual_qps": 8.170765610330799, "success_rate": 100.0, "input_tokens": 4369, "output_tokens": 173, "model": "meta-llama/Llama-3.1-8B-Instruct", "input_tokens_per_minute": 2057342.9308925332, "output_tokens_per_minute": 81642.14838489445, "Latency": {"unit": "s", "min": 3.36530152708292, "p50": 16.70185162400594, "p90": 27.761569813557436, "p95": 31.90038916521589, "p99": 40.26927762748908, "max": 46.904278917005286}, "Throughput": {"unit": "tokens/s", "min": 0.7190542546026318, "p50": 10.31711452650574, "p90": 18.70472738944631, "p95": 23.13993152148429, "p99": 37.24429587140726, "max": 47.27345564020135}, "TTFT": {"unit": "s", "min": 1.748601116007194, "p50": 8.963377677020617, "p90": 19.344480664271398, "p95": 23.440558899089226, "p99": 30.527101837275577, "max": 40.18638074793853}, "TPOT": {"unit": "ms", "min": 8.988453563698835, "p50": 47.17208094012704, "p90": 60.79319113201543, "p95": 65.98697068664902, "p99": 88.908643960873, "max": 96.23365211711429}, "Input Tokens per Minute": {"unit": "tokens/min", "min": 2057342.9308925332, "p50": 2057342.9308925332, "p90": 2057342.9308925332, "p95": 2057342.9308925332, "p99": 2057342.9308925332, "max": 2057342.9308925332}, "Output Tokens per Minute": {"unit": "tokens/min", "min": 81642.14838489445, "p50": 81642.14838489445, "p90": 81642.14838489445, "p95": 81642.14838489445, "p99": 81642.14838489445, "max": 81642.14838489445}}
{"actual_qps": 8.44865995559514, "success_rate": 100.0, "input_tokens": 4338, "output_tokens": 175, "model": "meta-llama/Llama-3.1-8B-Instruct", "input_tokens_per_minute": 2131391.7948208535, "output_tokens_per_minute": 86465.44176057981, "Latency": {"unit": "s", "min": 4.518667799071409, "p50": 13.501609629020095, "p90": 24.596530500380325, "p95": 30.812427829718214, "p99": 37.53618574795547, "max": 41.34544897195883}, "Throughput": {"unit": "tokens/s", "min": 0.6191247381027554, "p50": 13.001731600691398, "p90": 19.526773297615186, "p95": 21.527505095186555, "p99": 31.513827908232358, "max": 44.260832814729206}, "TTFT": {"unit": "s", "min": 0.8512743740575388, "p50": 6.8789912150241435, "p90": 17.142130315327087, "p95": 21.670806949643882, "p99": 28.065772922309126, "max": 32.154319661902264}, "TPOT": {"unit": "ms", "min": 7.29835032656246, "p50": 41.26650838698518, "p90": 58.58422006134075, "p95": 62.017927564717496, "p99": 86.54205103441399, "max": 114.01043517980725}, "Input Tokens per Minute": {"unit": "tokens/min", "min": 2131391.7948208535, "p50": 2131391.7948208535, "p90": 2131391.7948208535, "p95": 2131391.7948208535, "p99": 2131391.7948208535, "max": 2131391.7948208535}, "Output Tokens per Minute": {"unit": "tokens/min", "min": 86465.44176057981, "p50": 86465.44176057981, "p90": 86465.44176057981, "p95": 86465.44176057981, "p99": 86465.44176057981, "max": 86465.44176057981}}
{"actual_qps": 8.142105041351725, "success_rate": 100.0, "input_tokens": 4276, "output_tokens": 173, "model": "meta-llama/Llama-3.1-8B-Instruct", "input_tokens_per_minute": 2067523.8324513312, "output_tokens_per_minute": 83880.05414179827, "Latency": {"unit": "s", "min": 2.4981778300134465, "p50": 13.906129413982853, "p90": 31.625500942650252, "p95": 37.21965545653364, "p99": 43.9857492286223, "max": 48.6809024940012}, "Throughput": {"unit": "tokens/s", "min": 0.6224941868473981, "p50": 12.710760602655535, "p90": 19.70929017019689, "p95": 21.905709883825295, "p99": 25.377759264797785, "max": 26.197254058313398}, "TTFT": {"unit": "s", "min": 0.8427995659876615, "p50": 6.855555593967438, "p90": 23.50705779781566, "p95": 28.510958138492416, "p99": 33.838777180523614, "max": 36.77416288596578}, "TPOT": {"unit": "ms", "min": 7.224142236415954, "p50": 46.221228648707196, "p90": 57.35379975586287, "p95": 59.794937190079395, "p99": 78.77443955576074, "max": 125.43421216671253},