{"actual_qps": 10.056925997756347, "success_rate": 100.0, "input_tokens": 4208, "output_tokens": 171, "model": "meta-llama/Llama-3.1-8B-Instruct", "input_tokens_per_minute": 1673643.1389719227, "output_tokens_per_minute": 68255.54490266377, "Latency": {"unit": "s", "min": 1.3376066429773346, "p50": 13.289790853043087, "p90": 23.40453310639132, "p95": 26.5167390675342, "p99": 34.94566391427068, "max": 46.484985725954175}, "Throughput": {"unit": "tokens/s", "min": 0.7620556045426155, "p50": 13.498985444336391, "p90": 34.832573481144216, "p95": 43.862939168226454, "p99": 52.42181715693274, "max": 55.301654032723214}, "TTFT": {"unit": "s", "min": 0.5019428170053288, "p50": 5.7613013265654445, "p90": 13.342770691693294, "p95": 16.044832008890772, "p99": 25.12083803857325, "max": 34.52285704493988}, "TPOT": {"unit": "ms", "min": 10.479183050693345, "p50": 43.516690701952214, "p90": 58.29871816118366, "p95": 61.467585747092414, "p99": 78.5720441967037, "max": 112.20524676472824}, "Input Tokens per Minute": {"unit": "tokens/min", "min": 1673643.1389719227, "p50": 1673643.1389719227, "p90": 1673643.1389719227, "p95": 1673643.1389719227, "p99": 1673643.1389719227, "max": 1673643.1389719227}, "Output Tokens per Minute": {"unit": "tokens/min", "min": 68255.54490266377, "p50": 68255.54490266377, "p90": 68255.54490266377, "p95": 68255.54490266377, "p99": 68255.54490266377, "max": 68255.54490266377}}
{"actual_qps": 9.31650971475657, "success_rate": 100.0, "input_tokens": 4193, "output_tokens": 179, "model": "meta-llama/Llama-3.1-8B-Instruct", "input_tokens_per_minute": 2384415.969657175, "output_tokens_per_minute": 102174.06039295503, "Latency": {"unit": "s", "min": 5.843740048003383, "p50": 16.707300498441327, "p90": 31.67196231668349, "p95": 36.09225389751372, "p99": 44.45133037253865, "max": 48.57702331000473}, "Throughput": {"unit": "tokens/s", "min": 0.8655408555213854, "p50": 11.149296698023976, "p90": 14.439374435854909, "p95": 14.87125022151504, "p99": 16.455035247927526, "max": 16.468312762943466}, "TTFT": {"unit": "s", "min": 4.462556720012799, "p50": 8.590892508043908, "p90": 21.246679285308343, "p95": 26.938215041998756, "p99": 33.17041381756308, "max": 36.28295306302607}, "TPOT": {"unit": "ms", "min": 8.581365095381274, "p50": 47.46177945731284, "p90": 59.682816176841705, "p95": 63.06631050611397, "p99": 84.51530533016268, "max": 121.94593282936908}, "Input Tokens per Minute": {"unit": "tokens/min", "min": 2384415.969657175, "p50": 2384415.969657175, "p90": 2384415.969657175, "p95": 2384415.969657175, "p99": 2384415.969657175, "max": 2384415.969657175}, "Output Tokens per Minute": {"unit": "tokens/min", "min": 102174.06039295503, "p50": 102174.06039295503, "p90": 102174.06039295503, "p95": 102174.06039295503, "p99": 102174.06039295503, "max": 102174.06039295503}}
{"actual_qps": 9.035951540822493, "success_rate": 100.0, "input_tokens": 4285, "output_tokens": 177, "model": "meta-llama/Llama-3.1-8B-Instruct", "input_tokens_per_minute": 2179407.3218266964, "output_tokens_per_minute": 90368.40322941262, "Latency": {"unit": "s", "min": 7.528038496035151, "p50": 19.120307052973658, "p90": 33.948557628411805, "p95": 37.75570617027112, "p99": 43.76739949092269, "max": 47.3771630669944}, "Throughput": {"unit": "tokens/s", "min": 0.4448137608987679, "p50": 9.734006569727836, "p90": 12.248800019997937, "p95": 12.829317069793278, "p99": 15.424862655254266, "max": 17.850134107177833}, "TTFT": {"unit": "s", "min": 5.905860374099575, "p50": 9.615672827931121, "p90": 23.12320799014997, "p95": 27.493093935644712, "p99": 32.653616669084876, "max": 38.3341778049944}, "TPOT": {"unit": "ms", "min": 23.66509752280205, "p50": 51.897933964626915, "p90": 61.49830119075937, "p95": 64.3406601036666, "p99": 79.91765896500792, "max": 125.4233044147601}, "Input Tokens per Minute": {"unit": "tokens/min", "min": 2179407.3218266964, "p50": 2179407.3218266964, "p90": 2179407.3218266964, "p95": 2179407.3218266964, "p99": 2179407.3218266964, "max": 2179407.3218266964}, "Output Tokens per Minute": {"unit": "tokens/min", "min": 90368.40322941262, "p50": 90368.40322941262, "p90": 90368.40322941262, "p95": 90368.40322941262, "p99": 90368.40322941262, "max": 90368.40322941262}}
{"actual_qps": 9.375023731958098, "success_rate": 100.0, "input_tokens": 4305, "output_tokens": 178, "model": "meta-llama/Llama-3.1-8B-Instruct", "input_tokens_per_minute": 2358762.166628515, "output_tokens_per_minute": 97663.94287891875, "Latency": {"unit": "s", "min": 10.003274224000052, "p50": 20.49848052946618, "p90": 37.50340492733522, "p95": 43.697504218580384, "p99": 53.75292775824892, "max": 56.65150401298888}, "Throughput": {"unit": "tokens/s", "min": 0.5852452371717596, "p50": 9.323011292088164, "p90": 10.59095394390017, "p95": 10.763449624999998, "p99": 11.247306360505181, "max": 11.568097039139301}, "TTFT": {"unit": "s", "min": 6.30135943100322, "p50": 10.588203754567076, "p90": 26.646565064112657, "p95": 33.554491815797505, "p99": 43.57780703415626, "max": 47.66039670899045}, "TPOT": {"unit": "ms", "min": 44.963209271932456, "p50": 53.876213650698844, "p90": 60.8429107018255, "p95": 70.46260295584726, "p99": 95.42225666571275, "max": 130.93569322437463}, "Input Tokens per Minute": {"unit": "tokens/min", "min": 2358762.166628515, "p50": 2358762.166628515, "p90": 2358762.166628515, "p95": 2358762.166628515, "p99": 2358762.166628515, "max": 2358762.166628515}, "Output Tokens per Minute": {"unit": "tokens/min", "min": 97663.94287891875, "p50": 97663.94287891875, "p90": 97663.94287891875, "p95": 97663.94287891875, "p99": 97663.94287891875, "max": 97663.94287891875}}
{"actual_qps": 10.092314291307003, "success_rate": 97.1311475409836, "input_tokens": 4256, "output_tokens": 178, "model": "meta-llama/Llama-3.1-8B-Instruct", "input_tokens_per_minute": 1973725.5397719392, "output_tokens_per_minute": 82565.4263976275, "Latency": {"unit": "s", "min": 10.072889787028544, "p50": 22.716696591000073, "p90": 42.462119690096, "p95": 46.97774346123915, "p99": 63.59784285379106, "max": 68.8941424540244}, "Throughput": {"unit": "tokens/s", "min": 0.49506365370819655, "p50": 7.601538892964646, "p90": 11.038672380783348, "p95": 11.427717412682162, "p99": 12.386137882790788, "max": 12.966264516985534}, "TTFT": {"unit": "s", "min": 7.2784541819710284, "p50": 13.350026928994339, "p90": 33.029469835397315, "p95": 37.04644830636097, "p99": 52.48836569307253, "max": 56.79961357708089}, "TPOT": {"unit": "ms", "min": 13.02216277856912, "p50": 53.13784546972295, "p90": 62.82285167563484, "p95": 66.4220542253531, "p99": 94.02669245317416, "max": 104.78323004946749}, "Input Tokens per Minute": {"unit": "tokens/min", "min": 1973725.5397719392, "p50": 1973725.5397719392, "p90": 1973725.5397719392, "p95": 1973725.5397719392, "p99": 1973725.5397719392, "max": 1973725.5397719392}, "Output Tokens per Minute": {"unit": "tokens/min", "min": 82565.4263976275, "p50": 82565.4263976275, "p90": 82565.4263976275, "p95": 82565.4263976275, "p99": 82565.4263976275, "max": 82565.4263976275}, "exceptions": {"Request timed out.": 14}}
{"actual_qps": 9.542918744891328, "success_rate": 93.50877192982456, "input_tokens": 4122, "output_tokens": 179, "model": "meta-llama/Llama-3.1-8B-Instruct", "input_tokens_per_minute": 2149661.3112231395, "output_tokens_per_minute": 93699.04153780994, "Latency": {"unit": "s", "min": 12.322697652038187, "p50": 27.474377143080346, "p90": 64.22622375981882, "p95": 69.01162862060589, "p99": 84.39644678895355, "max": 94.56107692606747}, "Throughput": {"unit": "tokens/s", "min": 0.3129728508156691, "p50": 6.162413450982794, "p90": 9.458570490032313, "p95": 9.797882476512859, "p99": 10.208739936395087, "max": 10.4910444606921}, "TTFT": {"unit": "s", "min": 8.40062103094533, "p50": 17.730181962950155, "p90": 54.496764308377166, "p95": 59.65299552797806, "p99": 74.96734410589096, "max": 84.81963436806109}, "TPOT": {"unit": "ms", "min": 22.46949588181451, "p50": 54.213143829560494, "p90": 65.79465748638542, "p95": 70.67197422648417,