{"target_qps": 3.5, "actual_qps": 3.43667836367428, "success_rate": 100.0, "input_tokens": 326, "output_tokens": 298, "model": "meta-llama/Llama-3.1-8B-Instruct", "input_tokens_per_minute": 68467.2, "output_tokens_per_minute": 62707.2, "Latency": {"unit": "s", "min": 1.213194171898067, "p50": 2.661275182967074, "p90": 16.601423135935327, "p95": 22.322324694844426, "p99": 44.64428406064862, "max": 48.07688354002312}, "Throughput": {"unit": "tokens/s", "min": 6.240005131577539, "p50": 112.52737291763538, "p90": 120.72321308781558, "p95": 122.19548210296604, "p99": 123.85347801157303, "max": 125.8483045662615}, "TTFT": {"unit": "s", "min": 0.02186696499120444, "p50": 0.12606121797580272, "p90": 0.6923650638200336, "p95": 1.1386932425666594, "p99": 6.750509666809801, "max": 8.014811766101047}, "TPOT": {"unit": "ms", "min": 7.775872959802083, "p50": 8.43680361877616, "p90": 50.5544305691047, "p95": 67.41445499244932, "p99": 137.5835340009242, "max": 144.88862465559365}, "Input Tokens per Minute": {"unit": "tokens/min", "min": 68467.2, "p50": 68467.2, "p90": 68467.2, "p95": 68467.2, "p99": 68467.2, "max": 68467.2}, "Output Tokens per Minute": {"unit": "tokens/min", "min": 62707.2, "p50": 62707.2, "p90": 62707.2, "p95": 62707.2, "p99": 62707.2, "max": 62707.2}}
{"target_qps": 3.5, "actual_qps": 3.260496157217644, "success_rate": 100.0, "input_tokens": 226, "output_tokens": 298, "model": "meta-llama/Llama-3.1-8B-Instruct", "input_tokens_per_minute": 47501.29213483146, "output_tokens_per_minute": 62660.22471910113, "Latency": {"unit": "s", "min": 0.6357327410951257, "p50": 2.6609359245048836, "p90": 13.835141929087696, "p95": 17.469202462822437, "p99": 33.58563236704675, "max": 42.39302950107958}, "Throughput": {"unit": "tokens/s", "min": 7.076635086727175, "p50": 112.5716657749715, "p90": 121.46774113851808, "p95": 122.91817674011004, "p99": 124.37900360508797, "max": 125.30420383403174}, "TTFT": {"unit": "s", "min": 0.02371855196543038, "p50": 0.13043978350469843, "p90": 0.5862445890437815, "p95": 0.9006315802049366, "p99": 4.556935096430816, "max": 6.342259577009827}, "TPOT": {"unit": "ms", "min": 7.762913598778679, "p50": 8.353199065354556, "p90": 41.991477696042836, "p95": 53.15684972998274, "p99": 109.70364214801825, "max": 138.31555721097715}, "Input Tokens per Minute": {"unit": "tokens/min", "min": 47501.29213483146, "p50": 47501.29213483146, "p90": 47501.29213483146, "p95": 47501.29213483146, "p99": 47501.29213483146, "max": 47501.29213483146}, "Output Tokens per Minute": {"unit": "tokens/min", "min": 62660.22471910113, "p50": 62660.22471910113, "p90": 62660.22471910113, "p95": 62660.22471910113, "p99": 62660.22471910113, "max": 62660.22471910113}}
{"target_qps": 3.5, "actual_qps": 3.561541663556432, "success_rate": 100.0, "input_tokens": 262, "output_tokens": 298, "model": "meta-llama/Llama-3.1-8B-Instruct", "input_tokens_per_minute": 56866.05899685145, "output_tokens_per_minute": 64644.4659900587, "Latency": {"unit": "s", "min": 2.025718088960275, "p50": 2.6188051765202545, "p90": 26.0006565612508, "p95": 39.80936115025541, "p99": 53.39096266761303, "max": 54.6406981429318}, "Throughput": {"unit": "tokens/s", "min": 1.6276696036494633, "p50": 114.45501976520887, "p90": 118.69081367402184, "p95": 119.88160422741645, "p99": 121.19072736010637, "max": 122.80742328590775}, "TTFT": {"unit": "s", "min": 0.023839337984099984, "p50": 0.10857425251742825, "p90": 0.6647743617184462, "p95": 1.2217771001160127, "p99": 8.97529265341698, "max": 20.853721257066354}, "TPOT": {"unit": "ms", "min": 7.876055478274099, "p50": 8.439353680632149, "p90": 75.4240367419856, "p95": 130.54915316939045, "p99": 180.33459176776228, "max": 612.789276947488}, "Input Tokens per Minute": {"unit": "tokens/min", "min": 56866.05899685145, "p50": 56866.05899685145, "p90": 56866.05899685145, "p95": 56866.05899685145, "p99": 56866.05899685145, "max": 56866.05899685145}, "Output Tokens per Minute": {"unit": "tokens/min", "min": 64644.4659900587, "p50": 64644.4659900587, "p90": 64644.4659900587, "p95": 64644.4659900587, "p99": 64644.4659900587, "max": 64644.4659900587}}
{"target_qps": 3.5, "actual_qps": 3.2837221923120223, "success_rate": 100.0, "input_tokens": 200, "output_tokens": 298, "model": "meta-llama/Llama-3.1-8B-Instruct", "input_tokens_per_minute": 42178.28125, "output_tokens_per_minute": 62645.625, "Latency": {"unit": "s", "min": 0.9229486930416897, "p50": 2.6102079745032825, "p90": 19.65635346620111, "p95": 29.387258884217466, "p99": 56.49230937044719, "max": 58.50263266602997}, "Throughput": {"unit": "tokens/s", "min": 5.047508917670687, "p50": 114.86412806227692, "p90": 119.458283537618, "p95": 120.37992049477548, "p99": 121.37531715566618, "max": 124.43878578920219}, "TTFT": {"unit": "s", "min": 0.023279698914848268, "p50": 0.09829469345277175, "p90": 0.5502442158409396, "p95": 1.144776715413899, "p99": 23.1888847371901, "max": 27.318431776948273}, "TPOT": {"unit": "ms", "min": 7.84153116743912, "p50": 8.409603026595875, "p90": 55.761462896260255, "p95": 75.51063439013733, "p99": 173.5057227723698, "max": 193.5730307814083}, "Input Tokens per Minute": {"unit": "tokens/min", "min": 42178.28125, "p50": 42178.28125, "p90": 42178.28125, "p95": 42178.28125, "p99": 42178.28125, "max": 42178.28125}, "Output Tokens per Minute": {"unit": "tokens/min", "min": 62645.625, "p50": 62645.625, "p90": 62645.625, "p95": 62645.625, "p99": 62645.625, "max": 62645.625}}
{"target_qps": 3.5, "actual_qps": 3.036162766025893, "success_rate": 100.0, "input_tokens": 128, "output_tokens": 299, "model": "meta-llama/Llama-3.1-8B-Instruct", "input_tokens_per_minute": 26979.076923076922, "output_tokens_per_minute": 62996.76923076923, "Latency": {"unit": "s", "min": 2.4049250109819695, "p50": 2.5950910249957815, "p90": 22.01970286096912, "p95": 30.951515702484098, "p99": 58.92195226532174, "max": 58.98639296600595}, "Throughput": {"unit": "tokens/s", "min": 5.085918716421446, "p50": 115.60288140586039, "p90": 122.09130174087481, "p95": 123.54499883274994, "p99": 124.36402706208868, "max": 124.74401431648182}, "TTFT": {"unit": "s", "min": 0.020151105942204595, "p50": 0.10288916190620512, "p90": 0.6114458877826109, "p95": 1.0358903095708218, "p99": 21.19394039783161, "max": 33.07805402006488}, "TPOT": {"unit": "ms", "min": 7.8457061304122115, "p50": 8.296926016841445, "p90": 70.19857242937046, "p95": 97.15407845376521, "p99": 126.17832576090557, "max": 196.46957172213254}, "Input Tokens per Minute": {"unit": "tokens/min", "min": 26979.076923076922, "p50": 26979.076923076922, "p90": 26979.076923076922, "p95": 26979.076923076922, "p99": 26979.076923076922, "max": 26979.076923076922}, "Output Tokens per Minute": {"unit": "tokens/min", "min": 62996.76923076923, "p50": 62996.76923076923, "p90": 62996.76923076923, "p95": 62996.76923076923, "p99": 62996.76923076923, "max": 62996.76923076923}}
{"target_qps": 3.5, "actual_qps": 3.269546233175731, "success_rate": 100.0, "input_tokens": 206, "output_tokens": 299, "model": "meta-llama/Llama-3.1-8B-Instruct", "input_tokens_per_minute": 43279.38461538462, "output_tokens_per_minute": 62954.76923076923, "Latency": {"unit": "s", "min": 2.2718488660175353, "p50": 2.6349162940168753, "p90": 25.661851137410846, "p95": 31.611975517310135, "p99": 59.238129583904524, "max": 59.81021368200891}, "Throughput": {"unit": "tokens/s", "min": 5.01586571141512, "p50": 113.83636602484684, "p90": 120.82018690729292, "p95": 123.30114354193304, "p99": 125.45864946358378, "max": 125.88669817234076}, "TTFT": {"unit": "s", "min": 0.02130966994445771, "p50": 0.13183985592331737, "p90": 0.8000062805833291, "p95": 2.9425915864761327, "p99": 12.85347417803947, "max": 33.42185856506694}, "TPOT": {"unit": "ms", "min": 7.4399511974591475, "p50": 8.335195344337027, "p90": 73.83577128775717, "p95": 98.43969610231582, "p99": 195.34302295292306, "max": 197.63894125439202}, "Input Tokens per Minute": {"unit": "tokens/min", "min": 43279.38461538462, "p50": 43279.38461538462, "p90": 43279.38461538462,