{"target_qps": 4.5, "actual_qps": 4.333429669914297, "success_rate": 100.0, "input_tokens": 173, "output_tokens": 348, "model": "meta-llama/Llama-3.1-8B-Instruct", "input_tokens_per_minute": 46844.444444444445, "output_tokens_per_minute": 93996.66666666667, "Latency": {"unit": "s", "min": 0.8113321609562263, "p50": 3.1107704649912193, "p90": 5.387732510990464, "p95": 5.942769255500748, "p99": 11.657200860602313, "max": 12.069277629023418}, "Throughput": {"unit": "tokens/s", "min": 28.999250059369142, "p50": 112.47761656220386, "p90": 117.52045727883723, "p95": 118.61343373172677, "p99": 121.036735455418, "max": 121.36513429810647}, "TTFT": {"unit": "s", "min": 0.0195835999911651, "p50": 0.044695693999528885, "p90": 0.3211355775827543, "p95": 0.5484502542647524, "p99": 1.0618072054278966, "max": 3.322873729048297}, "TPOT": {"unit": "ms", "min": 7.907115297931058, "p50": 8.651568489963118, "p90": 15.30128410893271, "p95": 15.79466339655722, "p99": 31.482082404773966, "max": 32.50130218918032}, "Input Tokens per Minute": {"unit": "tokens/min", "min": 46844.444444444445, "p50": 46844.444444444445, "p90": 46844.444444444445, "p95": 46844.444444444445, "p99": 46844.444444444445, "max": 46844.444444444445}, "Output Tokens per Minute": {"unit": "tokens/min", "min": 93996.66666666667, "p50": 93996.66666666667, "p90": 93996.66666666667, "p95": 93996.66666666667, "p99": 93996.66666666667, "max": 93996.66666666667}}
{"target_qps": 4.5, "actual_qps": 4.08724236879528, "success_rate": 100.0, "input_tokens": 165, "output_tokens": 349, "model": "meta-llama/Llama-3.1-8B-Instruct", "input_tokens_per_minute": 44645.43103448276, "output_tokens_per_minute": 94452.28448275862, "Latency": {"unit": "s", "min": 2.88454536604695, "p50": 3.0876663950039074, "p90": 5.437866510928143, "p95": 6.002436282293637, "p99": 8.930592213772465, "max": 11.660913015948609}, "Throughput": {"unit": "tokens/s", "min": 30.014802401947914, "p50": 113.3075531359431, "p90": 118.82155743271171, "p95": 119.33792892357735, "p99": 121.18977540967286, "max": 121.33627854140785}, "TTFT": {"unit": "s", "min": 0.018642405048012733, "p50": 0.0312751205638051, "p90": 0.18280158174457029, "p95": 0.3152772320900111, "p99": 1.3689692785439525, "max": 2.1754274129634723}, "TPOT": {"unit": "ms", "min": 8.179623518875642, "p50": 8.631226196378085, "p90": 15.294904249752298, "p95": 15.88392459932864, "p99": 20.00271226712075, "max": 32.529112687441156}, "Input Tokens per Minute": {"unit": "tokens/min", "min": 44645.43103448276, "p50": 44645.43103448276, "p90": 44645.43103448276, "p95": 44645.43103448276, "p99": 44645.43103448276, "max": 44645.43103448276}, "Output Tokens per Minute": {"unit": "tokens/min", "min": 94452.28448275862, "p50": 94452.28448275862, "p90": 94452.28448275862, "p95": 94452.28448275862, "p99": 94452.28448275862, "max": 94452.28448275862}}
{"target_qps": 4.5, "actual_qps": 4.198580354529133, "success_rate": 100.0, "input_tokens": 175, "output_tokens": 349, "model": "meta-llama/Llama-3.1-8B-Instruct", "input_tokens_per_minute": 47302.92, "output_tokens_per_minute": 94497.84, "Latency": {"unit": "s", "min": 2.9016316160559654, "p50": 3.090638251043856, "p90": 5.454984416463413, "p95": 5.9293649754486975, "p99": 6.766267478810621, "max": 7.148873941972852}, "Throughput": {"unit": "tokens/s", "min": 48.958759497081246, "p50": 113.24521727882299, "p90": 118.44703958859984, "p95": 119.16147060139662, "p99": 120.15317586915818, "max": 120.62179018980243}, "TTFT": {"unit": "s", "min": 0.01779800606891513, "p50": 0.027596151980105788, "p90": 0.10731001123785973, "p95": 0.1587774702347814, "p99": 0.4405066347157103, "max": 1.8333246549591422}, "TPOT": {"unit": "ms", "min": 8.244688169000653, "p50": 8.77149438103234, "p90": 15.170887623410565, "p95": 15.759395939574166, "p99": 18.08354285914239, "max": 18.989584613177808}, "Input Tokens per Minute": {"unit": "tokens/min", "min": 47302.92, "p50": 47302.92, "p90": 47302.92, "p95": 47302.92, "p99": 47302.92, "max": 47302.92}, "Output Tokens per Minute": {"unit": "tokens/min", "min": 94497.84, "p50": 94497.84, "p90": 94497.84, "p95": 94497.84, "p99": 94497.84, "max": 94497.84}}
{"target_qps": 4.5, "actual_qps": 4.916350675359816, "success_rate": 100.0, "input_tokens": 173, "output_tokens": 349, "model": "meta-llama/Llama-3.1-8B-Instruct", "input_tokens_per_minute": 50223.236717050306, "output_tokens_per_minute": 101520.12222219634, "Latency": {"unit": "s", "min": 2.896691738977097, "p50": 3.102225254988298, "p90": 5.444235434057191, "p95": 6.039793765463401, "p99": 6.752345934521874, "max": 6.9644850170006976}, "Throughput": {"unit": "tokens/s", "min": 50.25497206837697, "p50": 112.81865665166593, "p90": 117.94018263437961, "p95": 118.94831296006981, "p99": 120.50326813865293, "max": 120.8274927188472}, "TTFT": {"unit": "s", "min": 0.018510736990720034, "p50": 0.028315980918705463, "p90": 0.07471660396549851, "p95": 0.14573861000826582, "p99": 0.5181966252974245, "max": 0.6733556750696152}, "TPOT": {"unit": "ms", "min": 8.185657054482077, "p50": 8.792455300800823, "p90": 15.445478647789868, "p95": 16.82643598161723, "p99": 19.057499153878442, "max": 19.214841481138095}, "Input Tokens per Minute": {"unit": "tokens/min", "min": 50223.236717050306, "p50": 50223.236717050306, "p90": 50223.236717050306, "p95": 50223.236717050306, "p99": 50223.236717050306, "max": 50223.236717050306}, "Output Tokens per Minute": {"unit": "tokens/min", "min": 101520.12222219634, "p50": 101520.12222219634, "p90": 101520.12222219634, "p95": 101520.12222219634, "p99": 101520.12222219634, "max": 101520.12222219634}}
{"target_qps": 4.5, "actual_qps": 4.593528950642153, "success_rate": 100.0, "input_tokens": 96, "output_tokens": 348, "model": "meta-llama/Llama-3.1-8B-Instruct", "input_tokens_per_minute": 26513.451107818368, "output_tokens_per_minute": 96098.94728661468, "Latency": {"unit": "s", "min": 1.9038825200404972, "p50": 3.031515630078502, "p90": 5.445976311364211, "p95": 6.287490970408543, "p99": 7.082546787392348, "max": 7.484460173989646}, "Throughput": {"unit": "tokens/s", "min": 46.76355967746836, "p50": 115.3992830379216, "p90": 118.33517205461226, "p95": 118.7352676436614, "p99": 121.09730915150921, "max": 121.90353019404593}, "TTFT": {"unit": "s", "min": 0.018607547041028738, "p50": 0.02681114908773452, "p90": 0.049233589181676515, "p95": 0.09292675016913561, "p99": 0.247063221689315, "max": 0.9503497959813103}, "TPOT": {"unit": "ms", "min": 8.07269160164771, "p50": 8.607221507123086, "p90": 15.478861813612262, "p95": 17.706929769548438, "p99": 20.141881281926292, "max": 20.19479732932443}, "Input Tokens per Minute": {"unit": "tokens/min", "min": 26513.451107818368, "p50": 26513.451107818368, "p90": 26513.451107818368, "p95": 26513.451107818368, "p99": 26513.451107818368, "max": 26513.451107818368}, "Output Tokens per Minute": {"unit": "tokens/min", "min": 96098.94728661468, "p50": 96098.94728661468, "p90": 96098.94728661468, "p95": 96098.94728661468, "p99": 96098.94728661468, "max": 96098.94728661468}}
{"target_qps": 4.5, "actual_qps": 4.829431098953868, "success_rate": 100.0, "input_tokens": 100, "output_tokens": 349, "model": "meta-llama/Llama-3.1-8B-Instruct", "input_tokens_per_minute": 29398.788405260613, "output_tokens_per_minute": 102550.23104906431, "Latency": {"unit": "s", "min": 1.699007652932778, "p50": 3.0386790960328653, "p90": 5.413891807594337, "p95": 5.483114211936481, "p99": 7.092437624817249, "max": 7.545210229931399}, "Throughput": {"unit": "tokens/s", "min": 46.38704414246416, "p50": 115.12701347808903, "p90": 117.96814670884245, "p95": 118.64192168714264, "p99": 120.72063195414464, "max": 121.59857753917665}, "TTFT": {"unit": "s", "min": 0.019006455084308982, "p50": 0.02689333609305322, "p90": 0.048545324173756, "p95": 0.1282565526198596, "p99": 0.6148402806464589, "max": 2.159730082959868}, "TPOT": {"unit": "ms", "min": 8.054407828161892, "p50": 8.629423570165406, "p90": 15.401560108492252, "p95": 15.497634437416858, "p99": 18.52999841095213,