{"actual_qps": 6.9847655894618645, "success_rate": 100.0, "input_tokens": 4210, "output_tokens": 175, "model": "meta-llama/Llama-3.1-8B-Instruct", "input_tokens_per_minute": 1422438.1001984335, "output_tokens_per_minute": 59452.739502471995, "Latency": {"unit": "s", "min": 0.6962874040473253, "p50": 7.721284034894779, "p90": 27.788794744061306, "p95": 30.445316198980436, "p99": 34.51151794758627, "max": 36.085202906047925}, "Throughput": {"unit": "tokens/s", "min": 1.2523763090915863, "p50": 21.75629743999344, "p90": 47.702007849985925, "p95": 63.12003072414625, "p99": 74.68750371165345, "max": 78.8256081620884}, "TTFT": {"unit": "s", "min": 0.42474684305489063, "p50": 2.5793097430141643, "p90": 17.79727330803871, "p95": 22.605036174994893, "p99": 27.763894108589753, "max": 31.74550428695511}, "TPOT": {"unit": "ms", "min": 8.493423382353843, "p50": 28.62316057795013, "p90": 54.985663829679005, "p95": 56.79101652931422, "p99": 59.91035650235717, "max": 62.754228500125464}, "Input Tokens per Minute": {"unit": "tokens/min", "min": 1422438.1001984335, "p50": 1422438.1001984335, "p90": 1422438.1001984335, "p95": 1422438.1001984335, "p99": 1422438.1001984335, "max": 1422438.1001984335}, "Output Tokens per Minute": {"unit": "tokens/min", "min": 59452.739502471995, "p50": 59452.739502471995, "p90": 59452.739502471995, "p95": 59452.739502471995, "p99": 59452.739502471995, "max": 59452.739502471995}}
{"actual_qps": 6.642179150335118, "success_rate": 100.0, "input_tokens": 4202, "output_tokens": 175, "model": "meta-llama/Llama-3.1-8B-Instruct", "input_tokens_per_minute": 1652895.7347749902, "output_tokens_per_minute": 69162.05904527004, "Latency": {"unit": "s", "min": 1.2223771079443395, "p50": 5.774800012004562, "p90": 25.601713208109164, "p95": 32.80595316062681, "p99": 38.23599468936679, "max": 39.994303993997164}, "Throughput": {"unit": "tokens/s", "min": 0.6767013819233185, "p50": 26.015114692057544, "p90": 54.37681530835122, "p95": 62.83931532848827, "p99": 73.8629058106518, "max": 77.18300291533276}, "TTFT": {"unit": "s", "min": 0.24110847897827625, "p50": 1.8373334140051156, "p90": 18.049685759632855, "p95": 24.885762316780166, "p99": 29.190254546520315, "max": 31.561569742974825}, "TPOT": {"unit": "ms", "min": 8.373677240913949, "p50": 23.13582419567559, "p90": 53.410287940027615, "p95": 55.21878572148107, "p99": 56.53341682922638, "max": 149.1955277058022}, "Input Tokens per Minute": {"unit": "tokens/min", "min": 1652895.7347749902, "p50": 1652895.7347749902, "p90": 1652895.7347749902, "p95": 1652895.7347749902, "p99": 1652895.7347749902, "max": 1652895.7347749902}, "Output Tokens per Minute": {"unit": "tokens/min", "min": 69162.05904527004, "p50": 69162.05904527004, "p90": 69162.05904527004, "p95": 69162.05904527004, "p99": 69162.05904527004, "max": 69162.05904527004}}
{"actual_qps": 6.2887384086705005, "success_rate": 100.0, "input_tokens": 4206, "output_tokens": 180, "model": "meta-llama/Llama-3.1-8B-Instruct", "input_tokens_per_minute": 1558240.0225829058, "output_tokens_per_minute": 66863.2460143172, "Latency": {"unit": "s", "min": 0.5713620849419385, "p50": 6.95485399645986, "p90": 20.82901289802976, "p95": 25.121725884004263, "p99": 29.98668667100719, "max": 31.535745820961893}, "Throughput": {"unit": "tokens/s", "min": 0.9943540675438628, "p50": 26.148901331474022, "p90": 50.058217302019244, "p95": 64.80480576158801, "p99": 81.14755379718198, "max": 96.07295549563764}, "TTFT": {"unit": "s", "min": 0.09005779505241662, "p50": 2.5873135540168732, "p90": 14.737575820996426, "p95": 18.02937282723724, "p99": 21.575981108937413, "max": 24.945036972989328}, "TPOT": {"unit": "ms", "min": 7.990595301374531, "p50": 23.917502909664755, "p90": 54.38112636961191, "p95": 55.72835589968483, "p99": 58.768646133681514, "max": 76.28198482287938}, "Input Tokens per Minute": {"unit": "tokens/min", "min": 1558240.0225829058, "p50": 1558240.0225829058, "p90": 1558240.0225829058, "p95": 1558240.0225829058, "p99": 1558240.0225829058, "max": 1558240.0225829058}, "Output Tokens per Minute": {"unit": "tokens/min", "min": 66863.2460143172, "p50": 66863.2460143172, "p90": 66863.2460143172, "p95": 66863.2460143172, "p99": 66863.2460143172, "max": 66863.2460143172}}
{"actual_qps": 6.64902624755076, "success_rate": 100.0, "input_tokens": 4313, "output_tokens": 176, "model": "meta-llama/Llama-3.1-8B-Instruct", "input_tokens_per_minute": 1844329.6747044285, "output_tokens_per_minute": 75593.91960872525, "Latency": {"unit": "s", "min": 1.9357248180313036, "p50": 9.45174471102655, "p90": 26.189052672742395, "p95": 39.36884230622086, "p99": 46.83444139784552, "max": 49.070542047033086}, "Throughput": {"unit": "tokens/s", "min": 0.6886221065574893, "p50": 17.37601580663099, "p90": 41.01165939257259, "p95": 47.96568795293354, "p99": 69.03589630249805, "max": 92.26856086927201}, "TTFT": {"unit": "s", "min": 0.32580155797768384, "p50": 4.227637899457477, "p90": 19.24083233739948, "p95": 30.399908917315766, "p99": 38.38743085871685, "max": 40.29716944694519}, "TPOT": {"unit": "ms", "min": 4.006874651405151, "p50": 28.877453732865952, "p90": 55.9784168049588, "p95": 56.97811209610149, "p99": 62.13586399431724, "max": 64.8540591438567}, "Input Tokens per Minute": {"unit": "tokens/min", "min": 1844329.6747044285, "p50": 1844329.6747044285, "p90": 1844329.6747044285, "p95": 1844329.6747044285, "p99": 1844329.6747044285, "max": 1844329.6747044285}, "Output Tokens per Minute": {"unit": "tokens/min", "min": 75593.91960872525, "p50": 75593.91960872525, "p90": 75593.91960872525, "p95": 75593.91960872525, "p99": 75593.91960872525, "max": 75593.91960872525}}
{"actual_qps": 6.84181589283377, "success_rate": 100.0, "input_tokens": 4308, "output_tokens": 176, "model": "meta-llama/Llama-3.1-8B-Instruct", "input_tokens_per_minute": 1434536.7615573753, "output_tokens_per_minute": 58753.23641951164, "Latency": {"unit": "s", "min": 0.8287470400100574, "p50": 12.526569592009764, "p90": 34.129840968013745, "p95": 39.40253175488906, "p99": 41.580569075978126, "max": 43.87966134410817}, "Throughput": {"unit": "tokens/s", "min": 0.5152275564571258, "p50": 15.21038147671835, "p90": 43.316263332915696, "p95": 53.19507262030434, "p99": 80.46550564196852, "max": 94.36343796852495}, "TTFT": {"unit": "s", "min": 0.3116628839634359, "p50": 4.154684543493204, "p90": 23.126929812587335, "p95": 31.78630116751301, "p99": 34.401841800544645, "max": 37.85174764506519}, "TPOT": {"unit": "ms", "min": 5.85939982922364, "p50": 40.34089015281424, "p90": 58.16346479053236, "p95": 59.59557424089988, "p99": 63.707088362634785, "max": 67.11017990019172}, "Input Tokens per Minute": {"unit": "tokens/min", "min": 1434536.7615573753, "p50": 1434536.7615573753, "p90": 1434536.7615573753, "p95": 1434536.7615573753, "p99": 1434536.7615573753, "max": 1434536.7615573753}, "Output Tokens per Minute": {"unit": "tokens/min", "min": 58753.23641951164, "p50": 58753.23641951164, "p90": 58753.23641951164, "p95": 58753.23641951164, "p99": 58753.23641951164, "max": 58753.23641951164}}
{"actual_qps": 6.739356945945134, "success_rate": 100.0, "input_tokens": 4212, "output_tokens": 175, "model": "meta-llama/Llama-3.1-8B-Instruct", "input_tokens_per_minute": 1905096.620989317, "output_tokens_per_minute": 79291.30372064281, "Latency": {"unit": "s", "min": 0.5275512100197375, "p50": 10.673738747951575, "p90": 48.1409741997486, "p95": 61.73245949937262, "p99": 69.45983370931354, "max": 72.47471513203345}, "Throughput": {"unit": "tokens/s", "min": 0.39964681212982417, "p50": 16.35154845323805, "p90": 30.599457740355284, "p95": 36.071521727023736, "p99": 47.049625000427, "max": 124.1527526645307}, "TTFT": {"unit": "s", "min": 0.043338733026757836, "p50": 2.8115948860067874, "p90": 38.700413465802555, "p95": 52.44133682221866, "p99": 63.33638319377322, "max": 69.12660532002337}, "TPOT": {"unit": "ms", "min": 6.507968130502756, "p50": 43.179762361912836, "p90": 54.823055665415886, "p95": 56.21770758117339, "p99": 60.47116349757787,