{"target_qps": 5.0, "actual_qps": 4.392738466362476, "success_rate": 100.0, "input_tokens": 155, "output_tokens": 349, "model": "meta-llama/Llama-3.1-8B-Instruct", "input_tokens_per_minute": 46513.761467889904, "output_tokens_per_minute": 104987.61467889907, "Latency": {"unit": "s", "min": 2.695688378997147, "p50": 2.9775934109347872, "p90": 17.652441720559732, "p95": 23.22963125943206, "p99": 27.59954967436844, "max": 29.708987865014933}, "Throughput": {"unit": "tokens/s", "min": 11.78094661421156, "p50": 117.54459111679995, "p90": 124.46322287946774, "p95": 125.29699305315549, "p99": 126.71261313745379, "max": 129.83696584773918}, "TTFT": {"unit": "s", "min": 0.01580995600670576, "p50": 0.035780497011728585, "p90": 0.553958040755243, "p95": 1.215629324462492, "p99": 3.4127235888980714, "max": 5.6194557109847665}, "TPOT": {"unit": "ms", "min": 7.657623885500973, "p50": 8.353457565987775, "p90": 47.67486815161357, "p95": 63.788704864095685, "p99": 78.97300133850875, "max": 83.38744828662965}, "Input Tokens per Minute": {"unit": "tokens/min", "min": 46513.761467889904, "p50": 46513.761467889904, "p90": 46513.761467889904, "p95": 46513.761467889904, "p99": 46513.761467889904, "max": 46513.761467889904}, "Output Tokens per Minute": {"unit": "tokens/min", "min": 104987.61467889907, "p50": 104987.61467889907, "p90": 104987.61467889907, "p95": 104987.61467889907, "p99": 104987.61467889907, "max": 104987.61467889907}}
{"target_qps": 5.0, "actual_qps": 4.665511101839483, "success_rate": 100.0, "input_tokens": 179, "output_tokens": 349, "model": "meta-llama/Llama-3.1-8B-Instruct", "input_tokens_per_minute": 53763.50364963504, "output_tokens_per_minute": 104928.83211678833, "Latency": {"unit": "s", "min": 2.40165169199463, "p50": 2.896122694481164, "p90": 24.11390301419888, "p95": 29.77859373720708, "p99": 32.005058745425195, "max": 32.75484032102395}, "Throughput": {"unit": "tokens/s", "min": 10.685443634275627, "p50": 120.79269465304114, "p90": 125.10319897454023, "p95": 125.90386994388416, "p99": 127.20655721093044, "max": 127.53524233458097}, "TTFT": {"unit": "s", "min": 0.017167857964523137, "p50": 0.028191822464577854, "p90": 2.593836302321871, "p95": 4.784164440899619, "p99": 13.460525319366685, "max": 19.49566939601209}, "TPOT": {"unit": "ms", "min": 7.4356001832477086, "p50": 8.227059390978956, "p90": 64.41435219735351, "p95": 69.62987421516438, "p99": 84.69413934145076, "max": 89.53599624647985}, "Input Tokens per Minute": {"unit": "tokens/min", "min": 53763.50364963504, "p50": 53763.50364963504, "p90": 53763.50364963504, "p95": 53763.50364963504, "p99": 53763.50364963504, "max": 53763.50364963504}, "Output Tokens per Minute": {"unit": "tokens/min", "min": 104928.83211678833, "p50": 104928.83211678833, "p90": 104928.83211678833, "p95": 104928.83211678833, "p99": 104928.83211678833, "max": 104928.83211678833}}
{"target_qps": 5.0, "actual_qps": 4.498375187776602, "success_rate": 100.0, "input_tokens": 84, "output_tokens": 349, "model": "meta-llama/Llama-3.1-8B-Instruct", "input_tokens_per_minute": 25284.453781512606, "output_tokens_per_minute": 104993.6974789916, "Latency": {"unit": "s", "min": 2.744535634992644, "p50": 2.8465681369416416, "p90": 35.98552560623502, "p95": 45.061796629056296, "p99": 59.259754814790796, "max": 61.73507148597855}, "Throughput": {"unit": "tokens/s", "min": 5.66938681004837, "p50": 122.95507577769173, "p90": 126.09920506040663, "p95": 126.6136246652484, "p99": 127.3768139715928, "max": 127.52612702036862}, "TTFT": {"unit": "s", "min": 0.01536031998693943, "p50": 0.024881418503355235, "p90": 0.9868657508399356, "p95": 4.114489035983566, "p99": 7.227440801648188, "max": 9.313662451924756}, "TPOT": {"unit": "ms", "min": 7.740397862209418, "p50": 8.06905854280563, "p90": 100.6244506582519, "p95": 127.12715040641504, "p99": 162.42648540176774, "max": 169.47629940122326}, "Input Tokens per Minute": {"unit": "tokens/min", "min": 25284.453781512606, "p50": 25284.453781512606, "p90": 25284.453781512606, "p95": 25284.453781512606, "p99": 25284.453781512606, "max": 25284.453781512606}, "Output Tokens per Minute": {"unit": "tokens/min", "min": 104993.6974789916, "p50": 104993.6974789916, "p90": 104993.6974789916, "p95": 104993.6974789916, "p99": 104993.6974789916, "max": 104993.6974789916}}
{"target_qps": 5.0, "actual_qps": 4.624011514475574, "success_rate": 100.0, "input_tokens": 87, "output_tokens": 349, "model": "meta-llama/Llama-3.1-8B-Instruct", "input_tokens_per_minute": 29261.605679739714, "output_tokens_per_minute": 116911.15952693803, "Latency": {"unit": "s", "min": 2.4160018619149923, "p50": 2.919817021000199, "p90": 65.50851434795186, "p95": 72.92789589223685, "p99": 77.22909435121107, "max": 80.0617172869388}, "Throughput": {"unit": "tokens/s", "min": 4.371627437687984, "p50": 119.8705269877862, "p90": 123.54956922075755, "p95": 123.95832489583756, "p99": 128.12697754855742, "max": 128.37564336178934}, "TTFT": {"unit": "s", "min": 0.01675212394911796, "p50": 0.0281706175301224, "p90": 4.604332425515167, "p95": 6.964596649952, "p99": 15.690918645949562, "max": 17.06111438490916}, "TPOT": {"unit": "ms", "min": 7.7561900832885105, "p50": 8.275779193156481, "p90": 174.18012505295127, "p95": 200.4440497878184, "p99": 211.51157323179967, "max": 215.64650052743445}, "Input Tokens per Minute": {"unit": "tokens/min", "min": 29261.605679739714, "p50": 29261.605679739714, "p90": 29261.605679739714, "p95": 29261.605679739714, "p99": 29261.605679739714, "max": 29261.605679739714}, "Output Tokens per Minute": {"unit": "tokens/min", "min": 116911.15952693803, "p50": 116911.15952693803, "p90": 116911.15952693803, "p95": 116911.15952693803, "p99": 116911.15952693803, "max": 116911.15952693803}}
{"target_qps": 5.0, "actual_qps": 5.30755566448129, "success_rate": 100.0, "input_tokens": 127, "output_tokens": 349, "model": "meta-llama/Llama-3.1-8B-Instruct", "input_tokens_per_minute": 38340.217391304344, "output_tokens_per_minute": 104998.91304347826, "Latency": {"unit": "s", "min": 2.776513864984736, "p50": 2.8624842805438675, "p90": 32.87641797348624, "p95": 37.86948539750301, "p99": 68.10530823696172, "max": 73.5094596920535}, "Throughput": {"unit": "tokens/s", "min": 4.761291967948386, "p50": 122.27141543518681, "p90": 124.12606807979645, "p95": 124.50249947315882, "p99": 125.70527800875443, "max": 126.05735718230392}, "TTFT": {"unit": "s", "min": 0.01568045699968934, "p50": 0.02672310097841546, "p90": 2.6503867495339364, "p95": 7.494907726533711, "p99": 29.647901549818926, "max": 36.680584551999345}, "TPOT": {"unit": "ms", "min": 7.627533773763537, "p50": 8.120107565897072, "p90": 88.71088096559085, "p95": 102.77329787739052, "p99": 153.43191560811795, "max": 154.9402188364934}, "Input Tokens per Minute": {"unit": "tokens/min", "min": 38340.217391304344, "p50": 38340.217391304344, "p90": 38340.217391304344, "p95": 38340.217391304344, "p99": 38340.217391304344, "max": 38340.217391304344}, "Output Tokens per Minute": {"unit": "tokens/min", "min": 104998.91304347826, "p50": 104998.91304347826, "p90": 104998.91304347826, "p95": 104998.91304347826, "p99": 104998.91304347826, "max": 104998.91304347826}}
{"target_qps": 5.0, "actual_qps": 5.523893435986662, "success_rate": 100.0, "input_tokens": 115, "output_tokens": 348, "model": "meta-llama/Llama-3.1-8B-Instruct", "input_tokens_per_minute": 40909.15892794446, "output_tokens_per_minute": 123173.04965166668, "Latency": {"unit": "s", "min": 0.029014506028033793, "p50": 2.9372094970894977, "p90": 45.03148265357595, "p95": 59.22424862546614, "p99": 69.8013181048538, "max": 73.16493585403077}, "Throughput": {"unit": "tokens/s", "min": 4.783712251156412, "p50": 119.14005912858252, "p90": 123.69479692929221, "p95": 124.45176176326457, "p99": 125.32405104693633, "max": 125.63642599047986}, "TTFT": {"unit": "s", "min": 0.016503581078723073, "p50": 0.029845146520528942, "p90": 4.488492977374698, "p95": 5.659433040191649, "p99": 12.070359040766485, "max": 16.906927129952237}, "TPOT": {"unit": "ms",