{"target_qps": 3.0, "actual_qps": 2.9999304974110403, "success_rate": 100.0, "input_tokens": 4123, "output_tokens": 174, "model": "meta-llama/Llama-3.1-8B-Instruct", "input_tokens_per_minute": 742190.1265822785, "output_tokens_per_minute": 31470.379746835442, "Latency": {"unit": "s", "min": 0.3115350480074994, "p50": 2.619100632495247, "p90": 8.624641046684701, "p95": 9.153073837261765, "p99": 9.548953623546405, "max": 9.670181153982412}, "Throughput": {"unit": "tokens/s", "min": 5.457913088225405, "p50": 59.00015733548868, "p90": 103.62338904170326, "p95": 110.50631422801382, "p99": 115.93050720681454, "max": 120.23046525625458}, "TTFT": {"unit": "s", "min": 0.043001626967452466, "p50": 0.41930014998069964, "p90": 2.4060198191204147, "p95": 3.4862037755665387, "p99": 5.562666437854642, "max": 7.148831645958126}, "TPOT": {"unit": "ms", "min": 7.699763643363463, "p50": 12.800738336764557, "p90": 35.77867868238237, "p95": 37.971900943836346, "p99": 45.21322713128443, "max": 47.29084246459284}, "Input Tokens per Minute": {"unit": "tokens/min", "min": 742190.1265822785, "p50": 742190.1265822785, "p90": 742190.1265822785, "p95": 742190.1265822785, "p99": 742190.1265822785, "max": 742190.1265822785}, "Output Tokens per Minute": {"unit": "tokens/min", "min": 31470.379746835442, "p50": 31470.379746835442, "p90": 31470.379746835442, "p95": 31470.379746835442, "p99": 31470.379746835442, "max": 31470.379746835442}}
{"target_qps": 3.0, "actual_qps": 2.995097207224293, "success_rate": 100.0, "input_tokens": 4333, "output_tokens": 174, "model": "meta-llama/Llama-3.1-8B-Instruct", "input_tokens_per_minute": 796067.8850738807, "output_tokens_per_minute": 31985.64144168397, "Latency": {"unit": "s", "min": 0.5742780410218984, "p50": 6.151195606478723, "p90": 16.637126233801247, "p95": 19.165136399399486, "p99": 20.232484485238672, "max": 20.50683875597315}, "Throughput": {"unit": "tokens/s", "min": 2.30442528121139, "p50": 26.98761053885132, "p90": 90.59749831755347, "p95": 98.16138353435682, "p99": 110.8611345977672, "max": 127.36977759842385}, "TTFT": {"unit": "s", "min": 0.03516413003671914, "p50": 1.0595689685142133, "p90": 8.059446583810512, "p95": 12.608728999295268, "p99": 15.529911571822593, "max": 15.750626922992524}, "TPOT": {"unit": "ms", "min": 7.614010557691431, "p50": 22.80858003513317, "p90": 55.52455314280804, "p95": 57.10663649070245, "p99": 57.61039352519036, "max": 58.449880707485136}, "Input Tokens per Minute": {"unit": "tokens/min", "min": 796067.8850738807, "p50": 796067.8850738807, "p90": 796067.8850738807, "p95": 796067.8850738807, "p99": 796067.8850738807, "max": 796067.8850738807}, "Output Tokens per Minute": {"unit": "tokens/min", "min": 31985.64144168397, "p50": 31985.64144168397, "p90": 31985.64144168397, "p95": 31985.64144168397, "p99": 31985.64144168397, "max": 31985.64144168397}}
{"target_qps": 3.0, "actual_qps": 2.999708872006738, "success_rate": 100.0, "input_tokens": 4138, "output_tokens": 179, "model": "meta-llama/Llama-3.1-8B-Instruct", "input_tokens_per_minute": 768506.002207267, "output_tokens_per_minute": 33381.35674025049, "Latency": {"unit": "s", "min": 0.28830524295335636, "p50": 2.4914666100230534, "p90": 9.47209588548867, "p95": 10.67116406626883, "p99": 11.913877356282324, "max": 12.728583700023592}, "Throughput": {"unit": "tokens/s", "min": 7.957859256601991, "p50": 74.00687336558082, "p90": 100.8356916956877, "p95": 102.77589051877659, "p99": 114.14347488070564, "max": 117.95108927429534}, "TTFT": {"unit": "s", "min": 0.0504822630318813, "p50": 0.3754114790062886, "p90": 2.8484018165036105, "p95": 4.095714389986824, "p99": 7.994432177123975, "max": 10.049995856010355}, "TPOT": {"unit": "ms", "min": 7.896383794026927, "p50": 11.538373462296555, "p90": 29.850429612547966, "p95": 37.17606797496713, "p99": 42.299407299116005, "max": 54.82406606639012}, "Input Tokens per Minute": {"unit": "tokens/min", "min": 768506.002207267, "p50": 768506.002207267, "p90": 768506.002207267, "p95": 768506.002207267, "p99": 768506.002207267, "max": 768506.002207267}, "Output Tokens per Minute": {"unit": "tokens/min", "min": 33381.35674025049, "p50": 33381.35674025049, "p90": 33381.35674025049, "p95": 33381.35674025049, "p99": 33381.35674025049, "max": 33381.35674025049}}
{"target_qps": 3.0, "actual_qps": 2.999284373647191, "success_rate": 100.0, "input_tokens": 4304, "output_tokens": 171, "model": "meta-llama/Llama-3.1-8B-Instruct", "input_tokens_per_minute": 795037.5716345955, "output_tokens_per_minute": 31731.058179069903, "Latency": {"unit": "s", "min": 0.3382295959745534, "p50": 2.5630383969983086, "p90": 8.94030658955453, "p95": 10.71584601518698, "p99": 11.260073433846701, "max": 11.677172788011376}, "Throughput": {"unit": "tokens/s", "min": 5.622738625922935, "p50": 56.29492260755178, "p90": 92.77307175124716, "p95": 96.00323704466527, "p99": 103.86498734499648, "max": 117.10843373520257}, "TTFT": {"unit": "s", "min": 0.06748056400101632, "p50": 0.44026263896375895, "p90": 3.1862442397861734, "p95": 3.8243138377787536, "p99": 6.994402417975939, "max": 8.636674285051413}, "TPOT": {"unit": "ms", "min": 7.799840934724364, "p50": 11.919329120735428, "p90": 36.98444931654391, "p95": 41.50290010459922, "p99": 52.944520832572024, "max": 55.85347655869555}, "Input Tokens per Minute": {"unit": "tokens/min", "min": 795037.5716345955, "p50": 795037.5716345955, "p90": 795037.5716345955, "p95": 795037.5716345955, "p99": 795037.5716345955, "max": 795037.5716345955}, "Output Tokens per Minute": {"unit": "tokens/min", "min": 31731.058179069903, "p50": 31731.058179069903, "p90": 31731.058179069903, "p95": 31731.058179069903, "p99": 31731.058179069903, "max": 31731.058179069903}}
{"target_qps": 3.0, "actual_qps": 2.9999880026981853, "success_rate": 100.0, "input_tokens": 4145, "output_tokens": 180, "model": "meta-llama/Llama-3.1-8B-Instruct", "input_tokens_per_minute": 746147.6470588235, "output_tokens_per_minute": 32558.823529411766, "Latency": {"unit": "s", "min": 0.23046533099841326, "p50": 2.5773431074921973, "p90": 11.343661920382873, "p95": 12.03085804703587, "p99": 12.786045451837708, "max": 13.471269358007703}, "Throughput": {"unit": "tokens/s", "min": 2.3772938486698583, "p50": 67.57308322632724, "p90": 101.78249940669201, "p95": 108.41058124564147, "p99": 114.39719885480228, "max": 116.80641310013104}, "TTFT": {"unit": "s", "min": 0.05016174400225282, "p50": 0.496672025998123, "p90": 4.835220925783503, "p95": 6.435989508102642, "p99": 8.77335204043426, "max": 10.481153801025357}, "TPOT": {"unit": "ms", "min": 7.921012688542823, "p50": 11.328063552775632, "p90": 44.66972477999094, "p95": 49.64800102350445, "p99": 60.40355004404938, "max": 138.6222448816304}, "Input Tokens per Minute": {"unit": "tokens/min", "min": 746147.6470588235, "p50": 746147.6470588235, "p90": 746147.6470588235, "p95": 746147.6470588235, "p99": 746147.6470588235, "max": 746147.6470588235}, "Output Tokens per Minute": {"unit": "tokens/min", "min": 32558.823529411766, "p50": 32558.823529411766, "p90": 32558.823529411766, "p95": 32558.823529411766, "p99": 32558.823529411766, "max": 32558.823529411766}}
{"target_qps": 3.0, "actual_qps": 2.9999397260110694, "success_rate": 100.0, "input_tokens": 4253, "output_tokens": 179, "model": "meta-llama/Llama-3.1-8B-Instruct", "input_tokens_per_minute": 765607.2413793104, "output_tokens_per_minute": 32376.206896551725, "Latency": {"unit": "s", "min": 0.21640206297161058, "p50": 2.9136151334969327, "p90": 12.12014080999652, "p95": 12.645227382527082, "p99": 13.395371502532509, "max": 13.574841693975031}, "Throughput": {"unit": "tokens/s", "min": 7.590243555575741, "p50": 38.62310732326688, "p90": 104.56253893166317, "p95": 109.88957470102775, "p99": 115.29233869309371, "max": 123.79391434485429}, "TTFT": {"unit": "s", "min": 0.02290095400530845, "p50": 0.40833390099578537, "p90": 3.553976989991499, "p95": 6.255690766431508, "p99": 9.572379049360181, "max": 10.482915567990858}, "TPOT": {"unit": "ms", "min": 7.659804825063633,