{"target_qps": 3.0, "actual_qps": 2.9995557770380414, "success_rate": 100.0, "input_tokens": 4224, "output_tokens": 175, "model": "meta-llama/Llama-3.1-8B-Instruct", "input_tokens_per_minute": 760371.2790697674, "output_tokens_per_minute": 31608.837209302324, "Latency": {"unit": "s", "min": 0.31516910501522943, "p50": 2.3329952750063967, "p90": 5.318477813788923, "p95": 5.849588188636699, "p99": 7.253715394856408, "max": 7.621190062025562}, "Throughput": {"unit": "tokens/s", "min": 9.748852825495119, "p50": 77.55297051185823, "p90": 100.14197384883865, "p95": 104.48688803827162, "p99": 111.76529199777126, "max": 121.94903877988007}, "TTFT": {"unit": "s", "min": 0.0480546280159615, "p50": 0.3558391249971464, "p90": 1.528902888018638, "p95": 1.9012833468732424, "p99": 2.6693452374997952, "max": 4.593496531015262}, "TPOT": {"unit": "ms", "min": 6.176847110812862, "p50": 10.818469861841727, "p90": 19.831873761108568, "p95": 21.690403907807628, "p99": 25.6893753058841, "max": 26.21253766665177}, "Input Tokens per Minute": {"unit": "tokens/min", "min": 760371.2790697674, "p50": 760371.2790697674, "p90": 760371.2790697674, "p95": 760371.2790697674, "p99": 760371.2790697674, "max": 760371.2790697674}, "Output Tokens per Minute": {"unit": "tokens/min", "min": 31608.837209302324, "p50": 31608.837209302324, "p90": 31608.837209302324, "p95": 31608.837209302324, "p99": 31608.837209302324, "max": 31608.837209302324}}
{"target_qps": 3.0, "actual_qps": 2.9996059600627683, "success_rate": 100.0, "input_tokens": 4268, "output_tokens": 177, "model": "meta-llama/Llama-3.1-8B-Instruct", "input_tokens_per_minute": 768390.0, "output_tokens_per_minute": 31894.0, "Latency": {"unit": "s", "min": 0.22195141803240404, "p50": 2.309258741501253, "p90": 6.325912937684915, "p95": 7.105497082966022, "p99": 8.288253962735764, "max": 8.5263250709977}, "Throughput": {"unit": "tokens/s", "min": 6.286173332670039, "p50": 76.5100822549229, "p90": 102.30392811941917, "p95": 105.87476510562269, "p99": 112.17848774473207, "max": 119.1691509382417}, "TTFT": {"unit": "s", "min": 0.05633078096434474, "p50": 0.35872861748794094, "p90": 1.9637157637800553, "p95": 2.5518002560711457, "p99": 3.9191846806078736, "max": 4.476461248996202}, "TPOT": {"unit": "ms", "min": 7.313147002338048, "p50": 10.355303537547496, "p90": 23.42740150853575, "p95": 25.40975273094433, "p99": 31.12490402574678, "max": 33.00629872372421}, "Input Tokens per Minute": {"unit": "tokens/min", "min": 768390.0, "p50": 768390.0, "p90": 768390.0, "p95": 768390.0, "p99": 768390.0, "max": 768390.0}, "Output Tokens per Minute": {"unit": "tokens/min", "min": 31894.0, "p50": 31894.0, "p90": 31894.0, "p95": 31894.0, "p99": 31894.0, "max": 31894.0}}
{"target_qps": 3.0, "actual_qps": 2.999586080167535, "success_rate": 100.0, "input_tokens": 4076, "output_tokens": 179, "model": "meta-llama/Llama-3.1-8B-Instruct", "input_tokens_per_minute": 733802.6815642458, "output_tokens_per_minute": 32341.67597765363, "Latency": {"unit": "s", "min": 0.40283853001892567, "p50": 2.2293986339936964, "p90": 5.805837208207233, "p95": 6.773250656033633, "p99": 7.2373189550137615, "max": 8.151877195981797}, "Throughput": {"unit": "tokens/s", "min": 6.109267451715093, "p50": 84.28690473127877, "p90": 105.47779620995499, "p95": 112.73151645847715, "p99": 119.0134714596205, "max": 121.02243264655034}, "TTFT": {"unit": "s", "min": 0.023186156002338976, "p50": 0.31643815099960193, "p90": 1.7622903227922508, "p95": 1.9420463703398125, "p99": 2.777046466171741, "max": 3.6003357569570653}, "TPOT": {"unit": "ms", "min": 7.537200917593307, "p50": 9.946012070365063, "p90": 21.77112340300003, "p95": 24.57303961399488, "p99": 26.460421501311362, "max": 27.053348718611197}, "Input Tokens per Minute": {"unit": "tokens/min", "min": 733802.6815642458, "p50": 733802.6815642458, "p90": 733802.6815642458, "p95": 733802.6815642458, "p99": 733802.6815642458, "max": 733802.6815642458}, "Output Tokens per Minute": {"unit": "tokens/min", "min": 32341.67597765363, "p50": 32341.67597765363, "p90": 32341.67597765363, "p95": 32341.67597765363, "p99": 32341.67597765363, "max": 32341.67597765363}}
{"target_qps": 3.0, "actual_qps": 2.998586030152963, "success_rate": 100.0, "input_tokens": 4344, "output_tokens": 176, "model": "meta-llama/Llama-3.1-8B-Instruct", "input_tokens_per_minute": 782056.7597765363, "output_tokens_per_minute": 31741.340782122905, "Latency": {"unit": "s", "min": 0.3567741659935564, "p50": 2.3398735899827443, "p90": 5.3853327027987685, "p95": 5.9851139756559855, "p99": 6.552567483013263, "max": 6.779726307024248}, "Throughput": {"unit": "tokens/s", "min": 8.294855434334922, "p50": 79.22010823292317, "p90": 103.9124937413916, "p95": 107.87164506626046, "p99": 118.63462508005784, "max": 122.38590941340881}, "TTFT": {"unit": "s", "min": 0.05527892796089873, "p50": 0.33317942696157843, "p90": 1.6655115987872715, "p95": 1.9436053984914905, "p99": 2.639582959547406, "max": 3.274679667025339}, "TPOT": {"unit": "ms", "min": 6.820155165365173, "p50": 10.306095392045439, "p90": 21.860456697196863, "p95": 22.773649008656804, "p99": 25.731967552417736, "max": 27.161679186974652}, "Input Tokens per Minute": {"unit": "tokens/min", "min": 782056.7597765363, "p50": 782056.7597765363, "p90": 782056.7597765363, "p95": 782056.7597765363, "p99": 782056.7597765363, "max": 782056.7597765363}, "Output Tokens per Minute": {"unit": "tokens/min", "min": 31741.340782122905, "p50": 31741.340782122905, "p90": 31741.340782122905, "p95": 31741.340782122905, "p99": 31741.340782122905, "max": 31741.340782122905}}
{"target_qps": 3.0, "actual_qps": 2.9999634062445626, "success_rate": 100.0, "input_tokens": 4151, "output_tokens": 180, "model": "meta-llama/Llama-3.1-8B-Instruct", "input_tokens_per_minute": 747204.0, "output_tokens_per_minute": 32508.0, "Latency": {"unit": "s", "min": 0.38511242100503296, "p50": 2.2233658205077518, "p90": 5.242971923295408, "p95": 5.77580207143328, "p99": 6.538858244500007, "max": 6.734070995997172}, "Throughput": {"unit": "tokens/s", "min": 6.610541902009128, "p50": 84.05690571688632, "p90": 103.14424128176944, "p95": 107.1671637163334, "p99": 117.08339272868965, "max": 120.26564755300117}, "TTFT": {"unit": "s", "min": 0.02940004097763449, "p50": 0.3030973015120253, "p90": 1.602177844190737, "p95": 1.9812234776793043, "p99": 2.568547561902088, "max": 3.645290033018682}, "TPOT": {"unit": "ms", "min": 7.827271072172378, "p50": 10.254798339944724, "p90": 20.02726205718772, "p95": 21.822044243553727, "p99": 23.47252685505551, "max": 25.042169321686423}, "Input Tokens per Minute": {"unit": "tokens/min", "min": 747204.0, "p50": 747204.0, "p90": 747204.0, "p95": 747204.0, "p99": 747204.0, "max": 747204.0}, "Output Tokens per Minute": {"unit": "tokens/min", "min": 32508.0, "p50": 32508.0, "p90": 32508.0, "p95": 32508.0, "p99": 32508.0, "max": 32508.0}}
{"target_qps": 3.0, "actual_qps": 2.9999781969598436, "success_rate": 100.0, "input_tokens": 4336, "output_tokens": 176, "model": "meta-llama/Llama-3.1-8B-Instruct", "input_tokens_per_minute": 788901.99678765, "output_tokens_per_minute": 32062.880891748922, "Latency": {"unit": "s", "min": 0.23188296699663624, "p50": 2.1691039334982634, "p90": 5.73729088632972, "p95": 6.716448545572346, "p99": 6.964974865188124, "max": 7.1510739009827375}, "Throughput": {"unit": "tokens/s", "min": 10.990227401805418, "p50": 87.42143908165183, "p90": 110.25098741779294, "p95": 115.35815698226908, "p99": 121.23800396421952, "max": 126.34058777533454}, "TTFT": {"unit": "s", "min": 0.02013632102170959, "p50": 0.27496238448657095, "p90": 1.7233824584574915, "p95": 2.317574333125958, "p99": 3.054027557104127, "max": 3.3936600029701367}, "TPOT": {"unit": "ms", "min": 7.817401949299716, "p50": 10.29684288495163, "p90": 22.17391618046601, "p95": 24.635385488824365, "p99": 27.341643778272392, "max": 29.39320332663199}, "Input Tokens per Minute": {"unit": "tokens/min", "min": 788901.99678765, "p50": 788901.99678765, "p90": 788901.99678765,