{"target_qps": 6.0, "actual_qps": 5.286678356229419, "success_rate": 100.0, "input_tokens": 229, "output_tokens": 300, "model": "meta-llama/Llama-3.1-8B-Instruct", "input_tokens_per_minute": 82711.2, "output_tokens_per_minute": 108000.0, "Latency": {"unit": "s", "min": 2.521677842014469, "p50": 2.816815315018175, "p90": 4.8379756770911655, "p95": 5.932253922172825, "p99": 14.938843488154228, "max": 15.961672900011763}, "Throughput": {"unit": "tokens/s", "min": 18.795022418970817, "p50": 106.50325860041082, "p90": 112.37495764471261, "p95": 114.55496005129467, "p99": 117.6142128330061, "max": 118.96840865300295}, "TTFT": {"unit": "s", "min": 0.02804077503969893, "p50": 0.1707964870147407, "p90": 0.4568914580740966, "p95": 0.6456143436022105, "p99": 1.2536121011769852, "max": 3.2348536899662577}, "TPOT": {"unit": "ms", "min": 8.109302418057288, "p50": 8.76501691800209, "p90": 15.483266697343081, "p95": 18.849147250905034, "p99": 48.428411647491686, "max": 52.754153899714524}, "Input Tokens per Minute": {"unit": "tokens/min", "min": 82711.2, "p50": 82711.2, "p90": 82711.2, "p95": 82711.2, "p99": 82711.2, "max": 82711.2}, "Output Tokens per Minute": {"unit": "tokens/min", "min": 108000.0, "p50": 108000.0, "p90": 108000.0, "p95": 108000.0, "p99": 108000.0, "max": 108000.0}}
{"target_qps": 6.0, "actual_qps": 4.535599870072629, "success_rate": 100.0, "input_tokens": 249, "output_tokens": 298, "model": "meta-llama/Llama-3.1-8B-Instruct", "input_tokens_per_minute": 89747.14285714287, "output_tokens_per_minute": 107468.57142857143, "Latency": {"unit": "s", "min": 0.9448006930178963, "p50": 2.78474135248689, "p90": 4.4948875343136026, "p95": 5.225746278633595, "p99": 7.884260726611859, "max": 11.250662298989482}, "Throughput": {"unit": "tokens/s", "min": 26.66509686518149, "p50": 107.64977448928998, "p90": 111.95238652199482, "p95": 112.83261597850593, "p99": 118.48990714943015, "max": 121.69969404747303}, "TTFT": {"unit": "s", "min": 0.04036905599059537, "p50": 0.1640353084949311, "p90": 0.43252873948658815, "p95": 0.5538287564151687, "p99": 1.1713032971805692, "max": 2.5043620170326903}, "TPOT": {"unit": "ms", "min": 8.093602056724071, "p50": 8.74983124574335, "p90": 13.440509684840187, "p95": 16.120876113371764, "p99": 23.753171494558938, "max": 36.720316444779044}, "Input Tokens per Minute": {"unit": "tokens/min", "min": 89747.14285714287, "p50": 89747.14285714287, "p90": 89747.14285714287, "p95": 89747.14285714287, "p99": 89747.14285714287, "max": 89747.14285714287}, "Output Tokens per Minute": {"unit": "tokens/min", "min": 107468.57142857143, "p50": 107468.57142857143, "p90": 107468.57142857143, "p95": 107468.57142857143, "p99": 107468.57142857143, "max": 107468.57142857143}}
{"target_qps": 6.0, "actual_qps": 4.415914825816028, "success_rate": 100.0, "input_tokens": 172, "output_tokens": 297, "model": "meta-llama/Llama-3.1-8B-Instruct", "input_tokens_per_minute": 62113.30739299611, "output_tokens_per_minute": 107228.17120622568, "Latency": {"unit": "s", "min": 0.7059307090239599, "p50": 2.7626846049679443, "p90": 4.775133744010236, "p95": 5.6421223600278605, "p99": 7.398414178155361, "max": 13.055492216022685}, "Throughput": {"unit": "tokens/s", "min": 22.978834886961778, "p50": 108.20776301241754, "p90": 114.95173311677631, "p95": 116.46433248725471, "p99": 119.5792532878448, "max": 120.39088130920379}, "TTFT": {"unit": "s", "min": 0.022857829986605793, "p50": 0.14469532197108492, "p90": 0.37947111919056625, "p95": 0.4854034841991958, "p99": 0.6192684077355078, "max": 2.094429927004967}, "TPOT": {"unit": "ms", "min": 8.07414124747053, "p50": 8.724127498410182, "p90": 15.518623663589086, "p95": 18.314495977881773, "p99": 21.336310080472174, "max": 41.968694899735794}, "Input Tokens per Minute": {"unit": "tokens/min", "min": 62113.30739299611, "p50": 62113.30739299611, "p90": 62113.30739299611, "p95": 62113.30739299611, "p99": 62113.30739299611, "max": 62113.30739299611}, "Output Tokens per Minute": {"unit": "tokens/min", "min": 107228.17120622568, "p50": 107228.17120622568, "p90": 107228.17120622568, "p95": 107228.17120622568, "p99": 107228.17120622568, "max": 107228.17120622568}}
{"target_qps": 6.0, "actual_qps": 4.632032686501109, "success_rate": 100.0, "input_tokens": 264, "output_tokens": 299, "model": "meta-llama/Llama-3.1-8B-Instruct", "input_tokens_per_minute": 95162.09790209791, "output_tokens_per_minute": 107896.78321678322, "Latency": {"unit": "s", "min": 2.1685808910406195, "p50": 2.825358549016528, "p90": 5.477871310518822, "p95": 6.282044387495262, "p99": 10.17023610969481, "max": 16.791122404974885}, "Throughput": {"unit": "tokens/s", "min": 17.86658406534609, "p50": 106.01656850266714, "p90": 114.58982434194752, "p95": 115.43607088571171, "p99": 117.15236638166684, "max": 118.09415058675799}, "TTFT": {"unit": "s", "min": 0.04111514298710972, "p50": 0.16682842050795443, "p90": 0.5143313630251214, "p95": 0.6298814959882293, "p99": 1.415069441511858, "max": 5.905528479022905}, "TPOT": {"unit": "ms", "min": 7.482614802713677, "p50": 8.714115998281764, "p90": 17.187612050156073, "p95": 18.447345770960894, "p99": 33.05479874692306, "max": 55.65275114035875}, "Input Tokens per Minute": {"unit": "tokens/min", "min": 95162.09790209791, "p50": 95162.09790209791, "p90": 95162.09790209791, "p95": 95162.09790209791, "p99": 95162.09790209791, "max": 95162.09790209791}, "Output Tokens per Minute": {"unit": "tokens/min", "min": 107896.78321678322, "p50": 107896.78321678322, "p90": 107896.78321678322, "p95": 107896.78321678322, "p99": 107896.78321678322, "max": 107896.78321678322}}
{"target_qps": 6.0, "actual_qps": 4.6879228665384325, "success_rate": 100.0, "input_tokens": 202, "output_tokens": 300, "model": "meta-llama/Llama-3.1-8B-Instruct", "input_tokens_per_minute": 72835.9090909091, "output_tokens_per_minute": 108000.00000000001, "Latency": {"unit": "s", "min": 2.4513352959766053, "p50": 2.8563869729987346, "p90": 4.35969891062123, "p95": 10.512272556347307, "p99": 31.238072448535252, "max": 37.22052662400529}, "Throughput": {"unit": "tokens/s", "min": 8.060068655947381, "p50": 105.02809354731295, "p90": 113.11514514602679, "p95": 115.19868826087782, "p99": 120.05662096243867, "max": 122.38227895318613}, "TTFT": {"unit": "s", "min": 0.022276746982242912, "p50": 0.1506540439731907, "p90": 0.4354898700257763, "p95": 0.5688207213708665, "p99": 1.657083031698714, "max": 4.63367994397413}, "TPOT": {"unit": "ms", "min": 8.119617735797283, "p50": 8.996998324439733, "p90": 14.095460245503352, "p95": 34.79698851666051, "p99": 101.62093035444575, "max": 110.02287593998021}, "Input Tokens per Minute": {"unit": "tokens/min", "min": 72835.9090909091, "p50": 72835.9090909091, "p90": 72835.9090909091, "p95": 72835.9090909091, "p99": 72835.9090909091, "max": 72835.9090909091}, "Output Tokens per Minute": {"unit": "tokens/min", "min": 108000.00000000001, "p50": 108000.00000000001, "p90": 108000.00000000001, "p95": 108000.00000000001, "p99": 108000.00000000001, "max": 108000.00000000001}}
{"target_qps": 6.0, "actual_qps": 4.929993954354933, "success_rate": 100.0, "input_tokens": 286, "output_tokens": 299, "model": "meta-llama/Llama-3.1-8B-Instruct", "input_tokens_per_minute": 103080.0, "output_tokens_per_minute": 107809.81132075471, "Latency": {"unit": "s", "min": 1.5780686850193888, "p50": 2.859512505005114, "p90": 5.599750506080454, "p95": 16.12059195956681, "p99": 36.81478045843655, "max": 40.02313135599252}, "Throughput": {"unit": "tokens/s", "min": 7.495665377393868, "p50": 104.91298910277965, "p90": 113.43644004744112, "p95": 115.43393045608654, "p99": 118.42384967569502, "max": 122.13645871468611}, "TTFT": {"unit": "s", "min": 0.032201193971559405, "p50": 0.15060114447260275, "p90": 0.47631133419345134, "p95": 0.6237915208475897, "p99": 4.079317979780591, "max": 18.393002174037974}, "TPOT": {"unit": "ms", "min": 7.993892946609149, "p50": 9.06400663375599, "p90": 17.686738979315116, "p95": 45.6695874246345, "p99": 110.09587319965122, "max": 115.4612602374398},