{"target_qps": 5.5, "actual_qps": 5.495768725589348, "success_rate": 100.0, "input_tokens": 4337, "output_tokens": 175, "model": "meta-llama/Llama-3.1-8B-Instruct", "input_tokens_per_minute": 1431489.7826086958, "output_tokens_per_minute": 57944.89130434783, "Latency": {"unit": "s", "min": 0.7436392379458994, "p50": 5.568902268540114, "p90": 14.662606087513268, "p95": 16.42220583348535, "p99": 18.70512096019229, "max": 21.396560846013017}, "Throughput": {"unit": "tokens/s", "min": 2.0971722814054012, "p50": 32.2216586541294, "p90": 48.06400129151312, "p95": 52.57106485063155, "p99": 56.56496226762422, "max": 61.06735446373029}, "TTFT": {"unit": "s", "min": 0.2048145669978112, "p50": 1.07539109402569, "p90": 4.531269477447495, "p95": 6.552912611979991, "p99": 8.607380206231028, "max": 11.304890385014005}, "TPOT": {"unit": "ms", "min": 8.26464787892559, "p50": 25.25727357524449, "p90": 51.99465065833004, "p95": 54.70360746992115, "p99": 64.25202710948295, "max": 65.21938930162645}, "Input Tokens per Minute": {"unit": "tokens/min", "min": 1431489.7826086958, "p50": 1431489.7826086958, "p90": 1431489.7826086958, "p95": 1431489.7826086958, "p99": 1431489.7826086958, "max": 1431489.7826086958}, "Output Tokens per Minute": {"unit": "tokens/min", "min": 57944.89130434783, "p50": 57944.89130434783, "p90": 57944.89130434783, "p95": 57944.89130434783, "p99": 57944.89130434783, "max": 57944.89130434783}}
{"target_qps": 5.5, "actual_qps": 5.493405351180972, "success_rate": 100.0, "input_tokens": 4311, "output_tokens": 174, "model": "meta-llama/Llama-3.1-8B-Instruct", "input_tokens_per_minute": 1422843.249097473, "output_tokens_per_minute": 57518.88086642599, "Latency": {"unit": "s", "min": 0.6034402259392664, "p50": 5.327279177960008, "p90": 15.385200032196007, "p95": 16.700000189407728, "p99": 18.595364689524292, "max": 21.347882130998187}, "Throughput": {"unit": "tokens/s", "min": 3.3820500881766105, "p50": 33.25612823918181, "p90": 49.64156624118899, "p95": 54.491100487000196, "p99": 59.59524633124957, "max": 60.7479156782884}, "TTFT": {"unit": "s", "min": 0.07199819199740887, "p50": 0.8591026830254123, "p90": 4.5748566655907785, "p95": 6.528732902579934, "p99": 8.497755299890422, "max": 11.181080974056385}, "TPOT": {"unit": "ms", "min": 11.342121810476119, "p50": 24.695944839540925, "p90": 51.89483784906678, "p95": 54.99240295404037, "p99": 64.54480101843482, "max": 65.28771907776363}, "Input Tokens per Minute": {"unit": "tokens/min", "min": 1422843.249097473, "p50": 1422843.249097473, "p90": 1422843.249097473, "p95": 1422843.249097473, "p99": 1422843.249097473, "max": 1422843.249097473}, "Output Tokens per Minute": {"unit": "tokens/min", "min": 57518.88086642599, "p50": 57518.88086642599, "p90": 57518.88086642599, "p95": 57518.88086642599, "p99": 57518.88086642599, "max": 57518.88086642599}}
{"target_qps": 5.5, "actual_qps": 5.492691409337373, "success_rate": 100.0, "input_tokens": 4141, "output_tokens": 181, "model": "meta-llama/Llama-3.1-8B-Instruct", "input_tokens_per_minute": 1406285.792163325, "output_tokens_per_minute": 61464.21554165054, "Latency": {"unit": "s", "min": 1.0936363480286673, "p50": 5.271397749544121, "p90": 21.41662173382938, "p95": 23.5347482098383, "p99": 28.02283167129266, "max": 29.06734355899971}, "Throughput": {"unit": "tokens/s", "min": 1.6812303706092104, "p50": 35.28382486383768, "p90": 48.9456116091666, "p95": 53.0237218270135, "p99": 55.53789203836284, "max": 57.15206987764671}, "TTFT": {"unit": "s", "min": 0.1265944039914757, "p50": 1.0062878530006856, "p90": 11.699536829115829, "p95": 14.762011062138482, "p99": 18.25603535987088, "max": 19.303982113022357}, "TPOT": {"unit": "ms", "min": 15.557132995378545, "p50": 22.97198589705165, "p90": 50.81545152665168, "p95": 51.75967856550744, "p99": 55.06092743922362, "max": 57.76119500247611}, "Input Tokens per Minute": {"unit": "tokens/min", "min": 1406285.792163325, "p50": 1406285.792163325, "p90": 1406285.792163325, "p95": 1406285.792163325, "p99": 1406285.792163325, "max": 1406285.792163325}, "Output Tokens per Minute": {"unit": "tokens/min", "min": 61464.21554165054, "p50": 61464.21554165054, "p90": 61464.21554165054, "p95": 61464.21554165054, "p99": 61464.21554165054, "max": 61464.21554165054}}
{"target_qps": 5.5, "actual_qps": 5.49625925391789, "success_rate": 100.0, "input_tokens": 4177, "output_tokens": 181, "model": "meta-llama/Llama-3.1-8B-Instruct", "input_tokens_per_minute": 1422914.8384755438, "output_tokens_per_minute": 61692.939695708206, "Latency": {"unit": "s", "min": 0.5382845300482586, "p50": 5.068326497916132, "p90": 21.082803751924075, "p95": 23.385136727942154, "p99": 27.84043076687958, "max": 29.051479905028827}, "Throughput": {"unit": "tokens/s", "min": 1.424304491304878, "p50": 37.733257607874855, "p90": 50.748772381407974, "p95": 53.06155435916539, "p99": 55.90590395419425, "max": 59.03919943381301}, "TTFT": {"unit": "s", "min": 0.16505206900183111, "p50": 0.7527142460457981, "p90": 11.825559585005976, "p95": 13.58108703000471, "p99": 17.71030053966679, "max": 19.239930237992667}, "TPOT": {"unit": "ms", "min": 11.355337447538558, "p50": 22.816138512843366, "p90": 51.07103640169149, "p95": 51.85855475333917, "p99": 55.13519781709524, "max": 65.25263752829393}, "Input Tokens per Minute": {"unit": "tokens/min", "min": 1422914.8384755438, "p50": 1422914.8384755438, "p90": 1422914.8384755438, "p95": 1422914.8384755438, "p99": 1422914.8384755438, "max": 1422914.8384755438}, "Output Tokens per Minute": {"unit": "tokens/min", "min": 61692.939695708206, "p50": 61692.939695708206, "p90": 61692.939695708206, "p95": 61692.939695708206, "p99": 61692.939695708206, "max": 61692.939695708206}}
{"target_qps": 5.5, "actual_qps": 5.499874787567547, "success_rate": 100.0, "input_tokens": 4265, "output_tokens": 176, "model": "meta-llama/Llama-3.1-8B-Instruct", "input_tokens_per_minute": 1407639.0092879257, "output_tokens_per_minute": 58184.210526315794, "Latency": {"unit": "s", "min": 0.75373928504996, "p50": 5.544506942969747, "p90": 18.985945206461476, "p95": 25.03768962689209, "p99": 28.140484621087086, "max": 28.466159221017733}, "Throughput": {"unit": "tokens/s", "min": 1.0118950103522406, "p50": 33.55811419554084, "p90": 50.71004878414931, "p95": 52.38277455929228, "p99": 54.56464114950659, "max": 57.36266120867291}, "TTFT": {"unit": "s", "min": 0.18743300903588533, "p50": 0.891195619944483, "p90": 11.245733092399322, "p95": 16.007368253881573, "p99": 17.77346682935953, "max": 18.153427526005544}, "TPOT": {"unit": "ms", "min": 12.030848078307157, "p50": 25.13968244712126, "p90": 52.924252303443545, "p95": 55.18675686115277, "p99": 57.45183156134007, "max": 59.65431752556469}, "Input Tokens per Minute": {"unit": "tokens/min", "min": 1407639.0092879257, "p50": 1407639.0092879257, "p90": 1407639.0092879257, "p95": 1407639.0092879257, "p99": 1407639.0092879257, "max": 1407639.0092879257}, "Output Tokens per Minute": {"unit": "tokens/min", "min": 58184.210526315794, "p50": 58184.210526315794, "p90": 58184.210526315794, "p95": 58184.210526315794, "p99": 58184.210526315794, "max": 58184.210526315794}}
{"target_qps": 5.5, "actual_qps": 5.494141215564026, "success_rate": 100.0, "input_tokens": 4261, "output_tokens": 176, "model": "meta-llama/Llama-3.1-8B-Instruct", "input_tokens_per_minute": 1406210.1577287067, "output_tokens_per_minute": 58403.75394321767, "Latency": {"unit": "s", "min": 0.5625704110134393, "p50": 5.772085512988269, "p90": 18.663492691190932, "p95": 24.59323666838463, "p99": 28.469751111296933, "max": 29.49995657801628}, "Throughput": {"unit": "tokens/s", "min": 1.086181470089874, "p50": 32.48078427450176, "p90": 49.58697795414404, "p95": 51.18958725310577, "p99": 54.55417011628518, "max": 55.77236742647636}, "TTFT": {"unit": "s", "min": 0.15697479899972677, "p50": 1.0380923110060394, "p90": 11.328193780593587, "p95": 16.076490164780985, "p99": 18.015170999011023, "max": 19.178320194943808}, "TPOT": {"unit": "ms", "min": 10.296028586761915,