{"target_qps": 4.5, "actual_qps": 3.8861582834301505, "success_rate": 100.0, "input_tokens": 219, "output_tokens": 297, "model": "meta-llama/Llama-3.1-8B-Instruct", "input_tokens_per_minute": 59137.53488372093, "output_tokens_per_minute": 80402.23255813954, "Latency": {"unit": "s", "min": 1.0213931909529492, "p50": 2.666440599015914, "p90": 16.073803344857875, "p95": 23.664307671331315, "p99": 33.050220160898746, "max": 45.42641762108542}, "Throughput": {"unit": "tokens/s", "min": 2.1790961325802827, "p50": 112.42234736951607, "p90": 118.46053675371371, "p95": 120.53869256182735, "p99": 122.71186689396191, "max": 124.67147632255994}, "TTFT": {"unit": "s", "min": 0.02312191901728511, "p50": 0.1416921130148694, "p90": 0.5140522049739954, "p95": 0.7642368937493299, "p99": 8.964214496845246, "max": 11.070631098002195}, "TPOT": {"unit": "ms", "min": 7.450685397967896, "p50": 8.49162716026041, "p90": 50.51463833569321, "p95": 68.84849325611229, "p99": 129.05585808683324, "max": 463.592975242396}, "Input Tokens per Minute": {"unit": "tokens/min", "min": 59137.53488372093, "p50": 59137.53488372093, "p90": 59137.53488372093, "p95": 59137.53488372093, "p99": 59137.53488372093, "max": 59137.53488372093}, "Output Tokens per Minute": {"unit": "tokens/min", "min": 80402.23255813954, "p50": 80402.23255813954, "p90": 80402.23255813954, "p95": 80402.23255813954, "p99": 80402.23255813954, "max": 80402.23255813954}}
{"target_qps": 4.5, "actual_qps": 3.8295431198582954, "success_rate": 100.0, "input_tokens": 227, "output_tokens": 297, "model": "meta-llama/Llama-3.1-8B-Instruct", "input_tokens_per_minute": 61540.43478260869, "output_tokens_per_minute": 80316.52173913043, "Latency": {"unit": "s", "min": 0.40550358302425593, "p50": 2.688249494996853, "p90": 15.136073043826036, "p95": 24.44234970996619, "p99": 48.789070628343616, "max": 49.18838197004516}, "Throughput": {"unit": "tokens/s", "min": 6.099001186554472, "p50": 111.49023680247971, "p90": 118.3285398062061, "p95": 120.08396095158679, "p99": 124.3857198027228, "max": 127.00330128345334}, "TTFT": {"unit": "s", "min": 0.022674908977933228, "p50": 0.13938397995661944, "p90": 0.5388556290185079, "p95": 0.8225316657801152, "p99": 10.791828894123896, "max": 14.786186835961416}, "TPOT": {"unit": "ms", "min": 7.752916555272346, "p50": 8.550803525136615, "p90": 49.60298872837815, "p95": 64.04315238405027, "p99": 137.6855306453803, "max": 162.2017936288133}, "Input Tokens per Minute": {"unit": "tokens/min", "min": 61540.43478260869, "p50": 61540.43478260869, "p90": 61540.43478260869, "p95": 61540.43478260869, "p99": 61540.43478260869, "max": 61540.43478260869}, "Output Tokens per Minute": {"unit": "tokens/min", "min": 80316.52173913043, "p50": 80316.52173913043, "p90": 80316.52173913043, "p95": 80316.52173913043, "p99": 80316.52173913043, "max": 80316.52173913043}}
{"target_qps": 4.5, "actual_qps": 3.9739797122381866, "success_rate": 100.0, "input_tokens": 254, "output_tokens": 299, "model": "meta-llama/Llama-3.1-8B-Instruct", "input_tokens_per_minute": 68792.97413793103, "output_tokens_per_minute": 80841.72413793103, "Latency": {"unit": "s", "min": 1.557494024047628, "p50": 2.7520334330038168, "p90": 21.395038469741124, "p95": 36.50389935997664, "p99": 44.61024254208196, "max": 47.070507656084374}, "Throughput": {"unit": "tokens/s", "min": 6.3734175588654765, "p50": 108.93972142024393, "p90": 117.07952157072626, "p95": 118.22393397303894, "p99": 119.79478136124818, "max": 121.5410254205111}, "TTFT": {"unit": "s", "min": 0.020746269030496478, "p50": 0.13769681850681081, "p90": 0.7783519226708453, "p95": 1.8578711324138384, "p99": 18.50276668329374, "max": 23.672690735082142}, "TPOT": {"unit": "ms", "min": 8.029064802205623, "p50": 8.694338172294174, "p90": 64.70829329654313, "p95": 89.75628802159956, "p99": 130.58091340487258, "max": 156.07333134113807}, "Input Tokens per Minute": {"unit": "tokens/min", "min": 68792.97413793103, "p50": 68792.97413793103, "p90": 68792.97413793103, "p95": 68792.97413793103, "p99": 68792.97413793103, "max": 68792.97413793103}, "Output Tokens per Minute": {"unit": "tokens/min", "min": 80841.72413793103, "p50": 80841.72413793103, "p90": 80841.72413793103, "p95": 80841.72413793103, "p99": 80841.72413793103, "max": 80841.72413793103}}
{"target_qps": 4.5, "actual_qps": 4.170879547540499, "success_rate": 100.0, "input_tokens": 229, "output_tokens": 299, "model": "meta-llama/Llama-3.1-8B-Instruct", "input_tokens_per_minute": 62057.25, "output_tokens_per_minute": 80907.75, "Latency": {"unit": "s", "min": 2.0963518610224128, "p50": 2.6978053719503805, "p90": 17.243245072092392, "p95": 21.023959866224295, "p99": 38.902779629481955, "max": 46.99814741802402}, "Throughput": {"unit": "tokens/s", "min": 6.383230328882039, "p50": 111.15900456921621, "p90": 116.9337367571125, "p95": 118.75043115439436, "p99": 120.85283593155023, "max": 121.35586397265631}, "TTFT": {"unit": "s", "min": 0.023338458966463804, "p50": 0.12338444642955437, "p90": 0.44275061227381224, "p95": 0.6109123267699028, "p99": 14.41055784111841, "max": 22.129876642953604}, "TPOT": {"unit": "ms", "min": 7.919973448108894, "p50": 8.615917767387156, "p90": 49.82226372098419, "p95": 64.91262793188982, "p99": 123.33061029150271, "max": 155.914145107163}, "Input Tokens per Minute": {"unit": "tokens/min", "min": 62057.25, "p50": 62057.25, "p90": 62057.25, "p95": 62057.25, "p99": 62057.25, "max": 62057.25}, "Output Tokens per Minute": {"unit": "tokens/min", "min": 80907.75, "p50": 80907.75, "p90": 80907.75, "p95": 80907.75, "p99": 80907.75, "max": 80907.75}}
{"target_qps": 4.5, "actual_qps": 4.008624042522976, "success_rate": 100.0, "input_tokens": 204, "output_tokens": 298, "model": "meta-llama/Llama-3.1-8B-Instruct", "input_tokens_per_minute": 55273.33333333333, "output_tokens_per_minute": 80634.44444444444, "Latency": {"unit": "s", "min": 1.7531624970724806, "p50": 2.6801210020203143, "p90": 25.750726358150132, "p95": 28.401178774668367, "p99": 31.176751852519807, "max": 32.578757266979665}, "Throughput": {"unit": "tokens/s", "min": 4.56519049742435, "p50": 111.93524463031916, "p90": 117.0331795439697, "p95": 118.01015274490797, "p99": 120.26942466102902, "max": 122.05171749157213}, "TTFT": {"unit": "s", "min": 0.024731532903388143, "p50": 0.12569645000621676, "p90": 0.5325392193393788, "p95": 1.1978219647076909, "p99": 13.900681854330447, "max": 23.55833549995441}, "TPOT": {"unit": "ms", "min": 7.908383193955348, "p50": 8.551222307648024, "p90": 81.99330039383116, "p95": 92.11657107702571, "p99": 103.75860836119375, "max": 215.27611824973118}, "Input Tokens per Minute": {"unit": "tokens/min", "min": 55273.33333333333, "p50": 55273.33333333333, "p90": 55273.33333333333, "p95": 55273.33333333333, "p99": 55273.33333333333, "max": 55273.33333333333}, "Output Tokens per Minute": {"unit": "tokens/min", "min": 80634.44444444444, "p50": 80634.44444444444, "p90": 80634.44444444444, "p95": 80634.44444444444, "p99": 80634.44444444444, "max": 80634.44444444444}}
{"target_qps": 4.5, "actual_qps": 4.074091576475019, "success_rate": 100.0, "input_tokens": 159, "output_tokens": 299, "model": "meta-llama/Llama-3.1-8B-Instruct", "input_tokens_per_minute": 43141.91235059761, "output_tokens_per_minute": 80994.62151394422, "Latency": {"unit": "s", "min": 2.436893383972347, "p50": 2.696984618087299, "p90": 25.70575819502119, "p95": 28.261553865973838, "p99": 31.267696193535812, "max": 31.52790535800159}, "Throughput": {"unit": "tokens/s", "min": 9.515379997290617, "p50": 111.23533964118784, "p90": 116.6874284116836, "p95": 117.55160270998135, "p99": 121.57713663642588, "max": 123.10756062334335}, "TTFT": {"unit": "s", "min": 0.025072252028621733, "p50": 0.13305947196204215, "p90": 0.6175185049651191, "p95": 1.1862520134891383, "p99": 11.655202292546164, "max": 23.95059796597343}, "TPOT": {"unit": "ms", "min": 7.957780069864688, "p50": 8.581840812406163, "p90": 81.51701030112727, "p95": 92.43796921582788, "p99": 100.48112722739023, "max": 104.0950321773827},