{"target_qps": 3.0, "actual_qps": 2.860319599704786, "success_rate": 100.0, "input_tokens": 156, "output_tokens": 349, "model": "meta-llama/Llama-3.1-8B-Instruct", "input_tokens_per_minute": 28239.875776397515, "output_tokens_per_minute": 62908.32298136646, "Latency": {"unit": "s", "min": 2.1401785199996084, "p50": 2.902014814026188, "p90": 9.541780028026551, "p95": 17.131548268022016, "p99": 18.09920151656261, "max": 18.14058748498792}, "Throughput": {"unit": "tokens/s", "min": 19.293752216659982, "p50": 120.60586262632413, "p90": 127.68602762960717, "p95": 128.27471606407607, "p99": 129.70097500274477, "max": 130.61488406493993}, "TTFT": {"unit": "s", "min": 0.015303375956136733, "p50": 0.030830811010673642, "p90": 0.10391990997595713, "p95": 0.14357572299195454, "p99": 3.8579030478024023, "max": 12.592571842018515}, "TPOT": {"unit": "ms", "min": 7.603983470021259, "p50": 8.233383601634126, "p90": 27.10417456732113, "p95": 48.46220327785404, "p99": 51.622149052150434, "max": 51.63588588253427}, "Input Tokens per Minute": {"unit": "tokens/min", "min": 28239.875776397515, "p50": 28239.875776397515, "p90": 28239.875776397515, "p95": 28239.875776397515, "p99": 28239.875776397515, "max": 28239.875776397515}, "Output Tokens per Minute": {"unit": "tokens/min", "min": 62908.32298136646, "p50": 62908.32298136646, "p90": 62908.32298136646, "p95": 62908.32298136646, "p99": 62908.32298136646, "max": 62908.32298136646}}
{"target_qps": 3.0, "actual_qps": 3.0722486403387324, "success_rate": 100.0, "input_tokens": 180, "output_tokens": 350, "model": "meta-llama/Llama-3.1-8B-Instruct", "input_tokens_per_minute": 32429.67032967033, "output_tokens_per_minute": 63000.0, "Latency": {"unit": "s", "min": 2.6557100170175545, "p50": 2.8891004900215194, "p90": 13.951211481506473, "p95": 15.965919528622168, "p99": 20.26256586384261, "max": 20.318953066016547}, "Throughput": {"unit": "tokens/s", "min": 17.225296936453635, "p50": 121.1450292750143, "p90": 126.452482267074, "p95": 126.92598565141546, "p99": 128.92732000005557, "max": 131.7914974742088}, "TTFT": {"unit": "s", "min": 0.018398943997453898, "p50": 0.036168732040096074, "p90": 0.2438784233818297, "p95": 0.6293206150701731, "p99": 4.399673707601025, "max": 7.479558699997142}, "TPOT": {"unit": "ms", "min": 7.515820464283431, "p50": 8.170099384007965, "p90": 38.7018101047531, "p95": 40.16660155507804, "p99": 49.789258528355354, "max": 55.3603577449248}, "Input Tokens per Minute": {"unit": "tokens/min", "min": 32429.67032967033, "p50": 32429.67032967033, "p90": 32429.67032967033, "p95": 32429.67032967033, "p99": 32429.67032967033, "max": 32429.67032967033}, "Output Tokens per Minute": {"unit": "tokens/min", "min": 63000.0, "p50": 63000.0, "p90": 63000.0, "p95": 63000.0, "p99": 63000.0, "max": 63000.0}}
{"target_qps": 3.0, "actual_qps": 2.8928494812998067, "success_rate": 100.0, "input_tokens": 171, "output_tokens": 348, "model": "meta-llama/Llama-3.1-8B-Instruct", "input_tokens_per_minute": 30881.0, "output_tokens_per_minute": 62659.0, "Latency": {"unit": "s", "min": 1.3360631620162167, "p50": 2.9132430639874656, "p90": 26.182041786506307, "p95": 29.909192476322566, "p99": 38.4228757248394, "max": 38.87954528600676}, "Throughput": {"unit": "tokens/s", "min": 9.002162896333292, "p50": 120.01492390903363, "p90": 126.11725878226245, "p95": 126.85530859281329, "p99": 128.34002611402897, "max": 128.72091342539457}, "TTFT": {"unit": "s", "min": 0.01703634695149958, "p50": 0.033148012502351776, "p90": 0.16408357798936773, "p95": 0.5740451083547657, "p99": 22.305022796726572, "max": 33.538526195974555}, "TPOT": {"unit": "ms", "min": 7.738167177692302, "p50": 8.263891606099962, "p90": 72.2169563817534, "p95": 81.32091214819302, "p99": 109.38535265404033, "max": 109.4446515817566}, "Input Tokens per Minute": {"unit": "tokens/min", "min": 30881.0, "p50": 30881.0, "p90": 30881.0, "p95": 30881.0, "p99": 30881.0, "max": 30881.0}, "Output Tokens per Minute": {"unit": "tokens/min", "min": 62659.0, "p50": 62659.0, "p90": 62659.0, "p95": 62659.0, "p99": 62659.0, "max": 62659.0}}
{"target_qps": 3.0, "actual_qps": 2.9723332050939626, "success_rate": 100.0, "input_tokens": 88, "output_tokens": 348, "model": "meta-llama/Llama-3.1-8B-Instruct", "input_tokens_per_minute": 15894.741616381054, "output_tokens_per_minute": 62860.15781538782, "Latency": {"unit": "s", "min": 1.9128886220278218, "p50": 2.860202946991194, "p90": 35.52080667959526, "p95": 43.56567081841636, "p99": 45.64155960342614, "max": 45.72556076297769}, "Throughput": {"unit": "tokens/s", "min": 7.654362115190988, "p50": 122.23686978561919, "p90": 127.40298794121142, "p95": 127.9217488374187, "p99": 128.36060598004744, "max": 128.59846649291237}, "TTFT": {"unit": "s", "min": 0.015062792983371764, "p50": 0.02557385596446693, "p90": 0.1442289622034877, "p95": 0.5148117299890141, "p99": 22.324553141258626, "max": 39.60708691901527}, "TPOT": {"unit": "ms", "min": 7.4647948738617185, "p50": 8.135791676336456, "p90": 92.13711540174688, "p95": 116.7894807026085, "p99": 128.2689904454391, "max": 130.57909311174967}, "Input Tokens per Minute": {"unit": "tokens/min", "min": 15894.741616381054, "p50": 15894.741616381054, "p90": 15894.741616381054, "p95": 15894.741616381054, "p99": 15894.741616381054, "max": 15894.741616381054}, "Output Tokens per Minute": {"unit": "tokens/min", "min": 62860.15781538782, "p50": 62860.15781538782, "p90": 62860.15781538782, "p95": 62860.15781538782, "p99": 62860.15781538782, "max": 62860.15781538782}}
{"target_qps": 3.0, "actual_qps": 2.491377795666863, "success_rate": 100.0, "input_tokens": 75, "output_tokens": 349, "model": "meta-llama/Llama-3.1-8B-Instruct", "input_tokens_per_minute": 13514.0625, "output_tokens_per_minute": 62947.96875, "Latency": {"unit": "s", "min": 2.681453484983649, "p50": 2.8136046925210394, "p90": 8.463977514975705, "p95": 26.65804585192236, "p99": 28.352255892758258, "max": 28.469720667984802}, "Throughput": {"unit": "tokens/s", "min": 12.293763050284763, "p50": 124.39558443492149, "p90": 128.8067802242411, "p95": 129.2974335283781, "p99": 130.29199821158727, "max": 130.526224661374}, "TTFT": {"unit": "s", "min": 0.01552493596682325, "p50": 0.026812889002030715, "p90": 0.07269226618227548, "p95": 0.14246660690987462, "p99": 0.879299584699332, "max": 2.1754772539716214}, "TPOT": {"unit": "ms", "min": 7.593799879631685, "p50": 8.00035335815693, "p90": 23.996566483326642, "p95": 75.63028650396346, "p99": 81.1068040494811, "max": 81.1131251375471}, "Input Tokens per Minute": {"unit": "tokens/min", "min": 13514.0625, "p50": 13514.0625, "p90": 13514.0625, "p95": 13514.0625, "p99": 13514.0625, "max": 13514.0625}, "Output Tokens per Minute": {"unit": "tokens/min", "min": 62947.96875, "p50": 62947.96875, "p90": 62947.96875, "p95": 62947.96875, "p99": 62947.96875, "max": 62947.96875}}
{"target_qps": 3.0, "actual_qps": 3.3183551696195512, "success_rate": 100.0, "input_tokens": 78, "output_tokens": 349, "model": "meta-llama/Llama-3.1-8B-Instruct", "input_tokens_per_minute": 14737.040303339127, "output_tokens_per_minute": 65528.62520585347, "Latency": {"unit": "s", "min": 2.665071620955132, "p50": 2.9111211630224716, "p90": 22.504056319833037, "p95": 29.635588086993035, "p99": 41.18602224390081, "max": 41.27184969995869}, "Throughput": {"unit": "tokens/s", "min": 8.480356527377795, "p50": 120.22859489348414, "p90": 126.88007680009594, "p95": 127.7412816459596, "p99": 130.54187434750415, "max": 131.32855314205923}, "TTFT": {"unit": "s", "min": 0.015106173057574779, "p50": 0.027528128499398008, "p90": 0.05679828039137647, "p95": 0.12607763895357482, "p99": 10.184446172530901, "max": 35.35065506998217}, "TPOT": {"unit": "ms", "min": 7.574965716186206, "p50": 8.265970187744706, "p90": 59.65284875530369, "p95": 73.22122658417584, "p99": 117.61201218503258, "max": 117.63539495974656}, "Input Tokens per Minute": {"unit": "tokens/min", "min": 14737.040303339127, "p50": 14737.040303339127, "p90": 14737.040303339127, "p95": 14737.040303339127,