{"target_qps": 5.0, "actual_qps": 4.7790923200248505, "success_rate": 100.0, "input_tokens": 196, "output_tokens": 299, "model": "meta-llama/Llama-3.1-8B-Instruct", "input_tokens_per_minute": 59087.65432098765, "output_tokens_per_minute": 89711.11111111111, "Latency": {"unit": "s", "min": 1.7271136390045285, "p50": 2.696080878027715, "p90": 14.938634820003067, "p95": 23.817800489522043, "p99": 26.581951028595213, "max": 27.31179839198012}, "Throughput": {"unit": "tokens/s", "min": 10.984263858951612, "p50": 111.27262629430514, "p90": 122.03435937641737, "p95": 123.42325579675368, "p99": 124.48280266779831, "max": 125.51806173390577}, "TTFT": {"unit": "s", "min": 0.029757988988421857, "p50": 0.1518769389949739, "p90": 0.6040671643568203, "p95": 0.8323511737748044, "p99": 10.711355957232847, "max": 13.297266841051169}, "TPOT": {"unit": "ms", "min": 7.639735126883465, "p50": 8.242822946423049, "p90": 46.42099917657599, "p95": 64.6579627918286, "p99": 83.68102688370365, "max": 86.46158970554474}, "Input Tokens per Minute": {"unit": "tokens/min", "min": 59087.65432098765, "p50": 59087.65432098765, "p90": 59087.65432098765, "p95": 59087.65432098765, "p99": 59087.65432098765, "max": 59087.65432098765}, "Output Tokens per Minute": {"unit": "tokens/min", "min": 89711.11111111111, "p50": 89711.11111111111, "p90": 89711.11111111111, "p95": 89711.11111111111, "p99": 89711.11111111111, "max": 89711.11111111111}}
{"target_qps": 5.0, "actual_qps": 4.615568011092085, "success_rate": 100.0, "input_tokens": 244, "output_tokens": 298, "model": "meta-llama/Llama-3.1-8B-Instruct", "input_tokens_per_minute": 73315.3024911032, "output_tokens_per_minute": 89530.24911032029, "Latency": {"unit": "s", "min": 0.6239147069863975, "p50": 2.6452257339842618, "p90": 22.7127691230271, "p95": 33.43293512996752, "p99": 52.02370905261483, "max": 57.522018812946044}, "Throughput": {"unit": "tokens/s", "min": 5.215394142816164, "p50": 113.30336766077981, "p90": 120.93135573547009, "p95": 122.819797021608, "p99": 124.7486150648739, "max": 126.04805024888876}, "TTFT": {"unit": "s", "min": 0.021188282989896834, "p50": 0.153950555017218, "p90": 0.6909980931086466, "p95": 1.0816301730228588, "p99": 14.029797480464882, "max": 16.892579923034646}, "TPOT": {"unit": "ms", "min": 7.724129070409489, "p50": 8.329195534984853, "p90": 74.50114981579691, "p95": 104.56609667199399, "p99": 151.18599466069975, "max": 179.54156060514654}, "Input Tokens per Minute": {"unit": "tokens/min", "min": 73315.3024911032, "p50": 73315.3024911032, "p90": 73315.3024911032, "p95": 73315.3024911032, "p99": 73315.3024911032, "max": 73315.3024911032}, "Output Tokens per Minute": {"unit": "tokens/min", "min": 89530.24911032029, "p50": 89530.24911032029, "p90": 89530.24911032029, "p95": 89530.24911032029, "p99": 89530.24911032029, "max": 89530.24911032029}}
{"target_qps": 5.0, "actual_qps": 3.9195462745013856, "success_rate": 100.0, "input_tokens": 218, "output_tokens": 299, "model": "meta-llama/Llama-3.1-8B-Instruct", "input_tokens_per_minute": 65686.90476190476, "output_tokens_per_minute": 89936.90476190476, "Latency": {"unit": "s", "min": 2.0266855859663337, "p50": 2.620291853439994, "p90": 25.147915532405023, "p95": 34.03150797579436, "p99": 44.212392312207974, "max": 48.27014554303605}, "Throughput": {"unit": "tokens/s", "min": 6.215021658315283, "p50": 114.49118688504774, "p90": 121.94612140599742, "p95": 123.00458144782851, "p99": 125.22633265916399, "max": 125.78885471735548}, "TTFT": {"unit": "s", "min": 0.02687680604867637, "p50": 0.14645261550322175, "p90": 2.1016130187665123, "p95": 6.445034568803378, "p99": 15.199952249096247, "max": 18.83461006602738}, "TPOT": {"unit": "ms", "min": 7.577848645631087, "p50": 8.409515232311866, "p90": 81.72354539980905, "p95": 88.76531723116594, "p99": 121.65963432833361, "max": 134.33194140448893}, "Input Tokens per Minute": {"unit": "tokens/min", "min": 65686.90476190476, "p50": 65686.90476190476, "p90": 65686.90476190476, "p95": 65686.90476190476, "p99": 65686.90476190476, "max": 65686.90476190476}, "Output Tokens per Minute": {"unit": "tokens/min", "min": 89936.90476190476, "p50": 89936.90476190476, "p90": 89936.90476190476, "p95": 89936.90476190476, "p99": 89936.90476190476, "max": 89936.90476190476}}
{"target_qps": 5.0, "actual_qps": 4.3369682938028795, "success_rate": 100.0, "input_tokens": 280, "output_tokens": 297, "model": "meta-llama/Llama-3.1-8B-Instruct", "input_tokens_per_minute": 84238.52459016393, "output_tokens_per_minute": 89306.55737704918, "Latency": {"unit": "s", "min": 0.3915438340045512, "p50": 2.7732735189492814, "p90": 14.307409309502717, "p95": 25.54526079470524, "p99": 29.725239207610713, "max": 31.664085877942853}, "Throughput": {"unit": "tokens/s", "min": 1.6040066393675343, "p50": 107.33300309894514, "p90": 121.64378044468396, "p95": 123.88695298786288, "p99": 127.7335012758836, "max": 128.63370696395143}, "TTFT": {"unit": "s", "min": 0.014845928992144763, "p50": 0.14197175099980086, "p90": 0.8500728206010536, "p95": 1.7391109980526358, "p99": 3.254300522645922, "max": 22.222361398977228}, "TPOT": {"unit": "ms", "min": 7.567577548776706, "p50": 8.46959878285618, "p90": 41.753888506299035, "p95": 76.21224859844656, "p99": 94.40686986697551, "max": 103.6136003813074}, "Input Tokens per Minute": {"unit": "tokens/min", "min": 84238.52459016393, "p50": 84238.52459016393, "p90": 84238.52459016393, "p95": 84238.52459016393, "p99": 84238.52459016393, "max": 84238.52459016393}, "Output Tokens per Minute": {"unit": "tokens/min", "min": 89306.55737704918, "p50": 89306.55737704918, "p90": 89306.55737704918, "p95": 89306.55737704918, "p99": 89306.55737704918, "max": 89306.55737704918}}
{"target_qps": 5.0, "actual_qps": 5.444205134982781, "success_rate": 100.0, "input_tokens": 244, "output_tokens": 298, "model": "meta-llama/Llama-3.1-8B-Instruct", "input_tokens_per_minute": 75738.36439248691, "output_tokens_per_minute": 92590.96240987178, "Latency": {"unit": "s", "min": 1.5082760419463739, "p50": 2.492538145976141, "p90": 27.188376781926497, "p95": 30.998129174136533, "p99": 54.37968643138185, "max": 54.582205472979695}, "Throughput": {"unit": "tokens/s", "min": 5.496296776584296, "p50": 120.29990569797144, "p90": 123.97763625921476, "p95": 124.98665849789296, "p99": 128.1125561544939, "max": 129.06662326437106}, "TTFT": {"unit": "s", "min": 0.015596120967529714, "p50": 0.02725090051535517, "p90": 0.5949804949341351, "p95": 1.342356605606619, "p99": 20.10752685567822, "max": 28.12669113802258}, "TPOT": {"unit": "ms", "min": 7.70200121708613, "p50": 8.212001142162134, "p90": 87.92219079690628, "p95": 97.4835587276479, "p99": 175.61244449264794, "max": 180.28013337828705}, "Input Tokens per Minute": {"unit": "tokens/min", "min": 75738.36439248691, "p50": 75738.36439248691, "p90": 75738.36439248691, "p95": 75738.36439248691, "p99": 75738.36439248691, "max": 75738.36439248691}, "Output Tokens per Minute": {"unit": "tokens/min", "min": 92590.96240987178, "p50": 92590.96240987178, "p90": 92590.96240987178, "p95": 92590.96240987178, "p99": 92590.96240987178, "max": 92590.96240987178}}
{"target_qps": 5.0, "actual_qps": 4.576550204175151, "success_rate": 100.0, "input_tokens": 272, "output_tokens": 299, "model": "meta-llama/Llama-3.1-8B-Instruct", "input_tokens_per_minute": 81817.70833333334, "output_tokens_per_minute": 89816.66666666667, "Latency": {"unit": "s", "min": 1.616503797005862, "p50": 2.5170823419466615, "p90": 19.11818573930068, "p95": 25.96921162700163, "p99": 50.65935192164149, "max": 59.9293331670342}, "Throughput": {"unit": "tokens/s", "min": 5.0058958467607875, "p50": 119.0188104403914, "p90": 126.06365057192974, "p95": 127.00885989006545, "p99": 127.85365107643675, "max": 128.57772238018563}, "TTFT": {"unit": "s", "min": 0.014541890006512403, "p50": 0.027377392048947513, "p90": 0.6612292212666948, "p95": 1.3408562078373505, "p99": 11.852801210648602, "max": 14.602863464970142}, "TPOT": {"unit": "ms", "min": 7.7367096288241815, "p50": 8.31387030255878,