{"target_qps": 3.5, "actual_qps": 3.40035078615972, "success_rate": 100.0, "input_tokens": 155, "output_tokens": 349, "model": "meta-llama/Llama-3.1-8B-Instruct", "input_tokens_per_minute": 32678.638743455496, "output_tokens_per_minute": 73432.93193717278, "Latency": {"unit": "s", "min": 2.392507321899757, "p50": 2.970564772025682, "p90": 5.304605860030279, "p95": 5.368504918995313, "p99": 14.186031816655305, "max": 17.59953794197645}, "Throughput": {"unit": "tokens/s", "min": 19.886885732677058, "p50": 117.82271280397924, "p90": 119.86014678081446, "p95": 120.33516113068363, "p99": 120.83543800624021, "max": 121.1329350086989}, "TTFT": {"unit": "s", "min": 0.018772421986795962, "p50": 0.03060364001430571, "p90": 0.1368953810306266, "p95": 0.18889325455529615, "p99": 0.8622014107881023, "max": 6.380831822054461}, "TPOT": {"unit": "ms", "min": 7.9696442352148855, "p50": 8.382298842200576, "p90": 15.112691931159672, "p95": 15.213257911178765, "p99": 27.505967824053975, "max": 49.758838355223666}, "Input Tokens per Minute": {"unit": "tokens/min", "min": 32678.638743455496, "p50": 32678.638743455496, "p90": 32678.638743455496, "p95": 32678.638743455496, "p99": 32678.638743455496, "max": 32678.638743455496}, "Output Tokens per Minute": {"unit": "tokens/min", "min": 73432.93193717278, "p50": 73432.93193717278, "p90": 73432.93193717278, "p95": 73432.93193717278, "p99": 73432.93193717278, "max": 73432.93193717278}}
{"target_qps": 3.5, "actual_qps": 3.198712654630856, "success_rate": 100.0, "input_tokens": 179, "output_tokens": 349, "model": "meta-llama/Llama-3.1-8B-Instruct", "input_tokens_per_minute": 37770.0, "output_tokens_per_minute": 73433.07692307692, "Latency": {"unit": "s", "min": 2.890294882003218, "p50": 2.9718619874911383, "p90": 5.279915968514979, "p95": 5.4052129973308185, "p99": 17.59911527080112, "max": 17.743195688002743}, "Throughput": {"unit": "tokens/s", "min": 19.72587160477841, "p50": 117.77129949547931, "p90": 119.83733677832996, "p95": 120.33226190660325, "p99": 120.85328476008786, "max": 121.09491048104424}, "TTFT": {"unit": "s", "min": 0.018621933995746076, "p50": 0.03026233153650537, "p90": 0.1712305588182062, "p95": 0.32100851311697565, "p99": 2.8469105769123417, "max": 4.053270364063792}, "TPOT": {"unit": "ms", "min": 8.055360438395558, "p50": 8.384118349635628, "p90": 15.002912120529341, "p95": 15.19364371522527, "p99": 49.846643177324765, "max": 49.88875373915094}, "Input Tokens per Minute": {"unit": "tokens/min", "min": 37770.0, "p50": 37770.0, "p90": 37770.0, "p95": 37770.0, "p99": 37770.0, "max": 37770.0}, "Output Tokens per Minute": {"unit": "tokens/min", "min": 73433.07692307692, "p50": 73433.07692307692, "p90": 73433.07692307692, "p95": 73433.07692307692, "p99": 73433.07692307692, "max": 73433.07692307692}}
{"target_qps": 3.5, "actual_qps": 4.047946696311768, "success_rate": 100.0, "input_tokens": 181, "output_tokens": 350, "model": "meta-llama/Llama-3.1-8B-Instruct", "input_tokens_per_minute": 44576.11074500308, "output_tokens_per_minute": 86037.16842834375, "Latency": {"unit": "s", "min": 2.8602507010800764, "p50": 2.9730504350736737, "p90": 5.3830554245272655, "p95": 5.450625845103059, "p99": 5.565973200509324, "max": 6.092195767909288}, "Throughput": {"unit": "tokens/s", "min": 57.45055039820438, "p50": 117.72420537202451, "p90": 119.88183054498333, "p95": 120.37842143757811, "p99": 122.165652736811, "max": 122.36689597448029}, "TTFT": {"unit": "s", "min": 0.01661069900728762, "p50": 0.026675014989450574, "p90": 0.06249842075631023, "p95": 0.12306071775965392, "p99": 0.211275168599095, "max": 0.7692436759825796}, "TPOT": {"unit": "ms", "min": 8.055836346566165, "p50": 8.434340532903793, "p90": 15.238894110566864, "p95": 15.367673996123445, "p99": 15.476654360149547, "max": 15.60523575952378}, "Input Tokens per Minute": {"unit": "tokens/min", "min": 44576.11074500308, "p50": 44576.11074500308, "p90": 44576.11074500308, "p95": 44576.11074500308, "p99": 44576.11074500308, "max": 44576.11074500308}, "Output Tokens per Minute": {"unit": "tokens/min", "min": 86037.16842834375, "p50": 86037.16842834375, "p90": 86037.16842834375, "p95": 86037.16842834375, "p99": 86037.16842834375, "max": 86037.16842834375}}
{"target_qps": 3.5, "actual_qps": 3.5398963619624126, "success_rate": 100.0, "input_tokens": 191, "output_tokens": 349, "model": "meta-llama/Llama-3.1-8B-Instruct", "input_tokens_per_minute": 40314.92753623188, "output_tokens_per_minute": 73372.17391304347, "Latency": {"unit": "s", "min": 2.397432258934714, "p50": 2.967196576995775, "p90": 5.427832770813256, "p95": 5.488520995981525, "p99": 5.623612275843043, "max": 5.864438330056146}, "Throughput": {"unit": "tokens/s", "min": 59.681759838141076, "p50": 117.95645853513612, "p90": 120.02694020215503, "p95": 120.4284023433565, "p99": 121.88902629912297, "max": 122.05279248476185}, "TTFT": {"unit": "s", "min": 0.015525121008977294, "p50": 0.027153175906278193, "p90": 0.08045381263364111, "p95": 0.13026726805837813, "p99": 0.2834133435972033, "max": 0.5050744829932228}, "TPOT": {"unit": "ms", "min": 8.149551275055481, "p50": 8.427736859763291, "p90": 15.291715139339018, "p95": 15.405558136106338, "p99": 15.603498399096214, "max": 15.706972710729541}, "Input Tokens per Minute": {"unit": "tokens/min", "min": 40314.92753623188, "p50": 40314.92753623188, "p90": 40314.92753623188, "p95": 40314.92753623188, "p99": 40314.92753623188, "max": 40314.92753623188}, "Output Tokens per Minute": {"unit": "tokens/min", "min": 73372.17391304347, "p50": 73372.17391304347, "p90": 73372.17391304347, "p95": 73372.17391304347, "p99": 73372.17391304347, "max": 73372.17391304347}}
{"target_qps": 3.5, "actual_qps": 3.3252909266869404, "success_rate": 100.0, "input_tokens": 97, "output_tokens": 349, "model": "meta-llama/Llama-3.1-8B-Instruct", "input_tokens_per_minute": 20491.800000000003, "output_tokens_per_minute": 73338.3, "Latency": {"unit": "s", "min": 1.9989152529742569, "p50": 2.9189120394876227, "p90": 5.271480922051706, "p95": 5.38857821894926, "p99": 7.40778450116048, "max": 9.077030863030814}, "Throughput": {"unit": "tokens/s", "min": 38.55886415738541, "p50": 119.89192924947885, "p90": 121.75271658488712, "p95": 121.93198886416928, "p99": 122.26733192389828, "max": 122.32100417706997}, "TTFT": {"unit": "s", "min": 0.01655201893299818, "p50": 0.025704270985443145, "p90": 0.041711215500254174, "p95": 0.08424851237214169, "p99": 0.2757902757870031, "max": 0.5466277509694919}, "TPOT": {"unit": "ms", "min": 8.132014097379026, "p50": 8.287620826765767, "p90": 14.993774468835742, "p95": 15.280000991748384, "p99": 21.10958608774995, "max": 25.863024080238894}, "Input Tokens per Minute": {"unit": "tokens/min", "min": 20491.800000000003, "p50": 20491.800000000003, "p90": 20491.800000000003, "p95": 20491.800000000003, "p99": 20491.800000000003, "max": 20491.800000000003}, "Output Tokens per Minute": {"unit": "tokens/min", "min": 73338.3, "p50": 73338.3, "p90": 73338.3, "p95": 73338.3, "p99": 73338.3, "max": 73338.3}}
{"target_qps": 3.5, "actual_qps": 3.4715287919782525, "success_rate": 100.0, "input_tokens": 145, "output_tokens": 349, "model": "meta-llama/Llama-3.1-8B-Instruct", "input_tokens_per_minute": 30771.631212095228, "output_tokens_per_minute": 73918.76663490836, "Latency": {"unit": "s", "min": 2.7403855220181867, "p50": 2.938117056968622, "p90": 5.32682476323098, "p95": 5.452318092272616, "p99": 9.077650017584673, "max": 9.306981647037901}, "Throughput": {"unit": "tokens/s", "min": 37.60617709087169, "p50": 119.12391276919021, "p90": 121.59611287564009, "p95": 122.03466758865216, "p99": 122.26482821227461, "max": 122.43924570535661}, "TTFT": {"unit": "s", "min": 0.017487743054516613, "p50": 0.025765298050828278, "p90": 0.0527840149588883, "p95": 0.09694299821276203, "p99": 0.2035225239023564, "max": 1.952750314027071}, "TPOT": {"unit": "ms", "min": 8.05535956711527, "p50": 8.337583212064509, "p90": 15.00196447849466, "p95": 15.347251415394117, "p99": 25.803318431382106,