{"target_qps": 4.5, "actual_qps": 4.034607767015327, "success_rate": 100.0, "input_tokens": 170, "output_tokens": 349, "model": "meta-llama/Llama-3.1-8B-Instruct", "input_tokens_per_minute": 46069.79381443299, "output_tokens_per_minute": 94241.13402061856, "Latency": {"unit": "s", "min": 1.6555710290558636, "p50": 3.146332160977181, "p90": 20.047200737288225, "p95": 24.857665683893718, "p99": 37.4023463795043, "max": 38.49147635593545}, "Throughput": {"unit": "tokens/s", "min": 9.09292220343815, "p50": 111.22773704592677, "p90": 117.87371019048571, "p95": 120.2710284930859, "p99": 121.35967691765879, "max": 122.11309970249506}, "TTFT": {"unit": "s", "min": 0.017210694029927254, "p50": 0.1218199510476552, "p90": 0.7647486090892927, "p95": 2.8037764747452445, "p99": 7.628866322351387, "max": 10.382995166932233}, "TPOT": {"unit": "ms", "min": 7.703612447131884, "p50": 8.697658590271931, "p90": 51.97299369317307, "p95": 67.63251835945994, "p99": 95.96655856752578, "max": 106.94696708618368}, "Input Tokens per Minute": {"unit": "tokens/min", "min": 46069.79381443299, "p50": 46069.79381443299, "p90": 46069.79381443299, "p95": 46069.79381443299, "p99": 46069.79381443299, "max": 46069.79381443299}, "Output Tokens per Minute": {"unit": "tokens/min", "min": 94241.13402061856, "p50": 94241.13402061856, "p90": 94241.13402061856, "p95": 94241.13402061856, "p99": 94241.13402061856, "max": 94241.13402061856}}
{"target_qps": 4.5, "actual_qps": 4.19960525955409, "success_rate": 100.0, "input_tokens": 176, "output_tokens": 349, "model": "meta-llama/Llama-3.1-8B-Instruct", "input_tokens_per_minute": 47677.6076555024, "output_tokens_per_minute": 94479.33014354068, "Latency": {"unit": "s", "min": 2.8308858070522547, "p50": 3.080633483012207, "p90": 17.68084688405507, "p95": 23.38918907216284, "p99": 34.64938043380151, "max": 36.1525240750052}, "Throughput": {"unit": "tokens/s", "min": 9.681205087474924, "p50": 113.61299613538387, "p90": 118.58958344318964, "p95": 120.19419532259884, "p99": 121.58880477458489, "max": 123.63621278120296}, "TTFT": {"unit": "s", "min": 0.017135889967903495, "p50": 0.08130649500526488, "p90": 0.4520413286285483, "p95": 0.7511592200025915, "p99": 5.072918451321309, "max": 7.449932759976946}, "TPOT": {"unit": "ms", "min": 7.842640530245972, "p50": 8.574532613126204, "p90": 39.387989915002876, "p95": 62.037486043414425, "p99": 94.58084252468144, "max": 99.85820728922556}, "Input Tokens per Minute": {"unit": "tokens/min", "min": 47677.6076555024, "p50": 47677.6076555024, "p90": 47677.6076555024, "p95": 47677.6076555024, "p99": 47677.6076555024, "max": 47677.6076555024}, "Output Tokens per Minute": {"unit": "tokens/min", "min": 94479.33014354068, "p50": 94479.33014354068, "p90": 94479.33014354068, "p95": 94479.33014354068, "p99": 94479.33014354068, "max": 94479.33014354068}}
{"target_qps": 4.5, "actual_qps": 4.529207915326988, "success_rate": 100.0, "input_tokens": 181, "output_tokens": 350, "model": "meta-llama/Llama-3.1-8B-Instruct", "input_tokens_per_minute": 48917.44769874477, "output_tokens_per_minute": 94500.0, "Latency": {"unit": "s", "min": 2.819715639925562, "p50": 8.687524328008294, "p90": 23.759187522390857, "p95": 26.550944698788225, "p99": 29.610120450269896, "max": 40.65184045699425}, "Throughput": {"unit": "tokens/s", "min": 8.609696290879288, "p50": 40.287656964782414, "p90": 116.20147033367402, "p95": 119.53164771908357, "p99": 120.75170114639886, "max": 124.12599165823676}, "TTFT": {"unit": "s", "min": 0.01802849897649139, "p50": 0.05411913408897817, "p90": 4.308282691845671, "p95": 5.714710596948862, "p99": 11.124364283201285, "max": 24.222634821897373}, "TPOT": {"unit": "ms", "min": 8.02080093130448, "p50": 23.774170111944862, "p90": 57.36154527790354, "p95": 71.54149844249135, "p99": 84.1870256152036, "max": 109.50672240390104}, "Input Tokens per Minute": {"unit": "tokens/min", "min": 48917.44769874477, "p50": 48917.44769874477, "p90": 48917.44769874477, "p95": 48917.44769874477, "p99": 48917.44769874477, "max": 48917.44769874477}, "Output Tokens per Minute": {"unit": "tokens/min", "min": 94500.0, "p50": 94500.0, "p90": 94500.0, "p95": 94500.0, "p99": 94500.0, "max": 94500.0}}
{"target_qps": 4.5, "actual_qps": 4.67570073674986, "success_rate": 100.0, "input_tokens": 183, "output_tokens": 348, "model": "meta-llama/Llama-3.1-8B-Instruct", "input_tokens_per_minute": 49445.71984435798, "output_tokens_per_minute": 94136.49805447471, "Latency": {"unit": "s", "min": 2.848784407018684, "p50": 8.952903194003738, "p90": 26.12054665144533, "p95": 28.139410944143304, "p99": 33.022357895914446, "max": 39.011234935955144}, "Throughput": {"unit": "tokens/s", "min": 8.971774427920469, "p50": 38.96437328779206, "p90": 115.35919300276198, "p95": 116.17790910892825, "p99": 120.82561570837443, "max": 122.85942001707416}, "TTFT": {"unit": "s", "min": 0.018588109058327973, "p50": 0.11492155294399709, "p90": 4.42351356537547, "p95": 6.153062405949457, "p99": 10.003324060142036, "max": 15.863545997068286}, "TPOT": {"unit": "ms", "min": 8.044545974030044, "p50": 24.10990355855233, "p90": 65.09109083829945, "p95": 74.18206701906435, "p99": 83.91711753065881, "max": 109.90329965332624}, "Input Tokens per Minute": {"unit": "tokens/min", "min": 49445.71984435798, "p50": 49445.71984435798, "p90": 49445.71984435798, "p95": 49445.71984435798, "p99": 49445.71984435798, "max": 49445.71984435798}, "Output Tokens per Minute": {"unit": "tokens/min", "min": 94136.49805447471, "p50": 94136.49805447471, "p90": 94136.49805447471, "p95": 94136.49805447471, "p99": 94136.49805447471, "max": 94136.49805447471}}
{"target_qps": 4.5, "actual_qps": 4.795979122008798, "success_rate": 100.0, "input_tokens": 118, "output_tokens": 348, "model": "meta-llama/Llama-3.1-8B-Instruct", "input_tokens_per_minute": 36635.16518595359, "output_tokens_per_minute": 107990.27636874082, "Latency": {"unit": "s", "min": 1.6956985250581056, "p50": 3.0738479390274733, "p90": 34.16997310600709, "p95": 41.81872767751338, "p99": 45.97936082838568, "max": 60.140348725020885}, "Throughput": {"unit": "tokens/s", "min": 5.819720161589044, "p50": 113.8472242559591, "p90": 120.61419028131638, "p95": 122.01614830755275, "p99": 122.7477175104386, "max": 124.17289626741002}, "TTFT": {"unit": "s", "min": 0.01919439504854381, "p50": 0.03184035804588348, "p90": 11.988434599945322, "p95": 15.339116906514391, "p99": 22.670468140719368, "max": 25.95384913298767}, "TPOT": {"unit": "ms", "min": 8.013609997236989, "p50": 8.730774704649788, "p90": 65.98684131227871, "p95": 106.3252830156392, "p99": 118.52971985695996, "max": 119.42989731215496}, "Input Tokens per Minute": {"unit": "tokens/min", "min": 36635.16518595359, "p50": 36635.16518595359, "p90": 36635.16518595359, "p95": 36635.16518595359, "p99": 36635.16518595359, "max": 36635.16518595359}, "Output Tokens per Minute": {"unit": "tokens/min", "min": 107990.27636874082, "p50": 107990.27636874082, "p90": 107990.27636874082, "p95": 107990.27636874082, "p99": 107990.27636874082, "max": 107990.27636874082}}
{"target_qps": 4.5, "actual_qps": 4.415965818303462, "success_rate": 100.0, "input_tokens": 109, "output_tokens": 349, "model": "meta-llama/Llama-3.1-8B-Instruct", "input_tokens_per_minute": 31184.934254233594, "output_tokens_per_minute": 99686.93453745102, "Latency": {"unit": "s", "min": 2.207036667969078, "p50": 3.07817662099842, "p90": 40.44882885101253, "p95": 42.54769975137897, "p99": 51.50824792318272, "max": 59.04250350303482}, "Throughput": {"unit": "tokens/s", "min": 5.927932916699743, "p50": 113.67179679349364, "p90": 120.5775965897167, "p95": 121.20160811742565, "p99": 122.89132884998789, "max": 124.16824310141449}, "TTFT": {"unit": "s", "min": 0.017945942003279924, "p50": 0.0313961049541831, "p90": 11.589659060654231, "p95": 14.721176028554325, "p99": 20.077142046419873, "max": 29.052536673960276}, "TPOT": {"unit": "ms", "min": 7.9687493466331825, "p50": 8.727890235187758, "p90": 80.36229930655325, "p95": 112.04513169706325, "p99": 119.43372003281127,