{"target_qps": 4.5, "actual_qps": 4.497655593721937, "success_rate": 100.0, "input_tokens": 4176, "output_tokens": 173, "model": "meta-llama/Llama-3.1-8B-Instruct", "input_tokens_per_minute": 1127628.8888888888, "output_tokens_per_minute": 46860.0, "Latency": {"unit": "s", "min": 0.5900874090148136, "p50": 3.9005914450390264, "p90": 10.665237013227307, "p95": 11.71942387168528, "p99": 13.159926453648364, "max": 14.299885640037246}, "Throughput": {"unit": "tokens/s", "min": 3.19196469377109, "p50": 47.42490893248715, "p90": 66.36048666725279, "p95": 72.45508403107567, "p99": 81.58711631377659, "max": 87.30073460678189}, "TTFT": {"unit": "s", "min": 0.10529424803098664, "p50": 0.7074136849842034, "p90": 3.0356286415830263, "p95": 3.841992668819144, "p99": 5.367527785522397, "max": 5.9229264259920456}, "TPOT": {"unit": "ms", "min": 6.487071963160166, "p50": 17.07395969523054, "p90": 43.97514911010943, "p95": 47.126828915388494, "p99": 53.70541546188798, "max": 56.32313440882546}, "Input Tokens per Minute": {"unit": "tokens/min", "min": 1127628.8888888888, "p50": 1127628.8888888888, "p90": 1127628.8888888888, "p95": 1127628.8888888888, "p99": 1127628.8888888888, "max": 1127628.8888888888}, "Output Tokens per Minute": {"unit": "tokens/min", "min": 46860.0, "p50": 46860.0, "p90": 46860.0, "p95": 46860.0, "p99": 46860.0, "max": 46860.0}}
{"target_qps": 4.5, "actual_qps": 4.492048656940374, "success_rate": 100.0, "input_tokens": 4157, "output_tokens": 170, "model": "meta-llama/Llama-3.1-8B-Instruct", "input_tokens_per_minute": 1122434.262295082, "output_tokens_per_minute": 46154.50819672131, "Latency": {"unit": "s", "min": 0.32075716700637713, "p50": 3.655333282513311, "p90": 11.495741912390804, "p95": 12.37051975481154, "p99": 13.949576067132874, "max": 14.942819199000951}, "Throughput": {"unit": "tokens/s", "min": 2.6363163213430307, "p50": 48.96749855105626, "p90": 69.78056873015639, "p95": 73.60650599555956, "p99": 78.8386186905548, "max": 87.36296055497954}, "TTFT": {"unit": "s", "min": 0.08740806102287024, "p50": 0.522356197994668, "p90": 3.1560176726314237, "p95": 3.6390984692203343, "p99": 5.469212485890013, "max": 7.821866424987093}, "TPOT": {"unit": "ms", "min": 9.384602825294303, "p50": 17.37981817837753, "p90": 44.06088509985325, "p95": 45.964500716967564, "p99": 54.375888409140934, "max": 81.61518156062812}, "Input Tokens per Minute": {"unit": "tokens/min", "min": 1122434.262295082, "p50": 1122434.262295082, "p90": 1122434.262295082, "p95": 1122434.262295082, "p99": 1122434.262295082, "max": 1122434.262295082}, "Output Tokens per Minute": {"unit": "tokens/min", "min": 46154.50819672131, "p50": 46154.50819672131, "p90": 46154.50819672131, "p95": 46154.50819672131, "p99": 46154.50819672131, "max": 46154.50819672131}}
{"target_qps": 4.5, "actual_qps": 4.49412830527142, "success_rate": 100.0, "input_tokens": 4211, "output_tokens": 181, "model": "meta-llama/Llama-3.1-8B-Instruct", "input_tokens_per_minute": 1137088.43866171, "output_tokens_per_minute": 49046.65427509294, "Latency": {"unit": "s", "min": 0.5517938699922524, "p50": 3.802514136012178, "p90": 13.024369550577834, "p95": 16.37465642298339, "p99": 19.800060978240793, "max": 21.476716088014655}, "Throughput": {"unit": "tokens/s", "min": 6.761115663897637, "p50": 48.146303310173735, "p90": 67.06141737144706, "p95": 72.35851924436328, "p99": 85.3183566601812, "max": 91.82020729894892}, "TTFT": {"unit": "s", "min": 0.12023780401796103, "p50": 0.7002330209943466, "p90": 3.8031560437870233, "p95": 5.880301172006875, "p99": 9.649195987894199, "max": 10.7590738790459}, "TPOT": {"unit": "ms", "min": 10.21637342725155, "p50": 16.485209869286372, "p90": 49.59877278303596, "p95": 53.021251113602595, "p99": 55.919783464808425, "max": 56.25303207028508}, "Input Tokens per Minute": {"unit": "tokens/min", "min": 1137088.43866171, "p50": 1137088.43866171, "p90": 1137088.43866171, "p95": 1137088.43866171, "p99": 1137088.43866171, "max": 1137088.43866171}, "Output Tokens per Minute": {"unit": "tokens/min", "min": 49046.65427509294, "p50": 49046.65427509294, "p90": 49046.65427509294, "p95": 49046.65427509294, "p99": 49046.65427509294, "max": 49046.65427509294}}
{"target_qps": 4.5, "actual_qps": 4.495895949859348, "success_rate": 100.0, "input_tokens": 4204, "output_tokens": 179, "model": "meta-llama/Llama-3.1-8B-Instruct", "input_tokens_per_minute": 1135342.894736842, "output_tokens_per_minute": 48589.84962406015, "Latency": {"unit": "s", "min": 0.44209264701930806, "p50": 3.7037480670260265, "p90": 14.841735184483696, "p95": 17.13882453851693, "p99": 19.34064762314374, "max": 20.314497581974138}, "Throughput": {"unit": "tokens/s", "min": 3.388017993302993, "p50": 50.70025034545584, "p90": 69.19416473587242, "p95": 75.1310337598824, "p99": 85.40862932976586, "max": 87.20173947519164}, "TTFT": {"unit": "s", "min": 0.06421285698888823, "p50": 0.5661232509883121, "p90": 5.089437123970129, "p95": 7.068847740505589, "p99": 8.894672202499352, "max": 10.905990357976407}, "TPOT": {"unit": "ms", "min": 8.73115918532546, "p50": 16.73154913306695, "p90": 50.0305989026502, "p95": 54.91498680393347, "p99": 56.443945510266495, "max": 57.82196892791295}, "Input Tokens per Minute": {"unit": "tokens/min", "min": 1135342.894736842, "p50": 1135342.894736842, "p90": 1135342.894736842, "p95": 1135342.894736842, "p99": 1135342.894736842, "max": 1135342.894736842}, "Output Tokens per Minute": {"unit": "tokens/min", "min": 48589.84962406015, "p50": 48589.84962406015, "p90": 48589.84962406015, "p95": 48589.84962406015, "p99": 48589.84962406015, "max": 48589.84962406015}}
{"target_qps": 4.5, "actual_qps": 4.495850932784393, "success_rate": 100.0, "input_tokens": 4226, "output_tokens": 180, "model": "meta-llama/Llama-3.1-8B-Instruct", "input_tokens_per_minute": 1141035.0557620816, "output_tokens_per_minute": 48744.53531598513, "Latency": {"unit": "s", "min": 0.5001491099828854, "p50": 4.004156042006798, "p90": 17.056664253398775, "p95": 17.737671721202787, "p99": 20.16958403764758, "max": 21.18439055798808}, "Throughput": {"unit": "tokens/s", "min": 1.591467579964794, "p50": 45.109026753348914, "p90": 65.72125376357096, "p95": 72.9101343109397, "p99": 82.87155215379214, "max": 84.87799413952862}, "TTFT": {"unit": "s", "min": 0.11188668000977486, "p50": 0.7073461999534629, "p90": 6.295261206186842, "p95": 7.056266421603504, "p99": 9.864248733257408, "max": 11.147352377010975}, "TPOT": {"unit": "ms", "min": 10.540839869367549, "p50": 17.4836598842138, "p90": 56.75930734691301, "p95": 57.68870300199163, "p99": 58.57833233241918, "max": 59.948924588217565}, "Input Tokens per Minute": {"unit": "tokens/min", "min": 1141035.0557620816, "p50": 1141035.0557620816, "p90": 1141035.0557620816, "p95": 1141035.0557620816, "p99": 1141035.0557620816, "max": 1141035.0557620816}, "Output Tokens per Minute": {"unit": "tokens/min", "min": 48744.53531598513, "p50": 48744.53531598513, "p90": 48744.53531598513, "p95": 48744.53531598513, "p99": 48744.53531598513, "max": 48744.53531598513}}
{"target_qps": 4.5, "actual_qps": 4.496389779625176, "success_rate": 100.0, "input_tokens": 4247, "output_tokens": 180, "model": "meta-llama/Llama-3.1-8B-Instruct", "input_tokens_per_minute": 1146705.0, "output_tokens_per_minute": 48782.0, "Latency": {"unit": "s", "min": 0.487562877999153, "p50": 3.820889104536036, "p90": 16.75367384850397, "p95": 17.286933966458307, "p99": 18.35109366083052, "max": 20.656907619035337}, "Throughput": {"unit": "tokens/s", "min": 2.1399453383315294, "p50": 49.27504226359802, "p90": 70.72193909417443, "p95": 75.67848938787611, "p99": 82.88766307093826, "max": 84.44702270890659}, "TTFT": {"unit": "s", "min": 0.08574126102030277, "p50": 0.5337376130046323, "p90": 5.918674753414233, "p95": 6.421519853977952, "p99": 7.890239737823723, "max": 9.423095131991431}, "TPOT": {"unit": "ms", "min": 5.339277260329412, "p50": 17.226600743673423, "p90": 57.05353986166521, "p95": 58.172601530001955, "p99": 59.118995488231924, "max": 60.90039970791515},