{"actual_qps": 3.7180247311156585, "success_rate": 100.0, "input_tokens": 4039, "output_tokens": 177, "model": "meta-llama/Llama-3.1-8B-Instruct", "input_tokens_per_minute": 872966.6454459303, "output_tokens_per_minute": 38331.175145333196, "Latency": {"unit": "s", "min": 0.46527191798668355, "p50": 2.695302992942743, "p90": 6.639086091984064, "p95": 7.336643590405584, "p99": 8.55856802945491, "max": 15.905924879014492}, "Throughput": {"unit": "tokens/s", "min": 12.573930879295823, "p50": 64.81967339389819, "p90": 89.27619427794426, "p95": 93.61745727831966, "p99": 101.24075176632827, "max": 108.01874064247093}, "TTFT": {"unit": "s", "min": 0.10342623293399811, "p50": 0.6462682199198753, "p90": 1.895846790145152, "p95": 2.5372053466038778, "p99": 3.747290907986463, "max": 11.037555497023277}, "TPOT": {"unit": "ms", "min": 6.720617940813741, "p50": 11.323379979810522, "p90": 24.21973330850933, "p95": 25.535539405574866, "p99": 28.943814355599223, "max": 30.719118982299484}, "Input Tokens per Minute": {"unit": "tokens/min", "min": 872966.6454459303, "p50": 872966.6454459303, "p90": 872966.6454459303, "p95": 872966.6454459303, "p99": 872966.6454459303, "max": 872966.6454459303}, "Output Tokens per Minute": {"unit": "tokens/min", "min": 38331.175145333196, "p50": 38331.175145333196, "p90": 38331.175145333196, "p95": 38331.175145333196, "p99": 38331.175145333196, "max": 38331.175145333196}}
{"actual_qps": 3.331772653117583, "success_rate": 100.0, "input_tokens": 4116, "output_tokens": 182, "model": "meta-llama/Llama-3.1-8B-Instruct", "input_tokens_per_minute": 778836.2182488972, "output_tokens_per_minute": 34614.47828019293, "Latency": {"unit": "s", "min": 0.38619178207591176, "p50": 2.49063517752802, "p90": 5.783833584981039, "p95": 6.312236390181351, "p99": 7.14738655844936, "max": 7.457336236024275}, "Throughput": {"unit": "tokens/s", "min": 10.379864447344868, "p50": 75.48590769741995, "p90": 103.67151705381747, "p95": 109.52240837451461, "p99": 115.30811670929904, "max": 115.44614888932762}, "TTFT": {"unit": "s", "min": 0.03738901799079031, "p50": 0.43572315346682444, "p90": 1.9097300410270688, "p95": 2.2199884848843796, "p99": 3.0340262214583325, "max": 3.551492186030373}, "TPOT": {"unit": "ms", "min": 7.7254253617445725, "p50": 10.519278640847128, "p90": 21.67965897754415, "p95": 23.874582505586602, "p99": 28.996617084754174, "max": 32.4737781294338}, "Input Tokens per Minute": {"unit": "tokens/min", "min": 778836.2182488972, "p50": 778836.2182488972, "p90": 778836.2182488972, "p95": 778836.2182488972, "p99": 778836.2182488972, "max": 778836.2182488972}, "Output Tokens per Minute": {"unit": "tokens/min", "min": 34614.47828019293, "p50": 34614.47828019293, "p90": 34614.47828019293, "p95": 34614.47828019293, "p99": 34614.47828019293, "max": 34614.47828019293}}
{"actual_qps": 3.3877725192936468, "success_rate": 100.0, "input_tokens": 4201, "output_tokens": 177, "model": "meta-llama/Llama-3.1-8B-Instruct", "input_tokens_per_minute": 854063.2597239614, "output_tokens_per_minute": 36133.01375578052, "Latency": {"unit": "s", "min": 0.40900477208197117, "p50": 2.541819531004876, "p90": 6.669056549877859, "p95": 7.073898965353145, "p99": 9.095081595863448, "max": 9.401037454954349}, "Throughput": {"unit": "tokens/s", "min": 6.030188528793404, "p50": 69.40717749757297, "p90": 100.61421164447222, "p95": 104.77851127182979, "p99": 114.10809619732538, "max": 115.02689646561593}, "TTFT": {"unit": "s", "min": 0.06166742602363229, "p50": 0.4986882419907488, "p90": 2.0790345886838617, "p95": 2.5083696261048316, "p99": 3.7660495731455734, "max": 3.914359900983982}, "TPOT": {"unit": "ms", "min": 5.781157925311063, "p50": 11.060626233750066, "p90": 26.683273568606687, "p95": 28.27504249132369, "p99": 29.384012336476502, "max": 32.330439129333584}, "Input Tokens per Minute": {"unit": "tokens/min", "min": 854063.2597239614, "p50": 854063.2597239614, "p90": 854063.2597239614, "p95": 854063.2597239614, "p99": 854063.2597239614, "max": 854063.2597239614}, "Output Tokens per Minute": {"unit": "tokens/min", "min": 36133.01375578052, "p50": 36133.01375578052, "p90": 36133.01375578052, "p95": 36133.01375578052, "p99": 36133.01375578052, "max": 36133.01375578052}}
{"actual_qps": 3.444375725950032, "success_rate": 100.0, "input_tokens": 4308, "output_tokens": 171, "model": "meta-llama/Llama-3.1-8B-Instruct", "input_tokens_per_minute": 879862.5993608908, "output_tokens_per_minute": 34986.01077424824, "Latency": {"unit": "s", "min": 0.4964040139457211, "p50": 2.6792521870229393, "p90": 6.436936788959429, "p95": 7.079404316958971, "p99": 7.481124769244343, "max": 8.295852705021389}, "Throughput": {"unit": "tokens/s", "min": 6.032803940524975, "p50": 62.23530871789828, "p90": 99.0286380889131, "p95": 103.27196239910674, "p99": 113.72779054708772, "max": 126.96685578844338}, "TTFT": {"unit": "s", "min": 0.05649449198972434, "p50": 0.6112805319717154, "p90": 1.9633679380640388, "p95": 2.5919431615038775, "p99": 3.3913399777607993, "max": 3.49856599397026}, "TPOT": {"unit": "ms", "min": 7.538490773684079, "p50": 11.829645310099872, "p90": 24.88661155773879, "p95": 28.11466724640597, "p99": 32.36167746781737, "max": 36.902892904049935}, "Input Tokens per Minute": {"unit": "tokens/min", "min": 879862.5993608908, "p50": 879862.5993608908, "p90": 879862.5993608908, "p95": 879862.5993608908, "p99": 879862.5993608908, "max": 879862.5993608908}, "Output Tokens per Minute": {"unit": "tokens/min", "min": 34986.01077424824, "p50": 34986.01077424824, "p90": 34986.01077424824, "p95": 34986.01077424824, "p99": 34986.01077424824, "max": 34986.01077424824}}
{"actual_qps": 3.3179552218055273, "success_rate": 100.0, "input_tokens": 4138, "output_tokens": 177, "model": "meta-llama/Llama-3.1-8B-Instruct", "input_tokens_per_minute": 837141.8199575924, "output_tokens_per_minute": 35856.18434420395, "Latency": {"unit": "s", "min": 0.3178514839382842, "p50": 2.3652205219259486, "p90": 6.298093984182925, "p95": 7.5535941034322605, "p99": 8.72446637239307, "max": 9.26361168094445}, "Throughput": {"unit": "tokens/s", "min": 6.137211375634403, "p50": 80.11587792837535, "p90": 97.45930282962142, "p95": 105.41297806922996, "p99": 115.88560367722133, "max": 123.26428417564802}, "TTFT": {"unit": "s", "min": 0.02602993801701814, "p50": 0.4174363110214472, "p90": 2.000638175522909, "p95": 2.426984829362482, "p99": 3.3464695441396883, "max": 5.446176426950842}, "TPOT": {"unit": "ms", "min": 7.646496381947593, "p50": 10.475900251741274, "p90": 23.747880391446294, "p95": 27.716380069102506, "p99": 33.004004488062655, "max": 36.432779704531036}, "Input Tokens per Minute": {"unit": "tokens/min", "min": 837141.8199575924, "p50": 837141.8199575924, "p90": 837141.8199575924, "p95": 837141.8199575924, "p99": 837141.8199575924, "max": 837141.8199575924}, "Output Tokens per Minute": {"unit": "tokens/min", "min": 35856.18434420395, "p50": 35856.18434420395, "p90": 35856.18434420395, "p95": 35856.18434420395, "p99": 35856.18434420395, "max": 35856.18434420395}}
{"actual_qps": 3.6229196456904798, "success_rate": 100.0, "input_tokens": 4186, "output_tokens": 176, "model": "meta-llama/Llama-3.1-8B-Instruct", "input_tokens_per_minute": 867206.8491638153, "output_tokens_per_minute": 36621.82093356432, "Latency": {"unit": "s", "min": 0.24483433703426272, "p50": 2.4831446759635583, "p90": 5.369934117770754, "p95": 6.083139749139081, "p99": 7.20966298440355, "max": 8.809066710993648}, "Throughput": {"unit": "tokens/s", "min": 7.69268360182007, "p50": 75.3903288858582, "p90": 101.71277590418516, "p95": 111.57210376630023, "p99": 119.98662076908373, "max": 125.09426895544927}, "TTFT": {"unit": "s", "min": 0.023359687998890877, "p50": 0.3263672780012712, "p90": 1.6155020854785114, "p95": 2.032139173900941, "p99": 3.4188396682171156, "max": 4.827989312005229}, "TPOT": {"unit": "ms", "min": 7.646267175647046, "p50": 11.240828965028697, "p90": 20.56301966200079, "p95": 24.080438434323405, "p99": 26.785738708506383, "max": 29.970534724380933},