{"target_qps": 5.0, "actual_qps": 3.7959852437771033, "success_rate": 100.0, "input_tokens": 186, "output_tokens": 297, "model": "meta-llama/Llama-3.1-8B-Instruct", "input_tokens_per_minute": 55870.09345794392, "output_tokens_per_minute": 89353.738317757, "Latency": {"unit": "s", "min": 0.42120212700683624, "p50": 2.4221858450328, "p90": 4.336799385090126, "p95": 4.554361675234395, "p99": 4.658674646512373, "max": 5.046031768026296}, "Throughput": {"unit": "tokens/s", "min": 59.45265780943387, "p50": 123.79168804157038, "p90": 127.72597499660083, "p95": 128.872705937711, "p99": 129.9439514286865, "max": 131.0202263221113}, "TTFT": {"unit": "s", "min": 0.014369910990353674, "p50": 0.025775560032343492, "p90": 0.058950388006633145, "p95": 0.10960381653858346, "p99": 0.2884006666735517, "max": 0.6056197980069555}, "TPOT": {"unit": "ms", "min": 7.6070604549976295, "p50": 7.99021442480351, "p90": 14.39519612732605, "p95": 14.810559088905439, "p99": 15.25975127490689, "max": 15.29876376914147}, "Input Tokens per Minute": {"unit": "tokens/min", "min": 55870.09345794392, "p50": 55870.09345794392, "p90": 55870.09345794392, "p95": 55870.09345794392, "p99": 55870.09345794392, "max": 55870.09345794392}, "Output Tokens per Minute": {"unit": "tokens/min", "min": 89353.738317757, "p50": 89353.738317757, "p90": 89353.738317757, "p95": 89353.738317757, "p99": 89353.738317757, "max": 89353.738317757}}
{"target_qps": 5.0, "actual_qps": 4.23204379305128, "success_rate": 100.0, "input_tokens": 234, "output_tokens": 299, "model": "meta-llama/Llama-3.1-8B-Instruct", "input_tokens_per_minute": 70474.28571428571, "output_tokens_per_minute": 89980.40816326531, "Latency": {"unit": "s", "min": 2.2917162259691395, "p50": 2.4637104459689, "p90": 4.466413630568422, "p95": 4.8338330420316185, "p99": 6.008912226564717, "max": 9.98381425300613}, "Throughput": {"unit": "tokens/s", "min": 30.04863596191905, "p50": 121.76755612286225, "p90": 126.79092184576294, "p95": 128.0784707443132, "p99": 129.75045858009872, "max": 130.286293849324}, "TTFT": {"unit": "s", "min": 0.014040675014257431, "p50": 0.028441232978366315, "p90": 0.08890801942907274, "p95": 0.17999482037266695, "p99": 1.0066016498766845, "max": 1.2714798370143399}, "TPOT": {"unit": "ms", "min": 7.2395281706949115, "p50": 8.135252137143588, "p90": 14.578643428040262, "p95": 15.27773709765271, "p99": 19.403294801500234, "max": 33.22403695641466}, "Input Tokens per Minute": {"unit": "tokens/min", "min": 70474.28571428571, "p50": 70474.28571428571, "p90": 70474.28571428571, "p95": 70474.28571428571, "p99": 70474.28571428571, "max": 70474.28571428571}, "Output Tokens per Minute": {"unit": "tokens/min", "min": 89980.40816326531, "p50": 89980.40816326531, "p90": 89980.40816326531, "p95": 89980.40816326531, "p99": 89980.40816326531, "max": 89980.40816326531}}
{"target_qps": 5.0, "actual_qps": 5.125608761155912, "success_rate": 100.0, "input_tokens": 261, "output_tokens": 298, "model": "meta-llama/Llama-3.1-8B-Instruct", "input_tokens_per_minute": 78335.47297297297, "output_tokens_per_minute": 89672.63513513513, "Latency": {"unit": "s", "min": 1.6903828660142608, "p50": 2.5589319450082257, "p90": 22.353979455510853, "p95": 23.6006619597174, "p99": 26.90601290514169, "max": 27.18670680100331}, "Throughput": {"unit": "tokens/s", "min": 10.547831564089444, "p50": 117.14338760096481, "p90": 125.7167307233428, "p95": 126.88053288024223, "p99": 129.64905439429185, "max": 130.05005953396036}, "TTFT": {"unit": "s", "min": 0.014813412970397621, "p50": 0.032420083502074704, "p90": 0.9098284400242846, "p95": 2.280310922273202, "p99": 3.9050330948608467, "max": 5.949818668013904}, "TPOT": {"unit": "ms", "min": 5.186430999914178, "p50": 8.406985127020558, "p90": 72.49124391459203, "p95": 77.08920971318156, "p99": 87.40213070206704, "max": 92.9699854745719}, "Input Tokens per Minute": {"unit": "tokens/min", "min": 78335.47297297297, "p50": 78335.47297297297, "p90": 78335.47297297297, "p95": 78335.47297297297, "p99": 78335.47297297297, "max": 78335.47297297297}, "Output Tokens per Minute": {"unit": "tokens/min", "min": 89672.63513513513, "p50": 89672.63513513513, "p90": 89672.63513513513, "p95": 89672.63513513513, "p99": 89672.63513513513, "max": 89672.63513513513}}
{"target_qps": 5.0, "actual_qps": 4.250592690091958, "success_rate": 100.0, "input_tokens": 239, "output_tokens": 298, "model": "meta-llama/Llama-3.1-8B-Instruct", "input_tokens_per_minute": 71912.25296442688, "output_tokens_per_minute": 89556.52173913043, "Latency": {"unit": "s", "min": 1.5033866920275614, "p50": 2.483120696968399, "p90": 27.548108831210993, "p95": 29.726835263019886, "p99": 37.40207269035978, "max": 38.456653033033945}, "Throughput": {"unit": "tokens/s", "min": 7.800990890764791, "p50": 120.81571401916348, "p90": 127.69146923312442, "p95": 128.8516005943845, "p99": 129.87951920559482, "max": 130.41764272449834}, "TTFT": {"unit": "s", "min": 0.015078108990564942, "p50": 0.030149290978442878, "p90": 1.4180878857732753, "p95": 2.357535203790757, "p99": 4.112410654141557, "max": 7.547385872981977}, "TPOT": {"unit": "ms", "min": 7.301061384591669, "p50": 8.119421842684003, "p90": 88.66703930306234, "p95": 94.64093066345474, "p99": 115.98453790419745, "max": 119.84162924076932}, "Input Tokens per Minute": {"unit": "tokens/min", "min": 71912.25296442688, "p50": 71912.25296442688, "p90": 71912.25296442688, "p95": 71912.25296442688, "p99": 71912.25296442688, "max": 71912.25296442688}, "Output Tokens per Minute": {"unit": "tokens/min", "min": 89556.52173913043, "p50": 89556.52173913043, "p90": 89556.52173913043, "p95": 89556.52173913043, "p99": 89556.52173913043, "max": 89556.52173913043}}
{"target_qps": 5.0, "actual_qps": 4.981686443205149, "success_rate": 99.67948717948718, "input_tokens": 240, "output_tokens": 297, "model": "meta-llama/Llama-3.1-8B-Instruct", "input_tokens_per_minute": 72154.34083601287, "output_tokens_per_minute": 89373.95498392283, "Latency": {"unit": "s", "min": 0.21164652396691963, "p50": 2.549233040015679, "p90": 22.369474083010573, "p95": 30.77451439597644, "p99": 36.64409995913738, "max": 38.40814617101569}, "Throughput": {"unit": "tokens/s", "min": 7.8108430087779634, "p50": 117.63269037455404, "p90": 125.61538195600488, "p95": 126.42646615955715, "p99": 127.29513078447053, "max": 128.2292665967539}, "TTFT": {"unit": "s", "min": 0.014358700951561332, "p50": 0.0304348660283722, "p90": 0.9050104980124161, "p95": 2.591335623001214, "p99": 6.893008936720396, "max": 9.95120750501519}, "TPOT": {"unit": "ms", "min": 7.1833552508443645, "p50": 8.42930628418966, "p90": 70.74141935784102, "p95": 99.77593080089645, "p99": 115.61276316226153, "max": 126.79975904679286}, "Input Tokens per Minute": {"unit": "tokens/min", "min": 72154.34083601287, "p50": 72154.34083601287, "p90": 72154.34083601287, "p95": 72154.34083601287, "p99": 72154.34083601287, "max": 72154.34083601287}, "Output Tokens per Minute": {"unit": "tokens/min", "min": 89373.95498392283, "p50": 89373.95498392283, "p90": 89373.95498392283, "p95": 89373.95498392283, "p99": 89373.95498392283, "max": 89373.95498392283}, "exceptions": {"Error code: 400 - {'object': 'error', 'message': \"This model's maximum context length is 10000 tokens. However, you requested 29705 tokens (29405 in the messages, 300 in the completion). Please reduce the length of the messages or completion.\", 'type': 'BadRequestError', 'param': None, 'code': 400}": 1}}
{"target_qps": 5.0, "actual_qps": 5.0315902198271685, "success_rate": 99.65034965034964, "input_tokens": 191, "output_tokens": 299, "model": "meta-llama/Llama-3.1-8B-Instruct", "input_tokens_per_minute": 57560.0, "output_tokens_per_minute": 89725.26315789475, "Latency": {"unit": "s", "min": 1.5785662550479174, "p50": 2.489013018028345, "p90": 48.15751278499374, "p95": 53.29853055981221, "p99": 55.943500368832616, "max": 57.122205490013584}, "Throughput": {"unit": "tokens/s", "min": 5.014534546035981, "p50": 120.26377150114655, "p90": 126.03590619004787,