{"target_qps": 3.5, "actual_qps": 3.204035577328333, "success_rate": 100.0, "input_tokens": 175, "output_tokens": 349, "model": "meta-llama/Llama-3.1-8B-Instruct", "input_tokens_per_minute": 36883.98773006135, "output_tokens_per_minute": 73481.96319018405, "Latency": {"unit": "s", "min": 2.828180349082686, "p50": 3.059213966014795, "p90": 24.146196130919293, "p95": 29.64739327707794, "p99": 33.02929316475987, "max": 34.71522238000762}, "Throughput": {"unit": "tokens/s", "min": 10.082032491935406, "p50": 114.40847351254126, "p90": 120.22287512808578, "p95": 121.02427128453687, "p99": 122.51293385331844, "max": 123.75448408497772}, "TTFT": {"unit": "s", "min": 0.01897662994451821, "p50": 0.05509451893158257, "p90": 1.7491659608436807, "p95": 3.0693025966058487, "p99": 8.265049010205537, "max": 14.551113991998136}, "TPOT": {"unit": "ms", "min": 7.8595890113176585, "p50": 8.494597593836708, "p90": 57.56900219198714, "p95": 80.84369812095353, "p99": 92.07330730436156, "max": 92.71028138968005}, "Input Tokens per Minute": {"unit": "tokens/min", "min": 36883.98773006135, "p50": 36883.98773006135, "p90": 36883.98773006135, "p95": 36883.98773006135, "p99": 36883.98773006135, "max": 36883.98773006135}, "Output Tokens per Minute": {"unit": "tokens/min", "min": 73481.96319018405, "p50": 73481.96319018405, "p90": 73481.96319018405, "p95": 73481.96319018405, "p99": 73481.96319018405, "max": 73481.96319018405}}
{"target_qps": 3.5, "actual_qps": 3.0976145833494804, "success_rate": 100.0, "input_tokens": 177, "output_tokens": 350, "model": "meta-llama/Llama-3.1-8B-Instruct", "input_tokens_per_minute": 37360.3125, "output_tokens_per_minute": 73500.0, "Latency": {"unit": "s", "min": 2.810385170043446, "p50": 3.004214968997985, "p90": 22.648321888293136, "p95": 28.359630338469284, "p99": 33.471097598273765, "max": 34.78865002200473}, "Throughput": {"unit": "tokens/s", "min": 10.06075256667378, "p50": 116.50318484077218, "p90": 120.31580202117287, "p95": 121.33871992865537, "p99": 123.7694028750905, "max": 124.5380895582328}, "TTFT": {"unit": "s", "min": 0.018677776912227273, "p50": 0.03384259401354939, "p90": 0.6942085706396016, "p95": 5.117097734066183, "p99": 7.746155139608309, "max": 9.895373196923174}, "TPOT": {"unit": "ms", "min": 7.832553802074113, "p50": 8.47161746564532, "p90": 55.07853522644589, "p95": 65.40601157695367, "p99": 86.6466718744773, "max": 92.7538872665771}, "Input Tokens per Minute": {"unit": "tokens/min", "min": 37360.3125, "p50": 37360.3125, "p90": 37360.3125, "p95": 37360.3125, "p99": 37360.3125, "max": 37360.3125}, "Output Tokens per Minute": {"unit": "tokens/min", "min": 73500.0, "p50": 73500.0, "p90": 73500.0, "p95": 73500.0, "p99": 73500.0, "max": 73500.0}}
{"target_qps": 3.5, "actual_qps": 3.0994936463665796, "success_rate": 100.0, "input_tokens": 182, "output_tokens": 348, "model": "meta-llama/Llama-3.1-8B-Instruct", "input_tokens_per_minute": 38301.49253731343, "output_tokens_per_minute": 73193.88059701493, "Latency": {"unit": "s", "min": 2.807022533030249, "p50": 2.9884193460457027, "p90": 25.73939945991151, "p95": 27.38706479303073, "p99": 38.84551356500015, "max": 47.17232503206469}, "Throughput": {"unit": "tokens/s", "min": 7.419604604227005, "p50": 117.1187706514892, "p90": 120.32694230131692, "p95": 121.50688623060701, "p99": 123.73354732572841, "max": 124.68727838182562}, "TTFT": {"unit": "s", "min": 0.017198657034896314, "p50": 0.02837906195782125, "p90": 2.3110658759251237, "p95": 3.1158552310662344, "p99": 14.244742898037657, "max": 21.61253301904071}, "TPOT": {"unit": "ms", "min": 7.974756114721234, "p50": 8.476647856594584, "p90": 67.53486182532649, "p95": 77.16490982539344, "p99": 97.71702745842633, "max": 114.94775422926148}, "Input Tokens per Minute": {"unit": "tokens/min", "min": 38301.49253731343, "p50": 38301.49253731343, "p90": 38301.49253731343, "p95": 38301.49253731343, "p99": 38301.49253731343, "max": 38301.49253731343}, "Output Tokens per Minute": {"unit": "tokens/min", "min": 73193.88059701493, "p50": 73193.88059701493, "p90": 73193.88059701493, "p95": 73193.88059701493, "p99": 73193.88059701493, "max": 73193.88059701493}}
{"target_qps": 3.5, "actual_qps": 3.6959460823971986, "success_rate": 100.0, "input_tokens": 180, "output_tokens": 349, "model": "meta-llama/Llama-3.1-8B-Instruct", "input_tokens_per_minute": 42293.31366710876, "output_tokens_per_minute": 81905.54305228866, "Latency": {"unit": "s", "min": 2.201359167927876, "p50": 2.9810961979674175, "p90": 24.23323970274069, "p95": 31.121134087676154, "p99": 42.68751005046994, "max": 48.89732041594107}, "Throughput": {"unit": "tokens/s", "min": 7.157856443313326, "p50": 117.40323440476169, "p90": 120.94384523391649, "p95": 122.12606967789918, "p99": 123.84801234403709, "max": 124.00870760855581}, "TTFT": {"unit": "s", "min": 0.016402874956838787, "p50": 0.028440529014915228, "p90": 2.4721811551833532, "p95": 4.839662974211379, "p99": 12.67612261411267, "max": 17.808487405069172}, "TPOT": {"unit": "ms", "min": 8.024830945545974, "p50": 8.464994438374175, "p90": 61.85870764191319, "p95": 76.83803224869413, "p99": 96.19514107310538, "max": 118.15017310036532}, "Input Tokens per Minute": {"unit": "tokens/min", "min": 42293.31366710876, "p50": 42293.31366710876, "p90": 42293.31366710876, "p95": 42293.31366710876, "p99": 42293.31366710876, "max": 42293.31366710876}, "Output Tokens per Minute": {"unit": "tokens/min", "min": 81905.54305228866, "p50": 81905.54305228866, "p90": 81905.54305228866, "p95": 81905.54305228866, "p99": 81905.54305228866, "max": 81905.54305228866}}
{"target_qps": 3.5, "actual_qps": 3.9796463141968412, "success_rate": 100.0, "input_tokens": 149, "output_tokens": 349, "model": "meta-llama/Llama-3.1-8B-Instruct", "input_tokens_per_minute": 31343.299492385788, "output_tokens_per_minute": 73360.35532994923, "Latency": {"unit": "s", "min": 2.7813310319324955, "p50": 2.9508481769589707, "p90": 18.57607025937177, "p95": 23.07909927784929, "p99": 32.08906831614207, "max": 33.96020845102612}, "Throughput": {"unit": "tokens/s", "min": 10.306179377689439, "p50": 118.60996534247194, "p90": 121.95256252240627, "p95": 122.53769190107727, "p99": 124.5685085773533, "max": 125.8390302993947}, "TTFT": {"unit": "s", "min": 0.016934820101596415, "p50": 0.02771887998096645, "p90": 0.6691519156331198, "p95": 4.732372976234182, "p99": 6.544303548489646, "max": 12.817268621060066}, "TPOT": {"unit": "ms", "min": 7.899865693209912, "p50": 8.375161518556277, "p90": 51.09518939425053, "p95": 60.38099356211804, "p99": 79.69904994704143, "max": 89.64969010030941}, "Input Tokens per Minute": {"unit": "tokens/min", "min": 31343.299492385788, "p50": 31343.299492385788, "p90": 31343.299492385788, "p95": 31343.299492385788, "p99": 31343.299492385788, "max": 31343.299492385788}, "Output Tokens per Minute": {"unit": "tokens/min", "min": 73360.35532994923, "p50": 73360.35532994923, "p90": 73360.35532994923, "p95": 73360.35532994923, "p99": 73360.35532994923, "max": 73360.35532994923}}
{"target_qps": 3.5, "actual_qps": 3.8094220971569355, "success_rate": 100.0, "input_tokens": 130, "output_tokens": 350, "model": "meta-llama/Llama-3.1-8B-Instruct", "input_tokens_per_minute": 27460.46153846154, "output_tokens_per_minute": 73500.0, "Latency": {"unit": "s", "min": 2.782525505986996, "p50": 3.0581732119899243, "p90": 22.033627723995597, "p95": 28.953164521115816, "p99": 39.295297592652496, "max": 39.46928470802959}, "Throughput": {"unit": "tokens/s", "min": 8.867655002848236, "p50": 114.4474088739592, "p90": 121.94093851673976, "p95": 122.90905682723496, "p99": 125.16719411167429, "max": 125.78501050463892}, "TTFT": {"unit": "s", "min": 0.015444590942934155, "p50": 0.029103336040861905, "p90": 2.5122822168283165, "p95": 4.975776087143456, "p99": 13.282653828717306, "max": 19.172026659944095}, "TPOT": {"unit": "ms", "min": 7.683229401179277, "p50": 8.661390418309537, "p90": 58.32939259147533, "p95": 74.629083416861, "p99": 84.77668218603519, "max": 91.29967252132789},